=== Voxceleron2 Engine Log Started ===
Started at: 2026-04-18 13:43:47
Minimum log level: 0
======================================

[13:43:47.595] [INFO] [24424] [Core.cpp:37] [Oreginum::Core::initialize] Initializing Voxceleron2 Engine
[13:43:47.595] [INFO] [24424] [Core.cpp:38] [Oreginum::Core::initialize] Title: Voxceleron2, Resolution: 1920x1080
[13:43:47.595] [INFO] [24424] [Core.cpp:39] [Oreginum::Core::initialize] VSync: disabled
[13:43:47.595] [INFO] [24424] [Core.cpp:40] [Oreginum::Core::initialize] Debug mode: disabled
[13:43:47.597] [DEBUG] [24424] [Core.cpp:50] [Oreginum::Core::initialize] Screen resolution: 1920x1200
[13:43:47.597] [DEBUG] [24424] [Core.cpp:51] [Oreginum::Core::initialize] Refresh rate: 59 Hz
[13:43:47.597] [INFO] [24424] [Window.cpp:56] [Oreginum::Window::initialize] Initializing window
[13:43:47.597] [DEBUG] [24424] [Window.cpp:57] [Oreginum::Window::initialize] Window title: Voxceleron2
[13:43:47.597] [DEBUG] [24424] [Window.cpp:58] [Oreginum::Window::initialize] Window resolution: 1920x1080
[13:43:47.597] [DEBUG] [24424] [Window.cpp:59] [Oreginum::Window::initialize] Debug console: disabled
[13:43:47.597] [DEBUG] [24424] [Window.cpp:74] [Oreginum::Window::initialize] Registering window class
[13:43:47.597] [DEBUG] [24424] [Window.cpp:92] [Oreginum::Window::initialize] Window position: (0, 60)
[13:43:47.597] [DEBUG] [24424] [Window.cpp:94] [Oreginum::Window::initialize] Creating window
[13:43:47.624] [DEBUG] [24424] [Window.cpp:37] [`anonymous-namespace'::window_callback] Window gained focus
[13:43:47.625] [INFO] [24424] [Window.cpp:103] [Oreginum::Window::initialize] Window created successfully
[13:43:47.626] [INFO] [24424] [Renderer Core.cpp:71] [Oreginum::Renderer_Core::initialize] Initializing Renderer Core
[13:43:47.626] [DEBUG] [24424] [Renderer Core.cpp:72] [Oreginum::Renderer_Core::initialize] Timer 'Renderer Core initialization' started
[13:43:47.626] [DEBUG] [24424] [Renderer Core.cpp:75] [Oreginum::Renderer_Core::initialize] Creating Vulkan instance
[13:43:47.744] [DEBUG] [24424] [Renderer Core.cpp:77] [Oreginum::Renderer_Core::initialize] Vulkan instance created
[13:43:47.744] [DEBUG] [24424] [Renderer Core.cpp:79] [Oreginum::Renderer_Core::initialize] Creating Vulkan surface
[13:43:47.744] [DEBUG] [24424] [Renderer Core.cpp:81] [Oreginum::Renderer_Core::initialize] Vulkan surface created
[13:43:47.744] [DEBUG] [24424] [Renderer Core.cpp:83] [Oreginum::Renderer_Core::initialize] Creating Vulkan device
[13:43:47.744] [INFO] [24424] [Device.cpp:12] [Oreginum::Vulkan::Device::Device] Creating Vulkan device
[13:43:47.744] [DEBUG] [24424] [Device.cpp:13] [Oreginum::Vulkan::Device::Device] Timer 'Device initialization' started
[13:43:47.744] [DEBUG] [24424] [Device.cpp:105] [Oreginum::Vulkan::Device::select_gpu] Enumerating available GPUs
[13:43:47.746] [INFO] [24424] [Device.cpp:115] [Oreginum::Vulkan::Device::select_gpu] Found 2 GPU(s)
[13:43:47.746] [DEBUG] [24424] [Device.cpp:66] [Oreginum::Vulkan::Device::get_gpu_information]   GPU API version: 1.4.323
[13:43:47.746] [DEBUG] [24424] [Device.cpp:67] [Oreginum::Vulkan::Device::get_gpu_information]   GPU driver version: 1661861
[13:43:47.746] [DEBUG] [24424] [Device.cpp:68] [Oreginum::Vulkan::Device::get_gpu_information]   GPU vendor ID: 32902
[13:43:47.746] [DEBUG] [24424] [Device.cpp:72] [Oreginum::Vulkan::Device::get_gpu_information]   Supported extensions: 148
[13:43:47.746] [DEBUG] [24424] [Device.cpp:78] [Oreginum::Vulkan::Device::get_gpu_information]   Queue families: 2
[13:43:47.746] [DEBUG] [24424] [Device.cpp:86] [Oreginum::Vulkan::Device::get_gpu_information]     Queue family 0: Graphics (queues: 1)
[13:43:47.746] [DEBUG] [24424] [Device.cpp:94] [Oreginum::Vulkan::Device::get_gpu_information]     Queue family 0: Present support
[13:43:47.746] [DEBUG] [24424] [Device.cpp:50] [Oreginum::Vulkan::Device::get_gpu_swapchain_information]   Querying swapchain capabilities
[13:43:47.746] [DEBUG] [24424] [Device.cpp:54] [Oreginum::Vulkan::Device::get_gpu_swapchain_information]   Surface formats: 4
[13:43:47.747] [DEBUG] [24424] [Device.cpp:55] [Oreginum::Vulkan::Device::get_gpu_swapchain_information]   Present modes: 2
[13:43:47.747] [DEBUG] [24424] [Device.cpp:126] [Oreginum::Vulkan::Device::select_gpu] Evaluating GPU: Intel(R) UHD Graphics
[13:43:47.747] [DEBUG] [24424] [Device.cpp:136] [Oreginum::Vulkan::Device::select_gpu]   Integrated GPU - +0 rating
[13:43:47.747] [DEBUG] [24424] [Device.cpp:159] [Oreginum::Vulkan::Device::select_gpu]   Shared graphics/present queue - +1 rating
[13:43:47.747] [DEBUG] [24424] [Device.cpp:191] [Oreginum::Vulkan::Device::select_gpu]   Mailbox present mode not supported, skipping
[13:43:47.747] [DEBUG] [24424] [Device.cpp:66] [Oreginum::Vulkan::Device::get_gpu_information]   GPU API version: 1.4.312
[13:43:47.747] [DEBUG] [24424] [Device.cpp:67] [Oreginum::Vulkan::Device::get_gpu_information]   GPU driver version: 2438447104
[13:43:47.747] [DEBUG] [24424] [Device.cpp:68] [Oreginum::Vulkan::Device::get_gpu_information]   GPU vendor ID: 4318
[13:43:47.747] [DEBUG] [24424] [Device.cpp:72] [Oreginum::Vulkan::Device::get_gpu_information]   Supported extensions: 231
[13:43:47.747] [DEBUG] [24424] [Device.cpp:78] [Oreginum::Vulkan::Device::get_gpu_information]   Queue families: 5
[13:43:47.747] [DEBUG] [24424] [Device.cpp:86] [Oreginum::Vulkan::Device::get_gpu_information]     Queue family 0: Graphics (queues: 16)
[13:43:47.747] [DEBUG] [24424] [Device.cpp:94] [Oreginum::Vulkan::Device::get_gpu_information]     Queue family 0: Present support
[13:43:47.747] [DEBUG] [24424] [Device.cpp:50] [Oreginum::Vulkan::Device::get_gpu_swapchain_information]   Querying swapchain capabilities
[13:43:47.750] [DEBUG] [24424] [Device.cpp:54] [Oreginum::Vulkan::Device::get_gpu_swapchain_information]   Surface formats: 5
[13:43:47.750] [DEBUG] [24424] [Device.cpp:55] [Oreginum::Vulkan::Device::get_gpu_swapchain_information]   Present modes: 5
[13:43:47.750] [DEBUG] [24424] [Device.cpp:126] [Oreginum::Vulkan::Device::select_gpu] Evaluating GPU: NVIDIA T1200 Laptop GPU
[13:43:47.750] [DEBUG] [24424] [Device.cpp:132] [Oreginum::Vulkan::Device::select_gpu]   Discrete GPU - +2 rating
[13:43:47.750] [DEBUG] [24424] [Device.cpp:159] [Oreginum::Vulkan::Device::select_gpu]   Shared graphics/present queue - +1 rating
[13:43:47.750] [DEBUG] [24424] [Device.cpp:205] [Oreginum::Vulkan::Device::select_gpu]   GPU rating: 3
[13:43:47.750] [DEBUG] [24424] [Device.cpp:66] [Oreginum::Vulkan::Device::get_gpu_information]   GPU API version: 1.4.312
[13:43:47.750] [DEBUG] [24424] [Device.cpp:67] [Oreginum::Vulkan::Device::get_gpu_information]   GPU driver version: 2438447104
[13:43:47.750] [DEBUG] [24424] [Device.cpp:68] [Oreginum::Vulkan::Device::get_gpu_information]   GPU vendor ID: 4318
[13:43:47.750] [DEBUG] [24424] [Device.cpp:72] [Oreginum::Vulkan::Device::get_gpu_information]   Supported extensions: 231
[13:43:47.750] [DEBUG] [24424] [Device.cpp:78] [Oreginum::Vulkan::Device::get_gpu_information]   Queue families: 5
[13:43:47.750] [DEBUG] [24424] [Device.cpp:86] [Oreginum::Vulkan::Device::get_gpu_information]     Queue family 0: Graphics (queues: 16)
[13:43:47.750] [DEBUG] [24424] [Device.cpp:94] [Oreginum::Vulkan::Device::get_gpu_information]     Queue family 0: Present support
[13:43:47.750] [DEBUG] [24424] [Device.cpp:50] [Oreginum::Vulkan::Device::get_gpu_swapchain_information]   Querying swapchain capabilities
[13:43:47.751] [DEBUG] [24424] [Device.cpp:54] [Oreginum::Vulkan::Device::get_gpu_swapchain_information]   Surface formats: 5
[13:43:47.751] [DEBUG] [24424] [Device.cpp:55] [Oreginum::Vulkan::Device::get_gpu_swapchain_information]   Present modes: 5
[13:43:47.751] [INFO] [24424] [Device.cpp:218] [Oreginum::Vulkan::Device::select_gpu] Selected GPU: NVIDIA T1200 Laptop GPU (Rating: 3)
[13:43:47.751] [DEBUG] [24424] [Device.cpp:223] [Oreginum::Vulkan::Device::create_device] Creating Vulkan logical device
[13:43:47.751] [DEBUG] [24424] [Device.cpp:236] [Oreginum::Vulkan::Device::create_device] Requested device features:
[13:43:47.751] [DEBUG] [24424] [Device.cpp:237] [Oreginum::Vulkan::Device::create_device]   Sampler anisotropy: enabled
[13:43:47.751] [DEBUG] [24424] [Device.cpp:238] [Oreginum::Vulkan::Device::create_device]   Shader storage image multisample: enabled
[13:43:47.751] [DEBUG] [24424] [Device.cpp:239] [Oreginum::Vulkan::Device::create_device]   Sample rate shading: enabled
[13:43:47.751] [DEBUG] [24424] [Device.cpp:249] [Oreginum::Vulkan::Device::create_device] Requested device extensions: 1
[13:43:47.751] [DEBUG] [24424] [Device.cpp:250] [Oreginum::Vulkan::Device::create_device]   VK_KHR_swapchain
[13:43:47.805] [INFO] [24424] [Device.cpp:264] [Oreginum::Vulkan::Device::create_device] Vulkan logical device created successfully
[13:43:47.805] [DEBUG] [24424] [Device.cpp:265] [Oreginum::Vulkan::Device::create_device] Graphics queue family: 0
[13:43:47.805] [DEBUG] [24424] [Device.cpp:266] [Oreginum::Vulkan::Device::create_device] Present queue family: 0
[13:43:47.805] [DEBUG] [24424] [Device.cpp:267] [Oreginum::Vulkan::Device::create_device] Queues retrieved successfully
[13:43:47.805] [INFO] [24424] [Device.cpp:18] [Oreginum::Vulkan::Device::Device] Vulkan device created successfully
[13:43:47.805] [DEBUG] [24424] [Device.cpp:13] [Oreginum::Vulkan::Device::Device] Timer 'Device initialization' completed in 60625 microseconds
[13:43:47.805] [DEBUG] [24424] [Renderer Core.cpp:85] [Oreginum::Renderer_Core::initialize] Vulkan device created
[13:43:47.805] [DEBUG] [24424] [Renderer Core.cpp:87] [Oreginum::Renderer_Core::initialize] Creating command pools
[13:43:47.805] [DEBUG] [24424] [Renderer Core.cpp:92] [Oreginum::Renderer_Core::initialize] Command pools created
[13:43:47.805] [DEBUG] [24424] [Renderer Core.cpp:99] [Oreginum::Renderer_Core::initialize] Uniform buffer padding calculated: 192 bytes (minimum offset: 64)
[13:43:47.805] [DEBUG] [24424] [Renderer Core.cpp:102] [Oreginum::Renderer_Core::initialize] Creating static descriptor pool
[13:43:47.805] [DEBUG] [24424] [Renderer Core.cpp:105] [Oreginum::Renderer_Core::initialize] Creating uniform descriptor set
[13:43:47.805] [DEBUG] [24424] [Renderer Core.cpp:108] [Oreginum::Renderer_Core::initialize] Creating texture descriptor set
[13:43:47.805] [DEBUG] [24424] [Renderer Core.cpp:111] [Oreginum::Renderer_Core::initialize] Static descriptors created
[13:43:47.805] [DEBUG] [24424] [Renderer Core.cpp:113] [Oreginum::Renderer_Core::initialize] Creating uniform buffer
[13:43:47.805] [DEBUG] [24424] [Renderer Core.cpp:161] [Oreginum::Renderer_Core::create_uniform_buffer] Skipping uniform buffer creation (no renderables)
[13:43:47.805] [DEBUG] [24424] [Renderer Core.cpp:115] [Oreginum::Renderer_Core::initialize] Creating descriptors
[13:43:47.805] [DEBUG] [24424] [Renderer Core.cpp:119] [Oreginum::Renderer_Core::initialize] Initializing main renderer
[13:43:47.805] [INFO] [24424] [Main Renderer.cpp:288] [Oreginum::Main_Renderer::initialize] Initializing main renderer
[13:43:47.805] [DEBUG] [24424] [Main Renderer.cpp:289] [Oreginum::Main_Renderer::initialize] Timer 'Main renderer initialization' started
[13:43:47.805] [DEBUG] [24424] [Main Renderer.cpp:294] [Oreginum::Main_Renderer::initialize] Window resolution: 1920x1080
[13:43:47.805] [DEBUG] [24424] [Main Renderer.cpp:295] [Oreginum::Main_Renderer::initialize] Bloom resolution: 192x108
[13:43:47.805] [INFO] [24424] [Swapchain.cpp:11] [Oreginum::Vulkan::Swapchain::initialize] Initializing Vulkan swapchain
[13:43:47.805] [DEBUG] [24424] [Swapchain.cpp:12] [Oreginum::Vulkan::Swapchain::initialize] Timer 'Swapchain initialization' started
[13:43:47.805] [DEBUG] [24424] [Swapchain.cpp:15] [Oreginum::Vulkan::Swapchain::initialize] Updating device surface capabilities
[13:43:47.805] [DEBUG] [24424] [Device.cpp:50] [Oreginum::Vulkan::Device::get_gpu_swapchain_information]   Querying swapchain capabilities
[13:43:47.806] [DEBUG] [24424] [Device.cpp:54] [Oreginum::Vulkan::Device::get_gpu_swapchain_information]   Surface formats: 5
[13:43:47.806] [DEBUG] [24424] [Device.cpp:55] [Oreginum::Vulkan::Device::get_gpu_swapchain_information]   Present modes: 5
[13:43:47.806] [DEBUG] [24424] [Swapchain.cpp:19] [Oreginum::Vulkan::Swapchain::initialize] Swapchain extent: 1920x1080
[13:43:47.806] [DEBUG] [24424] [Swapchain.cpp:20] [Oreginum::Vulkan::Swapchain::initialize] Min image count: 2
[13:43:47.806] [DEBUG] [24424] [Swapchain.cpp:21] [Oreginum::Vulkan::Swapchain::initialize] Max image count: 8
[13:43:47.806] [DEBUG] [24424] [Swapchain.cpp:22] [Oreginum::Vulkan::Swapchain::initialize] Current transform: 1
[13:43:47.806] [DEBUG] [24424] [Swapchain.cpp:25] [Oreginum::Vulkan::Swapchain::initialize] Creating swapchain with format: 44
[13:43:47.806] [DEBUG] [24424] [Swapchain.cpp:26] [Oreginum::Vulkan::Swapchain::initialize] Color space: 0
[13:43:47.806] [DEBUG] [24424] [Swapchain.cpp:45] [Oreginum::Vulkan::Swapchain::initialize] Using exclusive sharing mode (shared graphics/present queue)
[13:43:47.998] [INFO] [24424] [Swapchain.cpp:61] [Oreginum::Vulkan::Swapchain::initialize] Created swapchain with 2 images
[13:43:47.999] [INFO] [24424] [Swapchain.cpp:71] [Oreginum::Vulkan::Swapchain::initialize] Swapchain initialized successfully
[13:43:47.999] [DEBUG] [24424] [Swapchain.cpp:12] [Oreginum::Vulkan::Swapchain::initialize] Timer 'Swapchain initialization' completed in 193373 microseconds
[13:43:47.999] [DEBUG] [24424] [Main Renderer.cpp:398] [Oreginum::Main_Renderer::create_render_passes_and_pipelines] Creating render passes and pipelines
[13:43:47.999] [DEBUG] [24424] [Main Renderer.cpp:399] [Oreginum::Main_Renderer::create_render_passes_and_pipelines] Timer 'Render passes and pipelines creation' started
[13:43:47.999] [DEBUG] [24424] [Main Renderer.cpp:422] [Oreginum::Main_Renderer::create_render_passes_and_pipelines] Created multisample lighting render pass
[13:43:48.003] [DEBUG] [24424] [Main Renderer.cpp:472] [Oreginum::Main_Renderer::create_render_passes_and_pipelines] Render passes and pipelines created successfully
[13:43:48.003] [DEBUG] [24424] [Main Renderer.cpp:399] [Oreginum::Main_Renderer::create_render_passes_and_pipelines] Timer 'Render passes and pipelines creation' completed in 4020 microseconds
[13:43:48.029] [INFO] [24424] [Main Renderer.cpp:381] [Oreginum::Main_Renderer::initialize] Main renderer initialized successfully
[13:43:48.029] [DEBUG] [24424] [Main Renderer.cpp:289] [Oreginum::Main_Renderer::initialize] Timer 'Main renderer initialization' completed in 223688 microseconds
[13:43:48.029] [INFO] [24424] [Renderer Core.cpp:122] [Oreginum::Renderer_Core::initialize] Renderer Core initialized successfully
[13:43:48.029] [DEBUG] [24424] [Renderer Core.cpp:72] [Oreginum::Renderer_Core::initialize] Timer 'Renderer Core initialization' completed in 403205 microseconds
[13:43:48.029] [INFO] [24424] [Core.cpp:58] [Oreginum::Core::initialize] Core systems initialized successfully
[13:43:48.029] [INFO] [24424] [World.cpp:11] [Tetra::World::World] Initializing world system
[13:43:48.029] [DEBUG] [24424] [World.cpp:15] [Tetra::World::World] World parameters: THREADS=4, LOAD_DISTANCE=8, RENDER_DISTANCE=1, CHUNK_SIZE=128
[13:43:48.029] [DEBUG] [24424] [World.cpp:23] [Tetra::World::World] Initialized 4 worker threads
[13:43:48.029] [INFO] [24424] [World.cpp:32] [Tetra::World::World] Player spawn position: (0.000000, -100.000000, 0.000000)
[13:43:48.029] [INFO] [24424] [World.cpp:34] [Tetra::World::World] Initial chunk position: (0, -1, 0)
[13:43:48.030] [DEBUG] [24424] [World.cpp:137] [Tetra::World::load_chunk] Loaded chunk at (-8, -3, -8)
[13:43:48.030] [DEBUG] [24424] [World.cpp:137] [Tetra::World::load_chunk] Loaded chunk at (-8, -3, -7)
[13:43:48.031] [DEBUG] [24424] [World.cpp:137] [Tetra::World::load_chunk] Loaded chunk at (-8, -3, -6)
[13:43:48.031] [DEBUG] [24424] [World.cpp:137] [Tetra::World::load_chunk] Loaded chunk at (-8, -3, -5)
[13:43:48.032] [DEBUG] [24424] [World.cpp:137] [Tetra::World::load_chunk] Loaded chunk at (-8, -3, -4)
[13:43:48.033] [DEBUG] [24424] [World.cpp:137] [Tetra::World::load_chunk] Loaded chunk at (-8, -3, -3)
[13:43:48.033] [DEBUG] [24424] [World.cpp:137] [Tetra::World::load_chunk] Loaded chunk at (-8, -3, -2)
[13:43:48.034] [DEBUG] [24424] [World.cpp:137] [Tetra::World::load_chunk] Loaded chunk at (-8, -3, -1)
[13:43:48.034] [DEBUG] [24424] [World.cpp:137] [Tetra::World::load_chunk] Loaded chunk at (-8, -3, 0)
[13:43:48.035] [DEBUG] [24424] [World.cpp:137] [Tetra::World::load_chunk] Loaded chunk at (-8, -3, 1)
[13:43:48.036] [DEBUG] [24424] [World.cpp:137] [Tetra::World::load_chunk] Loaded chunk at (-8, -3, 2)
[13:43:48.036] [DEBUG] [24424] [World.cpp:137] [Tetra::World::load_chunk] Loaded chunk at (-8, -3, 3)
[13:43:48.037] [DEBUG] [24424] [World.cpp:137] [Tetra::World::load_chunk] Loaded chunk at (-8, -3, 4)
[13:43:48.037] [DEBUG] [24424] [World.cpp:137] [Tetra::World::load_chunk] Loaded chunk at (-8, -3, 5)
[13:43:48.038] [DEBUG] [24424] [World.cpp:137] [Tetra::World::load_chunk] Loaded chunk at (-8, -3, 6)
[13:43:48.039] [DEBUG] [24424] [World.cpp:137] [Tetra::World::load_chunk] Loaded chunk at (-8, -3, 7)
[13:43:48.040] [DEBUG] [24424] [World.cpp:137] [Tetra::World::load_chunk] Loaded chunk at (-8, -3, 8)
[13:43:48.040] [DEBUG] [24424] [World.cpp:137] [Tetra::World::load_chunk] Loaded chunk at (-8, -2, -8)
[13:43:48.041] [DEBUG] [24424] [World.cpp:137] [Tetra::World::load_chunk] Loaded chunk at (-8, -2, -7)
[13:43:48.041] [DEBUG] [24424] [World.cpp:137] [Tetra::World::load_chunk] Loaded chunk at (-8, -2, -6)
[13:43:48.042] [DEBUG] [24424] [World.cpp:137] [Tetra::World::load_chunk] Loaded chunk at (-8, -2, -5)
[13:43:48.042] [DEBUG] [24424] [World.cpp:137] [Tetra::World::load_chunk] Loaded chunk at (-8, -2, -4)
[13:43:48.043] [DEBUG] [24424] [World.cpp:137] [Tetra::World::load_chunk] Loaded chunk at (-8, -2, -3)
[13:43:48.044] [DEBUG] [24424] [World.cpp:137] [Tetra::World::load_chunk] Loaded chunk at (-8, -2, -2)
[13:43:48.044] [DEBUG] [24424] [World.cpp:137] [Tetra::World::load_chunk] Loaded chunk at (-8, -2, -1)
[13:43:48.045] [DEBUG] [24424] [World.cpp:137] [Tetra::World::load_chunk] Loaded chunk at (-8, -2, 0)
[13:43:48.045] [DEBUG] [24424] [World.cpp:137] [Tetra::World::load_chunk] Loaded chunk at (-8, -2, 1)
[13:43:48.046] [DEBUG] [24424] [World.cpp:137] [Tetra::World::load_chunk] Loaded chunk at (-8, -2, 2)
[13:43:48.047] [DEBUG] [24424] [World.cpp:137] [Tetra::World::load_chunk] Loaded chunk at (-8, -2, 3)
[13:43:48.047] [DEBUG] [24424] [World.cpp:137] [Tetra::World::load_chunk] Loaded chunk at (-8, -2, 4)
[13:43:48.048] [DEBUG] [24424] [World.cpp:137] [Tetra::World::load_chunk] Loaded chunk at (-8, -2, 5)
[13:43:48.048] [DEBUG] [24424] [World.cpp:137] [Tetra::World::load_chunk] Loaded chunk at (-8, -2, 6)
[13:43:48.049] [DEBUG] [24424] [World.cpp:137] [Tetra::World::load_chunk] Loaded chunk at (-8, -2, 7)
[13:43:48.049] [DEBUG] [24424] [World.cpp:137] [Tetra::World::load_chunk] Loaded chunk at (-8, -2, 8)
[13:43:48.050] [DEBUG] [24424] [World.cpp:137] [Tetra::World::load_chunk] Loaded chunk at (-8, -1, -8)
[13:43:48.051] [DEBUG] [24424] [World.cpp:137] [Tetra::World::load_chunk] Loaded chunk at (-8, -1, -7)
[13:43:48.051] [DEBUG] [24424] [World.cpp:137] [Tetra::World::load_chunk] Loaded chunk at (-8, -1, -6)
[13:43:48.052] [DEBUG] [24424] [World.cpp:137] [Tetra::World::load_chunk] Loaded chunk at (-8, -1, -5)
[13:43:48.052] [DEBUG] [24424] [World.cpp:137] [Tetra::World::load_chunk] Loaded chunk at (-8, -1, -4)
[13:43:48.053] [DEBUG] [24424] [World.cpp:137] [Tetra::World::load_chunk] Loaded chunk at (-8, -1, -3)
[13:43:48.053] [DEBUG] [24424] [World.cpp:137] [Tetra::World::load_chunk] Loaded chunk at (-8, -1, -2)
[13:43:48.054] [DEBUG] [24424] [World.cpp:137] [Tetra::World::load_chunk] Loaded chunk at (-8, -1, -1)
[13:43:48.055] [DEBUG] [24424] [World.cpp:137] [Tetra::World::load_chunk] Loaded chunk at (-8, -1, 0)
[13:43:48.055] [DEBUG] [24424] [World.cpp:137] [Tetra::World::load_chunk] Loaded chunk at (-8, -1, 1)
[13:43:48.056] [DEBUG] [24424] [World.cpp:137] [Tetra::World::load_chunk] Loaded chunk at (-8, -1, 2)
[13:43:48.057] [DEBUG] [24424] [World.cpp:137] [Tetra::World::load_chunk] Loaded chunk at (-8, -1, 3)
[13:43:48.057] [DEBUG] [24424] [World.cpp:137] [Tetra::World::load_chunk] Loaded chunk at (-8, -1, 4)
[13:43:48.058] [DEBUG] [24424] [World.cpp:137] [Tetra::World::load_chunk] Loaded chunk at (-8, -1, 5)
[13:43:48.058] [DEBUG] [24424] [World.cpp:137] [Tetra::World::load_chunk] Loaded chunk at (-8, -1, 6)
[13:43:48.059] [DEBUG] [24424] [World.cpp:137] [Tetra::World::load_chunk] Loaded chunk at (-8, -1, 7)
[13:43:48.059] [DEBUG] [24424] [World.cpp:137] [Tetra::World::load_chunk] Loaded chunk at (-8, -1, 8)
[13:43:48.060] [DEBUG] [24424] [World.cpp:137] [Tetra::World::load_chunk] Loaded chunk at (-8, 0, -8)
[13:43:48.060] [DEBUG] [24424] [World.cpp:137] [Tetra::World::load_chunk] Loaded chunk at (-8, 0, -7)
[13:43:48.061] [DEBUG] [24424] [World.cpp:137] [Tetra::World::load_chunk] Loaded chunk at (-8, 0, -6)
[13:43:48.062] [DEBUG] [24424] [World.cpp:137] [Tetra::World::load_chunk] Loaded chunk at (-8, 0, -5)
[13:43:48.062] [DEBUG] [24424] [World.cpp:137] [Tetra::World::load_chunk] Loaded chunk at (-8, 0, -4)
[13:43:48.063] [DEBUG] [24424] [World.cpp:137] [Tetra::World::load_chunk] Loaded chunk at (-8, 0, -3)
[13:43:48.063] [DEBUG] [24424] [World.cpp:137] [Tetra::World::load_chunk] Loaded chunk at (-8, 0, -2)
[13:43:48.064] [DEBUG] [24424] [World.cpp:137] [Tetra::World::load_chunk] Loaded chunk at (-8, 0, -1)
[13:43:48.064] [DEBUG] [24424] [World.cpp:137] [Tetra::World::load_chunk] Loaded chunk at (-8, 0, 0)
[13:43:48.065] [DEBUG] [24424] [World.cpp:137] [Tetra::World::load_chunk] Loaded chunk at (-8, 0, 1)
[13:43:48.066] [DEBUG] [24424] [World.cpp:137] [Tetra::World::load_chunk] Loaded chunk at (-8, 0, 2)
[13:43:48.066] [DEBUG] [24424] [World.cpp:137] [Tetra::World::load_chunk] Loaded chunk at (-8, 0, 3)
[13:43:48.067] [DEBUG] [24424] [World.cpp:137] [Tetra::World::load_chunk] Loaded chunk at (-8, 0, 4)
[13:43:48.067] [DEBUG] [24424] [World.cpp:137] [Tetra::World::load_chunk] Loaded chunk at (-8, 0, 5)
[13:43:48.068] [DEBUG] [24424] [World.cpp:137] [Tetra::World::load_chunk] Loaded chunk at (-8, 0, 6)
[13:43:48.068] [DEBUG] [24424] [World.cpp:137] [Tetra::World::load_chunk] Loaded chunk at (-8, 0, 7)
[13:43:48.069] [DEBUG] [24424] [World.cpp:137] [Tetra::World::load_chunk] Loaded chunk at (-8, 0, 8)
[13:43:48.069] [DEBUG] [24424] [World.cpp:137] [Tetra::World::load_chunk] Loaded chunk at (-8, 1, -8)
[13:43:48.070] [DEBUG] [24424] [World.cpp:137] [Tetra::World::load_chunk] Loaded chunk at (-8, 1, -7)
[13:43:48.071] [DEBUG] [24424] [World.cpp:137] [Tetra::World::load_chunk] Loaded chunk at (-8, 1, -6)
[13:43:48.071] [DEBUG] [24424] [World.cpp:137] [Tetra::World::load_chunk] Loaded chunk at (-8, 1, -5)
[13:43:48.072] [DEBUG] [24424] [World.cpp:137] [Tetra::World::load_chunk] Loaded chunk at (-8, 1, -4)
[13:43:48.072] [DEBUG] [24424] [World.cpp:137] [Tetra::World::load_chunk] Loaded chunk at (-8, 1, -3)
[13:43:48.073] [DEBUG] [24424] [World.cpp:137] [Tetra::World::load_chunk] Loaded chunk at (-8, 1, -2)
[13:43:48.073] [DEBUG] [24424] [World.cpp:137] [Tetra::World::load_chunk] Loaded chunk at (-8, 1, -1)
[13:43:48.074] [DEBUG] [24424] [World.cpp:137] [Tetra::World::load_chunk] Loaded chunk at (-8, 1, 0)
[13:43:48.075] [DEBUG] [24424] [World.cpp:137] [Tetra::World::load_chunk] Loaded chunk at (-8, 1, 1)
[13:43:48.075] [DEBUG] [24424] [World.cpp:137] [Tetra::World::load_chunk] Loaded chunk at (-8, 1, 2)
[13:43:48.076] [DEBUG] [24424] [World.cpp:137] [Tetra::World::load_chunk] Loaded chunk at (-8, 1, 3)
[13:43:48.076] [DEBUG] [24424] [World.cpp:137] [Tetra::World::load_chunk] Loaded chunk at (-8, 1, 4)
[13:43:48.077] [DEBUG] [24424] [World.cpp:137] [Tetra::World::load_chunk] Loaded chunk at (-8, 1, 5)
[13:43:48.077] [DEBUG] [24424] [World.cpp:137] [Tetra::World::load_chunk] Loaded chunk at (-8, 1, 6)
[13:43:48.078] [DEBUG] [24424] [World.cpp:137] [Tetra::World::load_chunk] Loaded chunk at (-8, 1, 7)
[13:43:48.078] [DEBUG] [24424] [World.cpp:137] [Tetra::World::load_chunk] Loaded chunk at (-8, 1, 8)
[13:43:48.079] [DEBUG] [24424] [World.cpp:137] [Tetra::World::load_chunk] Loaded chunk at (-7, -3, -8)
[13:43:48.079] [DEBUG] [24424] [World.cpp:137] [Tetra::World::load_chunk] Loaded chunk at (-7, -3, -7)
[13:43:48.080] [DEBUG] [24424] [World.cpp:137] [Tetra::World::load_chunk] Loaded chunk at (-7, -3, -6)
[13:43:48.081] [DEBUG] [24424] [World.cpp:137] [Tetra::World::load_chunk] Loaded chunk at (-7, -3, -5)
[13:43:48.081] [DEBUG] [24424] [World.cpp:137] [Tetra::World::load_chunk] Loaded chunk at (-7, -3, -4)
[13:43:48.082] [DEBUG] [24424] [World.cpp:137] [Tetra::World::load_chunk] Loaded chunk at (-7, -3, -3)
[13:43:48.082] [DEBUG] [24424] [World.cpp:137] [Tetra::World::load_chunk] Loaded chunk at (-7, -3, -2)
[13:43:48.083] [DEBUG] [24424] [World.cpp:137] [Tetra::World::load_chunk] Loaded chunk at (-7, -3, -1)
[13:43:48.084] [DEBUG] [24424] [World.cpp:137] [Tetra::World::load_chunk] Loaded chunk at (-7, -3, 0)
[13:43:48.084] [DEBUG] [24424] [World.cpp:137] [Tetra::World::load_chunk] Loaded chunk at (-7, -3, 1)
[13:43:48.085] [DEBUG] [24424] [World.cpp:137] [Tetra::World::load_chunk] Loaded chunk at (-7, -3, 2)
[13:43:48.086] [DEBUG] [24424] [World.cpp:137] [Tetra::World::load_chunk] Loaded chunk at (-7, -3, 3)
[13:43:48.087] [DEBUG] [24424] [World.cpp:137] [Tetra::World::load_chunk] Loaded chunk at (-7, -3, 4)
[13:43:48.088] [DEBUG] [24424] [World.cpp:137] [Tetra::World::load_chunk] Loaded chunk at (-7, -3, 5)
[13:43:48.089] [DEBUG] [24424] [World.cpp:137] [Tetra::World::load_chunk] Loaded chunk at (-7, -3, 6)
[13:43:48.089] [DEBUG] [24424] [World.cpp:137] [Tetra::World::load_chunk] Loaded chunk at (-7, -3, 7)
[13:43:48.090] [DEBUG] [24424] [World.cpp:137] [Tetra::World::load_chunk] Loaded chunk at (-7, -3, 8)
[13:43:48.091] [DEBUG] [24424] [World.cpp:137] [Tetra::World::load_chunk] Loaded chunk at (-7, -2, -8)
[13:43:48.092] [DEBUG] [24424] [World.cpp:137] [Tetra::World::load_chunk] Loaded chunk at (-7, -2, -7)
[13:43:48.092] [DEBUG] [24424] [World.cpp:137] [Tetra::World::load_chunk] Loaded chunk at (-7, -2, -6)
[13:43:48.093] [DEBUG] [24424] [World.cpp:137] [Tetra::World::load_chunk] Loaded chunk at (-7, -2, -5)
[13:43:48.094] [DEBUG] [24424] [World.cpp:137] [Tetra::World::load_chunk] Loaded chunk at (-7, -2, -4)
[13:43:48.095] [DEBUG] [24424] [World.cpp:137] [Tetra::World::load_chunk] Loaded chunk at (-7, -2, -3)
[13:43:48.095] [DEBUG] [24424] [World.cpp:137] [Tetra::World::load_chunk] Loaded chunk at (-7, -2, -2)
[13:43:48.096] [DEBUG] [24424] [World.cpp:137] [Tetra::World::load_chunk] Loaded chunk at (-7, -2, -1)
[13:43:48.097] [DEBUG] [24424] [World.cpp:137] [Tetra::World::load_chunk] Loaded chunk at (-7, -2, 0)
[13:43:48.098] [DEBUG] [24424] [World.cpp:137] [Tetra::World::load_chunk] Loaded chunk at (-7, -2, 1)
[13:43:48.098] [DEBUG] [24424] [World.cpp:137] [Tetra::World::load_chunk] Loaded chunk at (-7, -2, 2)
[13:43:48.099] [DEBUG] [24424] [World.cpp:137] [Tetra::World::load_chunk] Loaded chunk at (-7, -2, 3)
[13:43:48.100] [DEBUG] [24424] [World.cpp:137] [Tetra::World::load_chunk] Loaded chunk at (-7, -2, 4)
[13:43:48.101] [DEBUG] [24424] [World.cpp:137] [Tetra::World::load_chunk] Loaded chunk at (-7, -2, 5)
[13:43:48.102] [DEBUG] [24424] [World.cpp:137] [Tetra::World::load_chunk] Loaded chunk at (-7, -2, 6)
[13:43:48.102] [DEBUG] [24424] [World.cpp:137] [Tetra::World::load_chunk] Loaded chunk at (-7, -2, 7)
[13:43:48.103] [DEBUG] [24424] [World.cpp:137] [Tetra::World::load_chunk] Loaded chunk at (-7, -2, 8)
[13:43:48.104] [DEBUG] [24424] [World.cpp:137] [Tetra::World::load_chunk] Loaded chunk at (-7, -1, -8)
[13:43:48.105] [DEBUG] [24424] [World.cpp:137] [Tetra::World::load_chunk] Loaded chunk at (-7, -1, -7)
[13:43:48.106] [DEBUG] [24424] [World.cpp:137] [Tetra::World::load_chunk] Loaded chunk at (-7, -1, -6)
[13:43:48.106] [DEBUG] [24424] [World.cpp:137] [Tetra::World::load_chunk] Loaded chunk at (-7, -1, -5)
[13:43:48.107] [DEBUG] [24424] [World.cpp:137] [Tetra::World::load_chunk] Loaded chunk at (-7, -1, -4)
[13:43:48.108] [DEBUG] [24424] [World.cpp:137] [Tetra::World::load_chunk] Loaded chunk at (-7, -1, -3)
[13:43:48.109] [DEBUG] [24424] [World.cpp:137] [Tetra::World::load_chunk] Loaded chunk at (-7, -1, -2)
[13:43:48.110] [DEBUG] [24424] [World.cpp:137] [Tetra::World::load_chunk] Loaded chunk at (-7, -1, -1)
[13:43:48.110] [DEBUG] [24424] [World.cpp:137] [Tetra::World::load_chunk] Loaded chunk at (-7, -1, 0)
[13:43:48.111] [DEBUG] [24424] [World.cpp:137] [Tetra::World::load_chunk] Loaded chunk at (-7, -1, 1)
[13:43:48.112] [DEBUG] [24424] [World.cpp:137] [Tetra::World::load_chunk] Loaded chunk at (-7, -1, 2)
[13:43:48.113] [DEBUG] [24424] [World.cpp:137] [Tetra::World::load_chunk] Loaded chunk at (-7, -1, 3)
[13:43:48.113] [DEBUG] [24424] [World.cpp:137] [Tetra::World::load_chunk] Loaded chunk at (-7, -1, 4)
[13:43:48.114] [DEBUG] [24424] [World.cpp:137] [Tetra::World::load_chunk] Loaded chunk at (-7, -1, 5)
[13:43:48.115] [DEBUG] [24424] [World.cpp:137] [Tetra::World::load_chunk] Loaded chunk at (-7, -1, 6)
[13:43:48.116] [DEBUG] [24424] [World.cpp:137] [Tetra::World::load_chunk] Loaded chunk at (-7, -1, 7)
[13:43:48.117] [DEBUG] [24424] [World.cpp:137] [Tetra::World::load_chunk] Loaded chunk at (-7, -1, 8)
[13:43:48.118] [DEBUG] [24424] [World.cpp:137] [Tetra::World::load_chunk] Loaded chunk at (-7, 0, -8)
[13:43:48.118] [DEBUG] [24424] [World.cpp:137] [Tetra::World::load_chunk] Loaded chunk at (-7, 0, -7)
[13:43:48.119] [DEBUG] [24424] [World.cpp:137] [Tetra::World::load_chunk] Loaded chunk at (-7, 0, -6)
[13:43:48.120] [DEBUG] [24424] [World.cpp:137] [Tetra::World::load_chunk] Loaded chunk at (-7, 0, -5)
[13:43:48.121] [DEBUG] [24424] [World.cpp:137] [Tetra::World::load_chunk] Loaded chunk at (-7, 0, -4)
[13:43:48.122] [DEBUG] [24424] [World.cpp:137] [Tetra::World::load_chunk] Loaded chunk at (-7, 0, -3)
[13:43:48.124] [DEBUG] [24424] [World.cpp:137] [Tetra::World::load_chunk] Loaded chunk at (-7, 0, -2)
[13:43:48.125] [DEBUG] [24424] [World.cpp:137] [Tetra::World::load_chunk] Loaded chunk at (-7, 0, -1)
[13:43:48.127] [DEBUG] [24424] [World.cpp:137] [Tetra::World::load_chunk] Loaded chunk at (-7, 0, 0)
[13:43:48.129] [DEBUG] [24424] [World.cpp:137] [Tetra::World::load_chunk] Loaded chunk at (-7, 0, 1)
[13:43:48.131] [DEBUG] [24424] [World.cpp:137] [Tetra::World::load_chunk] Loaded chunk at (-7, 0, 2)
[13:43:48.133] [DEBUG] [24424] [World.cpp:137] [Tetra::World::load_chunk] Loaded chunk at (-7, 0, 3)
[13:43:48.134] [DEBUG] [24424] [World.cpp:137] [Tetra::World::load_chunk] Loaded chunk at (-7, 0, 4)
[13:43:48.135] [DEBUG] [24424] [World.cpp:137] [Tetra::World::load_chunk] Loaded chunk at (-7, 0, 5)
[13:43:48.136] [DEBUG] [24424] [World.cpp:137] [Tetra::World::load_chunk] Loaded chunk at (-7, 0, 6)
[13:43:48.137] [DEBUG] [24424] [World.cpp:137] [Tetra::World::load_chunk] Loaded chunk at (-7, 0, 7)
[13:43:48.138] [DEBUG] [24424] [World.cpp:137] [Tetra::World::load_chunk] Loaded chunk at (-7, 0, 8)
[13:43:48.138] [DEBUG] [24424] [World.cpp:137] [Tetra::World::load_chunk] Loaded chunk at (-7, 1, -8)
[13:43:48.139] [DEBUG] [24424] [World.cpp:137] [Tetra::World::load_chunk] Loaded chunk at (-7, 1, -7)
[13:43:48.140] [DEBUG] [24424] [World.cpp:137] [Tetra::World::load_chunk] Loaded chunk at (-7, 1, -6)
[13:43:48.141] [DEBUG] [24424] [World.cpp:137] [Tetra::World::load_chunk] Loaded chunk at (-7, 1, -5)
[13:43:48.142] [DEBUG] [24424] [World.cpp:137] [Tetra::World::load_chunk] Loaded chunk at (-7, 1, -4)
[13:43:48.143] [DEBUG] [24424] [World.cpp:137] [Tetra::World::load_chunk] Loaded chunk at (-7, 1, -3)
[13:43:48.144] [DEBUG] [24424] [World.cpp:137] [Tetra::World::load_chunk] Loaded chunk at (-7, 1, -2)
[13:43:48.145] [DEBUG] [24424] [World.cpp:137] [Tetra::World::load_chunk] Loaded chunk at (-7, 1, -1)
[13:43:48.146] [DEBUG] [24424] [World.cpp:137] [Tetra::World::load_chunk] Loaded chunk at (-7, 1, 0)
[13:43:48.147] [DEBUG] [24424] [World.cpp:137] [Tetra::World::load_chunk] Loaded chunk at (-7, 1, 1)
[13:43:48.148] [DEBUG] [24424] [World.cpp:137] [Tetra::World::load_chunk] Loaded chunk at (-7, 1, 2)
[13:43:48.149] [DEBUG] [24424] [World.cpp:137] [Tetra::World::load_chunk] Loaded chunk at (-7, 1, 3)
[13:43:48.150] [DEBUG] [24424] [World.cpp:137] [Tetra::World::load_chunk] Loaded chunk at (-7, 1, 4)
[13:43:48.151] [DEBUG] [24424] [World.cpp:137] [Tetra::World::load_chunk] Loaded chunk at (-7, 1, 5)
[13:43:48.152] [DEBUG] [24424] [World.cpp:137] [Tetra::World::load_chunk] Loaded chunk at (-7, 1, 6)
[13:43:48.153] [DEBUG] [24424] [World.cpp:137] [Tetra::World::load_chunk] Loaded chunk at (-7, 1, 7)
[13:43:48.154] [DEBUG] [24424] [World.cpp:137] [Tetra::World::load_chunk] Loaded chunk at (-7, 1, 8)
[13:43:48.155] [DEBUG] [24424] [World.cpp:137] [Tetra::World::load_chunk] Loaded chunk at (-6, -3, -8)
[13:43:48.155] [DEBUG] [24424] [World.cpp:137] [Tetra::World::load_chunk] Loaded chunk at (-6, -3, -7)
[13:43:48.156] [DEBUG] [24424] [World.cpp:137] [Tetra::World::load_chunk] Loaded chunk at (-6, -3, -6)
[13:43:48.157] [DEBUG] [24424] [World.cpp:137] [Tetra::World::load_chunk] Loaded chunk at (-6, -3, -5)
[13:43:48.158] [DEBUG] [24424] [World.cpp:137] [Tetra::World::load_chunk] Loaded chunk at (-6, -3, -4)
[13:43:48.160] [DEBUG] [24424] [World.cpp:137] [Tetra::World::load_chunk] Loaded chunk at (-6, -3, -3)
[13:43:48.160] [DEBUG] [24424] [World.cpp:137] [Tetra::World::load_chunk] Loaded chunk at (-6, -3, -2)
[13:43:48.161] [DEBUG] [24424] [World.cpp:137] [Tetra::World::load_chunk] Loaded chunk at (-6, -3, -1)
[13:43:48.162] [DEBUG] [24424] [World.cpp:137] [Tetra::World::load_chunk] Loaded chunk at (-6, -3, 0)
[13:43:48.163] [DEBUG] [24424] [World.cpp:137] [Tetra::World::load_chunk] Loaded chunk at (-6, -3, 1)
[13:43:48.164] [DEBUG] [24424] [World.cpp:137] [Tetra::World::load_chunk] Loaded chunk at (-6, -3, 2)
[13:43:48.165] [DEBUG] [24424] [World.cpp:137] [Tetra::World::load_chunk] Loaded chunk at (-6, -3, 3)
[13:43:48.166] [DEBUG] [24424] [World.cpp:137] [Tetra::World::load_chunk] Loaded chunk at (-6, -3, 4)
[13:43:48.166] [DEBUG] [24424] [World.cpp:137] [Tetra::World::load_chunk] Loaded chunk at (-6, -3, 5)
[13:43:48.167] [DEBUG] [24424] [World.cpp:137] [Tetra::World::load_chunk] Loaded chunk at (-6, -3, 6)
[13:43:48.168] [DEBUG] [24424] [World.cpp:137] [Tetra::World::load_chunk] Loaded chunk at (-6, -3, 7)
[13:43:48.169] [DEBUG] [24424] [World.cpp:137] [Tetra::World::load_chunk] Loaded chunk at (-6, -3, 8)
[13:43:48.170] [DEBUG] [24424] [World.cpp:137] [Tetra::World::load_chunk] Loaded chunk at (-6, -2, -8)
[13:43:48.171] [DEBUG] [24424] [World.cpp:137] [Tetra::World::load_chunk] Loaded chunk at (-6, -2, -7)
[13:43:48.172] [DEBUG] [24424] [World.cpp:137] [Tetra::World::load_chunk] Loaded chunk at (-6, -2, -6)
[13:43:48.173] [DEBUG] [24424] [World.cpp:137] [Tetra::World::load_chunk] Loaded chunk at (-6, -2, -5)
[13:43:48.174] [DEBUG] [24424] [World.cpp:137] [Tetra::World::load_chunk] Loaded chunk at (-6, -2, -4)
[13:43:48.175] [DEBUG] [24424] [World.cpp:137] [Tetra::World::load_chunk] Loaded chunk at (-6, -2, -3)
[13:43:48.176] [DEBUG] [24424] [World.cpp:137] [Tetra::World::load_chunk] Loaded chunk at (-6, -2, -2)
[13:43:48.176] [DEBUG] [24424] [World.cpp:137] [Tetra::World::load_chunk] Loaded chunk at (-6, -2, -1)
[13:43:48.177] [DEBUG] [24424] [World.cpp:137] [Tetra::World::load_chunk] Loaded chunk at (-6, -2, 0)
[13:43:48.178] [DEBUG] [24424] [World.cpp:137] [Tetra::World::load_chunk] Loaded chunk at (-6, -2, 1)
[13:43:48.179] [DEBUG] [24424] [World.cpp:137] [Tetra::World::load_chunk] Loaded chunk at (-6, -2, 2)
[13:43:48.180] [DEBUG] [24424] [World.cpp:137] [Tetra::World::load_chunk] Loaded chunk at (-6, -2, 3)
[13:43:48.181] [DEBUG] [24424] [World.cpp:137] [Tetra::World::load_chunk] Loaded chunk at (-6, -2, 4)
[13:43:48.182] [DEBUG] [24424] [World.cpp:137] [Tetra::World::load_chunk] Loaded chunk at (-6, -2, 5)
[13:43:48.183] [DEBUG] [24424] [World.cpp:137] [Tetra::World::load_chunk] Loaded chunk at (-6, -2, 6)
[13:43:48.184] [DEBUG] [24424] [World.cpp:137] [Tetra::World::load_chunk] Loaded chunk at (-6, -2, 7)
[13:43:48.185] [DEBUG] [24424] [World.cpp:137] [Tetra::World::load_chunk] Loaded chunk at (-6, -2, 8)
[13:43:48.186] [DEBUG] [24424] [World.cpp:137] [Tetra::World::load_chunk] Loaded chunk at (-6, -1, -8)
[13:43:48.186] [DEBUG] [24424] [World.cpp:137] [Tetra::World::load_chunk] Loaded chunk at (-6, -1, -7)
[13:43:48.187] [DEBUG] [24424] [World.cpp:137] [Tetra::World::load_chunk] Loaded chunk at (-6, -1, -6)
[13:43:48.189] [DEBUG] [24424] [World.cpp:137] [Tetra::World::load_chunk] Loaded chunk at (-6, -1, -5)
[13:43:48.190] [DEBUG] [24424] [World.cpp:137] [Tetra::World::load_chunk] Loaded chunk at (-6, -1, -4)
[13:43:48.191] [DEBUG] [24424] [World.cpp:137] [Tetra::World::load_chunk] Loaded chunk at (-6, -1, -3)
[13:43:48.192] [DEBUG] [24424] [World.cpp:137] [Tetra::World::load_chunk] Loaded chunk at (-6, -1, -2)
[13:43:48.193] [DEBUG] [24424] [World.cpp:137] [Tetra::World::load_chunk] Loaded chunk at (-6, -1, -1)
[13:43:48.194] [DEBUG] [24424] [World.cpp:137] [Tetra::World::load_chunk] Loaded chunk at (-6, -1, 0)
[13:43:48.195] [DEBUG] [24424] [World.cpp:137] [Tetra::World::load_chunk] Loaded chunk at (-6, -1, 1)
[13:43:48.196] [DEBUG] [24424] [World.cpp:137] [Tetra::World::load_chunk] Loaded chunk at (-6, -1, 2)
[13:43:48.197] [DEBUG] [24424] [World.cpp:137] [Tetra::World::load_chunk] Loaded chunk at (-6, -1, 3)
[13:43:48.198] [DEBUG] [24424] [World.cpp:137] [Tetra::World::load_chunk] Loaded chunk at (-6, -1, 4)
[13:43:48.199] [DEBUG] [24424] [World.cpp:137] [Tetra::World::load_chunk] Loaded chunk at (-6, -1, 5)
[13:43:48.200] [DEBUG] [24424] [World.cpp:137] [Tetra::World::load_chunk] Loaded chunk at (-6, -1, 6)
[13:43:48.201] [DEBUG] [24424] [World.cpp:137] [Tetra::World::load_chunk] Loaded chunk at (-6, -1, 7)
[13:43:48.202] [DEBUG] [24424] [World.cpp:137] [Tetra::World::load_chunk] Loaded chunk at (-6, -1, 8)
[13:43:48.203] [DEBUG] [24424] [World.cpp:137] [Tetra::World::load_chunk] Loaded chunk at (-6, 0, -8)
[13:43:48.204] [DEBUG] [24424] [World.cpp:137] [Tetra::World::load_chunk] Loaded chunk at (-6, 0, -7)
[13:43:48.205] [DEBUG] [24424] [World.cpp:137] [Tetra::World::load_chunk] Loaded chunk at (-6, 0, -6)
[13:43:48.206] [DEBUG] [24424] [World.cpp:137] [Tetra::World::load_chunk] Loaded chunk at (-6, 0, -5)
[13:43:48.207] [DEBUG] [24424] [World.cpp:137] [Tetra::World::load_chunk] Loaded chunk at (-6, 0, -4)
[13:43:48.208] [DEBUG] [24424] [World.cpp:137] [Tetra::World::load_chunk] Loaded chunk at (-6, 0, -3)
[13:43:48.209] [DEBUG] [24424] [World.cpp:137] [Tetra::World::load_chunk] Loaded chunk at (-6, 0, -2)
[13:43:48.211] [DEBUG] [24424] [World.cpp:137] [Tetra::World::load_chunk] Loaded chunk at (-6, 0, -1)
[13:43:48.212] [DEBUG] [24424] [World.cpp:137] [Tetra::World::load_chunk] Loaded chunk at (-6, 0, 0)
[13:43:48.212] [DEBUG] [24424] [World.cpp:137] [Tetra::World::load_chunk] Loaded chunk at (-6, 0, 1)
[13:43:48.214] [DEBUG] [24424] [World.cpp:137] [Tetra::World::load_chunk] Loaded chunk at (-6, 0, 2)
[13:43:48.215] [DEBUG] [24424] [World.cpp:137] [Tetra::World::load_chunk] Loaded chunk at (-6, 0, 3)
[13:43:48.216] [DEBUG] [24424] [World.cpp:137] [Tetra::World::load_chunk] Loaded chunk at (-6, 0, 4)
[13:43:48.217] [DEBUG] [24424] [World.cpp:137] [Tetra::World::load_chunk] Loaded chunk at (-6, 0, 5)
[13:43:48.218] [DEBUG] [24424] [World.cpp:137] [Tetra::World::load_chunk] Loaded chunk at (-6, 0, 6)
[13:43:48.218] [DEBUG] [24424] [World.cpp:137] [Tetra::World::load_chunk] Loaded chunk at (-6, 0, 7)
[13:43:48.219] [DEBUG] [24424] [World.cpp:137] [Tetra::World::load_chunk] Loaded chunk at (-6, 0, 8)
[13:43:48.220] [DEBUG] [24424] [World.cpp:137] [Tetra::World::load_chunk] Loaded chunk at (-6, 1, -8)
[13:43:48.221] [DEBUG] [24424] [World.cpp:137] [Tetra::World::load_chunk] Loaded chunk at (-6, 1, -7)
[13:43:48.222] [DEBUG] [24424] [World.cpp:137] [Tetra::World::load_chunk] Loaded chunk at (-6, 1, -6)
[13:43:48.223] [DEBUG] [24424] [World.cpp:137] [Tetra::World::load_chunk] Loaded chunk at (-6, 1, -5)
[13:43:48.224] [DEBUG] [24424] [World.cpp:137] [Tetra::World::load_chunk] Loaded chunk at (-6, 1, -4)
[13:43:48.225] [DEBUG] [24424] [World.cpp:137] [Tetra::World::load_chunk] Loaded chunk at (-6, 1, -3)
[13:43:48.226] [DEBUG] [24424] [World.cpp:137] [Tetra::World::load_chunk] Loaded chunk at (-6, 1, -2)
[13:43:48.227] [DEBUG] [24424] [World.cpp:137] [Tetra::World::load_chunk] Loaded chunk at (-6, 1, -1)
[13:43:48.228] [DEBUG] [24424] [World.cpp:137] [Tetra::World::load_chunk] Loaded chunk at (-6, 1, 0)
[13:43:48.229] [DEBUG] [24424] [World.cpp:137] [Tetra::World::load_chunk] Loaded chunk at (-6, 1, 1)
[13:43:48.230] [DEBUG] [24424] [World.cpp:137] [Tetra::World::load_chunk] Loaded chunk at (-6, 1, 2)
[13:43:48.232] [DEBUG] [24424] [World.cpp:137] [Tetra::World::load_chunk] Loaded chunk at (-6, 1, 3)
[13:43:48.233] [DEBUG] [24424] [World.cpp:137] [Tetra::World::load_chunk] Loaded chunk at (-6, 1, 4)
[13:43:48.233] [DEBUG] [24424] [World.cpp:137] [Tetra::World::load_chunk] Loaded chunk at (-6, 1, 5)
[13:43:48.234] [DEBUG] [24424] [World.cpp:137] [Tetra::World::load_chunk] Loaded chunk at (-6, 1, 6)
[13:43:48.235] [DEBUG] [24424] [World.cpp:137] [Tetra::World::load_chunk] Loaded chunk at (-6, 1, 7)
[13:43:48.236] [DEBUG] [24424] [World.cpp:137] [Tetra::World::load_chunk] Loaded chunk at (-6, 1, 8)
[13:43:48.237] [DEBUG] [24424] [World.cpp:137] [Tetra::World::load_chunk] Loaded chunk at (-5, -3, -8)
[13:43:48.239] [DEBUG] [24424] [World.cpp:137] [Tetra::World::load_chunk] Loaded chunk at (-5, -3, -7)
[13:43:48.240] [DEBUG] [24424] [World.cpp:137] [Tetra::World::load_chunk] Loaded chunk at (-5, -3, -6)
[13:43:48.241] [DEBUG] [24424] [World.cpp:137] [Tetra::World::load_chunk] Loaded chunk at (-5, -3, -5)
[13:43:48.242] [DEBUG] [24424] [World.cpp:137] [Tetra::World::load_chunk] Loaded chunk at (-5, -3, -4)
[13:43:48.244] [DEBUG] [24424] [World.cpp:137] [Tetra::World::load_chunk] Loaded chunk at (-5, -3, -3)
[13:43:48.245] [DEBUG] [24424] [World.cpp:137] [Tetra::World::load_chunk] Loaded chunk at (-5, -3, -2)
[13:43:48.245] [DEBUG] [24424] [World.cpp:137] [Tetra::World::load_chunk] Loaded chunk at (-5, -3, -1)
[13:43:48.246] [DEBUG] [24424] [World.cpp:137] [Tetra::World::load_chunk] Loaded chunk at (-5, -3, 0)
[13:43:48.247] [DEBUG] [24424] [World.cpp:137] [Tetra::World::load_chunk] Loaded chunk at (-5, -3, 1)
[13:43:48.248] [DEBUG] [24424] [World.cpp:137] [Tetra::World::load_chunk] Loaded chunk at (-5, -3, 2)
[13:43:48.249] [DEBUG] [24424] [World.cpp:137] [Tetra::World::load_chunk] Loaded chunk at (-5, -3, 3)
[13:43:48.250] [DEBUG] [24424] [World.cpp:137] [Tetra::World::load_chunk] Loaded chunk at (-5, -3, 4)
[13:43:48.251] [DEBUG] [24424] [World.cpp:137] [Tetra::World::load_chunk] Loaded chunk at (-5, -3, 5)
[13:43:48.252] [DEBUG] [24424] [World.cpp:137] [Tetra::World::load_chunk] Loaded chunk at (-5, -3, 6)
[13:43:48.253] [DEBUG] [24424] [World.cpp:137] [Tetra::World::load_chunk] Loaded chunk at (-5, -3, 7)
[13:43:48.254] [DEBUG] [24424] [World.cpp:137] [Tetra::World::load_chunk] Loaded chunk at (-5, -3, 8)
[13:43:48.255] [DEBUG] [24424] [World.cpp:137] [Tetra::World::load_chunk] Loaded chunk at (-5, -2, -8)
[13:43:48.257] [DEBUG] [24424] [World.cpp:137] [Tetra::World::load_chunk] Loaded chunk at (-5, -2, -7)
[13:43:48.258] [DEBUG] [24424] [World.cpp:137] [Tetra::World::load_chunk] Loaded chunk at (-5, -2, -6)
[13:43:48.259] [DEBUG] [24424] [World.cpp:137] [Tetra::World::load_chunk] Loaded chunk at (-5, -2, -5)
[13:43:48.259] [DEBUG] [24424] [World.cpp:137] [Tetra::World::load_chunk] Loaded chunk at (-5, -2, -4)
[13:43:48.260] [DEBUG] [24424] [World.cpp:137] [Tetra::World::load_chunk] Loaded chunk at (-5, -2, -3)
[13:43:48.261] [DEBUG] [24424] [World.cpp:137] [Tetra::World::load_chunk] Loaded chunk at (-5, -2, -2)
[13:43:48.262] [DEBUG] [24424] [World.cpp:137] [Tetra::World::load_chunk] Loaded chunk at (-5, -2, -1)
[13:43:48.263] [DEBUG] [24424] [World.cpp:137] [Tetra::World::load_chunk] Loaded chunk at (-5, -2, 0)
[13:43:48.264] [DEBUG] [24424] [World.cpp:137] [Tetra::World::load_chunk] Loaded chunk at (-5, -2, 1)
[13:43:48.264] [DEBUG] [24424] [World.cpp:137] [Tetra::World::load_chunk] Loaded chunk at (-5, -2, 2)
[13:43:48.265] [DEBUG] [24424] [World.cpp:137] [Tetra::World::load_chunk] Loaded chunk at (-5, -2, 3)
[13:43:48.266] [DEBUG] [24424] [World.cpp:137] [Tetra::World::load_chunk] Loaded chunk at (-5, -2, 4)
[13:43:48.267] [DEBUG] [24424] [World.cpp:137] [Tetra::World::load_chunk] Loaded chunk at (-5, -2, 5)
[13:43:48.267] [DEBUG] [24424] [World.cpp:137] [Tetra::World::load_chunk] Loaded chunk at (-5, -2, 6)
[13:43:48.268] [DEBUG] [24424] [World.cpp:137] [Tetra::World::load_chunk] Loaded chunk at (-5, -2, 7)
[13:43:48.269] [DEBUG] [24424] [World.cpp:137] [Tetra::World::load_chunk] Loaded chunk at (-5, -2, 8)
[13:43:48.270] [DEBUG] [24424] [World.cpp:137] [Tetra::World::load_chunk] Loaded chunk at (-5, -1, -8)
[13:43:48.272] [DEBUG] [24424] [World.cpp:137] [Tetra::World::load_chunk] Loaded chunk at (-5, -1, -7)
[13:43:48.273] [DEBUG] [24424] [World.cpp:137] [Tetra::World::load_chunk] Loaded chunk at (-5, -1, -6)
[13:43:48.274] [DEBUG] [24424] [World.cpp:137] [Tetra::World::load_chunk] Loaded chunk at (-5, -1, -5)
[13:43:48.275] [DEBUG] [24424] [World.cpp:137] [Tetra::World::load_chunk] Loaded chunk at (-5, -1, -4)
[13:43:48.276] [DEBUG] [24424] [World.cpp:137] [Tetra::World::load_chunk] Loaded chunk at (-5, -1, -3)
[13:43:48.277] [DEBUG] [24424] [World.cpp:137] [Tetra::World::load_chunk] Loaded chunk at (-5, -1, -2)
[13:43:48.277] [DEBUG] [24424] [World.cpp:137] [Tetra::World::load_chunk] Loaded chunk at (-5, -1, -1)
[13:43:48.278] [DEBUG] [24424] [World.cpp:137] [Tetra::World::load_chunk] Loaded chunk at (-5, -1, 0)
[13:43:48.279] [DEBUG] [24424] [World.cpp:137] [Tetra::World::load_chunk] Loaded chunk at (-5, -1, 1)
[13:43:48.280] [DEBUG] [24424] [World.cpp:137] [Tetra::World::load_chunk] Loaded chunk at (-5, -1, 2)
[13:43:48.281] [DEBUG] [24424] [World.cpp:137] [Tetra::World::load_chunk] Loaded chunk at (-5, -1, 3)
[13:43:48.282] [DEBUG] [24424] [World.cpp:137] [Tetra::World::load_chunk] Loaded chunk at (-5, -1, 4)
[13:43:48.283] [DEBUG] [24424] [World.cpp:137] [Tetra::World::load_chunk] Loaded chunk at (-5, -1, 5)
[13:43:48.284] [DEBUG] [24424] [World.cpp:137] [Tetra::World::load_chunk] Loaded chunk at (-5, -1, 6)
[13:43:48.284] [DEBUG] [24424] [World.cpp:137] [Tetra::World::load_chunk] Loaded chunk at (-5, -1, 7)
[13:43:48.285] [DEBUG] [24424] [World.cpp:137] [Tetra::World::load_chunk] Loaded chunk at (-5, -1, 8)
[13:43:48.286] [DEBUG] [24424] [World.cpp:137] [Tetra::World::load_chunk] Loaded chunk at (-5, 0, -8)
[13:43:48.287] [DEBUG] [24424] [World.cpp:137] [Tetra::World::load_chunk] Loaded chunk at (-5, 0, -7)
[13:43:48.288] [DEBUG] [24424] [World.cpp:137] [Tetra::World::load_chunk] Loaded chunk at (-5, 0, -6)
[13:43:48.289] [DEBUG] [24424] [World.cpp:137] [Tetra::World::load_chunk] Loaded chunk at (-5, 0, -5)
[13:43:48.290] [DEBUG] [24424] [World.cpp:137] [Tetra::World::load_chunk] Loaded chunk at (-5, 0, -4)
[13:43:48.292] [DEBUG] [24424] [World.cpp:137] [Tetra::World::load_chunk] Loaded chunk at (-5, 0, -3)
[13:43:48.292] [DEBUG] [24424] [World.cpp:137] [Tetra::World::load_chunk] Loaded chunk at (-5, 0, -2)
[13:43:48.293] [DEBUG] [24424] [World.cpp:137] [Tetra::World::load_chunk] Loaded chunk at (-5, 0, -1)
[13:43:48.294] [DEBUG] [24424] [World.cpp:137] [Tetra::World::load_chunk] Loaded chunk at (-5, 0, 0)
[13:43:48.295] [DEBUG] [24424] [World.cpp:137] [Tetra::World::load_chunk] Loaded chunk at (-5, 0, 1)
[13:43:48.296] [DEBUG] [24424] [World.cpp:137] [Tetra::World::load_chunk] Loaded chunk at (-5, 0, 2)
[13:43:48.297] [DEBUG] [24424] [World.cpp:137] [Tetra::World::load_chunk] Loaded chunk at (-5, 0, 3)
[13:43:48.298] [DEBUG] [24424] [World.cpp:137] [Tetra::World::load_chunk] Loaded chunk at (-5, 0, 4)
[13:43:48.299] [DEBUG] [24424] [World.cpp:137] [Tetra::World::load_chunk] Loaded chunk at (-5, 0, 5)
[13:43:48.299] [DEBUG] [24424] [World.cpp:137] [Tetra::World::load_chunk] Loaded chunk at (-5, 0, 6)
[13:43:48.300] [DEBUG] [24424] [World.cpp:137] [Tetra::World::load_chunk] Loaded chunk at (-5, 0, 7)
[13:43:48.301] [DEBUG] [24424] [World.cpp:137] [Tetra::World::load_chunk] Loaded chunk at (-5, 0, 8)
[13:43:48.302] [DEBUG] [24424] [World.cpp:137] [Tetra::World::load_chunk] Loaded chunk at (-5, 1, -8)
[13:43:48.303] [DEBUG] [24424] [World.cpp:137] [Tetra::World::load_chunk] Loaded chunk at (-5, 1, -7)
[13:43:48.304] [DEBUG] [24424] [World.cpp:137] [Tetra::World::load_chunk] Loaded chunk at (-5, 1, -6)
[13:43:48.305] [DEBUG] [24424] [World.cpp:137] [Tetra::World::load_chunk] Loaded chunk at (-5, 1, -5)
[13:43:48.306] [DEBUG] [24424] [World.cpp:137] [Tetra::World::load_chunk] Loaded chunk at (-5, 1, -4)
[13:43:48.307] [DEBUG] [24424] [World.cpp:137] [Tetra::World::load_chunk] Loaded chunk at (-5, 1, -3)
[13:43:48.308] [DEBUG] [24424] [World.cpp:137] [Tetra::World::load_chunk] Loaded chunk at (-5, 1, -2)
[13:43:48.308] [DEBUG] [24424] [World.cpp:137] [Tetra::World::load_chunk] Loaded chunk at (-5, 1, -1)
[13:43:48.309] [DEBUG] [24424] [World.cpp:137] [Tetra::World::load_chunk] Loaded chunk at (-5, 1, 0)
[13:43:48.310] [DEBUG] [24424] [World.cpp:137] [Tetra::World::load_chunk] Loaded chunk at (-5, 1, 1)
[13:43:48.311] [DEBUG] [24424] [World.cpp:137] [Tetra::World::load_chunk] Loaded chunk at (-5, 1, 2)
[13:43:48.312] [DEBUG] [24424] [World.cpp:137] [Tetra::World::load_chunk] Loaded chunk at (-5, 1, 3)
[13:43:48.312] [DEBUG] [24424] [World.cpp:137] [Tetra::World::load_chunk] Loaded chunk at (-5, 1, 4)
[13:43:48.313] [DEBUG] [24424] [World.cpp:137] [Tetra::World::load_chunk] Loaded chunk at (-5, 1, 5)
[13:43:48.314] [DEBUG] [24424] [World.cpp:137] [Tetra::World::load_chunk] Loaded chunk at (-5, 1, 6)
[13:43:48.315] [DEBUG] [24424] [World.cpp:137] [Tetra::World::load_chunk] Loaded chunk at (-5, 1, 7)
[13:43:48.316] [DEBUG] [24424] [World.cpp:137] [Tetra::World::load_chunk] Loaded chunk at (-5, 1, 8)
[13:43:48.317] [DEBUG] [24424] [World.cpp:137] [Tetra::World::load_chunk] Loaded chunk at (-4, -3, -8)
[13:43:48.318] [DEBUG] [24424] [World.cpp:137] [Tetra::World::load_chunk] Loaded chunk at (-4, -3, -7)
[13:43:48.318] [DEBUG] [24424] [World.cpp:137] [Tetra::World::load_chunk] Loaded chunk at (-4, -3, -6)
[13:43:48.319] [DEBUG] [24424] [World.cpp:137] [Tetra::World::load_chunk] Loaded chunk at (-4, -3, -5)
[13:43:48.320] [DEBUG] [24424] [World.cpp:137] [Tetra::World::load_chunk] Loaded chunk at (-4, -3, -4)
[13:43:48.321] [DEBUG] [24424] [World.cpp:137] [Tetra::World::load_chunk] Loaded chunk at (-4, -3, -3)
[13:43:48.323] [DEBUG] [24424] [World.cpp:137] [Tetra::World::load_chunk] Loaded chunk at (-4, -3, -2)
[13:43:48.324] [DEBUG] [24424] [World.cpp:137] [Tetra::World::load_chunk] Loaded chunk at (-4, -3, -1)
[13:43:48.324] [DEBUG] [24424] [World.cpp:137] [Tetra::World::load_chunk] Loaded chunk at (-4, -3, 0)
[13:43:48.325] [DEBUG] [24424] [World.cpp:137] [Tetra::World::load_chunk] Loaded chunk at (-4, -3, 1)
[13:43:48.326] [DEBUG] [24424] [World.cpp:137] [Tetra::World::load_chunk] Loaded chunk at (-4, -3, 2)
[13:43:48.327] [DEBUG] [24424] [World.cpp:137] [Tetra::World::load_chunk] Loaded chunk at (-4, -3, 3)
[13:43:48.328] [DEBUG] [24424] [World.cpp:137] [Tetra::World::load_chunk] Loaded chunk at (-4, -3, 4)
[13:43:48.329] [DEBUG] [24424] [World.cpp:137] [Tetra::World::load_chunk] Loaded chunk at (-4, -3, 5)
[13:43:48.329] [DEBUG] [24424] [World.cpp:137] [Tetra::World::load_chunk] Loaded chunk at (-4, -3, 6)
[13:43:48.330] [DEBUG] [24424] [World.cpp:137] [Tetra::World::load_chunk] Loaded chunk at (-4, -3, 7)
[13:43:48.331] [DEBUG] [24424] [World.cpp:137] [Tetra::World::load_chunk] Loaded chunk at (-4, -3, 8)
[13:43:48.332] [DEBUG] [24424] [World.cpp:137] [Tetra::World::load_chunk] Loaded chunk at (-4, -2, -8)
[13:43:48.333] [DEBUG] [24424] [World.cpp:137] [Tetra::World::load_chunk] Loaded chunk at (-4, -2, -7)
[13:43:48.334] [DEBUG] [24424] [World.cpp:137] [Tetra::World::load_chunk] Loaded chunk at (-4, -2, -6)
[13:43:48.334] [DEBUG] [24424] [World.cpp:137] [Tetra::World::load_chunk] Loaded chunk at (-4, -2, -5)
[13:43:48.335] [DEBUG] [24424] [World.cpp:137] [Tetra::World::load_chunk] Loaded chunk at (-4, -2, -4)
[13:43:48.336] [DEBUG] [24424] [World.cpp:137] [Tetra::World::load_chunk] Loaded chunk at (-4, -2, -3)
[13:43:48.337] [DEBUG] [24424] [World.cpp:137] [Tetra::World::load_chunk] Loaded chunk at (-4, -2, -2)
[13:43:48.338] [DEBUG] [24424] [World.cpp:137] [Tetra::World::load_chunk] Loaded chunk at (-4, -2, -1)
[13:43:48.339] [DEBUG] [24424] [World.cpp:137] [Tetra::World::load_chunk] Loaded chunk at (-4, -2, 0)
[13:43:48.340] [DEBUG] [24424] [World.cpp:137] [Tetra::World::load_chunk] Loaded chunk at (-4, -2, 1)
[13:43:48.340] [DEBUG] [24424] [World.cpp:137] [Tetra::World::load_chunk] Loaded chunk at (-4, -2, 2)
[13:43:48.342] [DEBUG] [24424] [World.cpp:137] [Tetra::World::load_chunk] Loaded chunk at (-4, -2, 3)
[13:43:48.342] [DEBUG] [24424] [World.cpp:137] [Tetra::World::load_chunk] Loaded chunk at (-4, -2, 4)
[13:43:48.343] [DEBUG] [24424] [World.cpp:137] [Tetra::World::load_chunk] Loaded chunk at (-4, -2, 5)
[13:43:48.344] [DEBUG] [24424] [World.cpp:137] [Tetra::World::load_chunk] Loaded chunk at (-4, -2, 6)
[13:43:48.345] [DEBUG] [24424] [World.cpp:137] [Tetra::World::load_chunk] Loaded chunk at (-4, -2, 7)
[13:43:48.345] [DEBUG] [24424] [World.cpp:137] [Tetra::World::load_chunk] Loaded chunk at (-4, -2, 8)
[13:43:48.346] [DEBUG] [24424] [World.cpp:137] [Tetra::World::load_chunk] Loaded chunk at (-4, -1, -8)
[13:43:48.347] [DEBUG] [24424] [World.cpp:137] [Tetra::World::load_chunk] Loaded chunk at (-4, -1, -7)
[13:43:48.348] [DEBUG] [24424] [World.cpp:137] [Tetra::World::load_chunk] Loaded chunk at (-4, -1, -6)
[13:43:48.349] [DEBUG] [24424] [World.cpp:137] [Tetra::World::load_chunk] Loaded chunk at (-4, -1, -5)
[13:43:48.350] [DEBUG] [24424] [World.cpp:137] [Tetra::World::load_chunk] Loaded chunk at (-4, -1, -4)
[13:43:48.350] [DEBUG] [24424] [World.cpp:137] [Tetra::World::load_chunk] Loaded chunk at (-4, -1, -3)
[13:43:48.351] [DEBUG] [24424] [World.cpp:137] [Tetra::World::load_chunk] Loaded chunk at (-4, -1, -2)
[13:43:48.352] [DEBUG] [24424] [World.cpp:137] [Tetra::World::load_chunk] Loaded chunk at (-4, -1, -1)
[13:43:48.353] [DEBUG] [24424] [World.cpp:137] [Tetra::World::load_chunk] Loaded chunk at (-4, -1, 0)
[13:43:48.354] [DEBUG] [24424] [World.cpp:137] [Tetra::World::load_chunk] Loaded chunk at (-4, -1, 1)
[13:43:48.355] [DEBUG] [24424] [World.cpp:137] [Tetra::World::load_chunk] Loaded chunk at (-4, -1, 2)
[13:43:48.356] [DEBUG] [24424] [World.cpp:137] [Tetra::World::load_chunk] Loaded chunk at (-4, -1, 3)
[13:43:48.357] [DEBUG] [24424] [World.cpp:137] [Tetra::World::load_chunk] Loaded chunk at (-4, -1, 4)
[13:43:48.357] [DEBUG] [24424] [World.cpp:137] [Tetra::World::load_chunk] Loaded chunk at (-4, -1, 5)
[13:43:48.358] [DEBUG] [24424] [World.cpp:137] [Tetra::World::load_chunk] Loaded chunk at (-4, -1, 6)
[13:43:48.359] [DEBUG] [24424] [World.cpp:137] [Tetra::World::load_chunk] Loaded chunk at (-4, -1, 7)
[13:43:48.360] [DEBUG] [24424] [World.cpp:137] [Tetra::World::load_chunk] Loaded chunk at (-4, -1, 8)
[13:43:48.361] [DEBUG] [24424] [World.cpp:137] [Tetra::World::load_chunk] Loaded chunk at (-4, 0, -8)
[13:43:48.362] [DEBUG] [24424] [World.cpp:137] [Tetra::World::load_chunk] Loaded chunk at (-4, 0, -7)
[13:43:48.362] [DEBUG] [24424] [World.cpp:137] [Tetra::World::load_chunk] Loaded chunk at (-4, 0, -6)
[13:43:48.363] [DEBUG] [24424] [World.cpp:137] [Tetra::World::load_chunk] Loaded chunk at (-4, 0, -5)
[13:43:48.364] [DEBUG] [24424] [World.cpp:137] [Tetra::World::load_chunk] Loaded chunk at (-4, 0, -4)
[13:43:48.365] [DEBUG] [24424] [World.cpp:137] [Tetra::World::load_chunk] Loaded chunk at (-4, 0, -3)
[13:43:48.366] [DEBUG] [24424] [World.cpp:137] [Tetra::World::load_chunk] Loaded chunk at (-4, 0, -2)
[13:43:48.366] [DEBUG] [24424] [World.cpp:137] [Tetra::World::load_chunk] Loaded chunk at (-4, 0, -1)
[13:43:48.367] [DEBUG] [24424] [World.cpp:137] [Tetra::World::load_chunk] Loaded chunk at (-4, 0, 0)
[13:43:48.368] [DEBUG] [24424] [World.cpp:137] [Tetra::World::load_chunk] Loaded chunk at (-4, 0, 1)
[13:43:48.369] [DEBUG] [24424] [World.cpp:137] [Tetra::World::load_chunk] Loaded chunk at (-4, 0, 2)
[13:43:48.370] [DEBUG] [24424] [World.cpp:137] [Tetra::World::load_chunk] Loaded chunk at (-4, 0, 3)
[13:43:48.370] [DEBUG] [24424] [World.cpp:137] [Tetra::World::load_chunk] Loaded chunk at (-4, 0, 4)
[13:43:48.371] [DEBUG] [24424] [World.cpp:137] [Tetra::World::load_chunk] Loaded chunk at (-4, 0, 5)
[13:43:48.373] [DEBUG] [24424] [World.cpp:137] [Tetra::World::load_chunk] Loaded chunk at (-4, 0, 6)
[13:43:48.373] [DEBUG] [24424] [World.cpp:137] [Tetra::World::load_chunk] Loaded chunk at (-4, 0, 7)
[13:43:48.374] [DEBUG] [24424] [World.cpp:137] [Tetra::World::load_chunk] Loaded chunk at (-4, 0, 8)
[13:43:48.375] [DEBUG] [24424] [World.cpp:137] [Tetra::World::load_chunk] Loaded chunk at (-4, 1, -8)
[13:43:48.376] [DEBUG] [24424] [World.cpp:137] [Tetra::World::load_chunk] Loaded chunk at (-4, 1, -7)
[13:43:48.376] [DEBUG] [24424] [World.cpp:137] [Tetra::World::load_chunk] Loaded chunk at (-4, 1, -6)
[13:43:48.377] [DEBUG] [24424] [World.cpp:137] [Tetra::World::load_chunk] Loaded chunk at (-4, 1, -5)
[13:43:48.378] [DEBUG] [24424] [World.cpp:137] [Tetra::World::load_chunk] Loaded chunk at (-4, 1, -4)
[13:43:48.379] [DEBUG] [24424] [World.cpp:137] [Tetra::World::load_chunk] Loaded chunk at (-4, 1, -3)
[13:43:48.380] [DEBUG] [24424] [World.cpp:137] [Tetra::World::load_chunk] Loaded chunk at (-4, 1, -2)
[13:43:48.380] [DEBUG] [24424] [World.cpp:137] [Tetra::World::load_chunk] Loaded chunk at (-4, 1, -1)
[13:43:48.381] [DEBUG] [24424] [World.cpp:137] [Tetra::World::load_chunk] Loaded chunk at (-4, 1, 0)
[13:43:48.382] [DEBUG] [24424] [World.cpp:137] [Tetra::World::load_chunk] Loaded chunk at (-4, 1, 1)
[13:43:48.383] [DEBUG] [24424] [World.cpp:137] [Tetra::World::load_chunk] Loaded chunk at (-4, 1, 2)
[13:43:48.384] [DEBUG] [24424] [World.cpp:137] [Tetra::World::load_chunk] Loaded chunk at (-4, 1, 3)
[13:43:48.384] [DEBUG] [24424] [World.cpp:137] [Tetra::World::load_chunk] Loaded chunk at (-4, 1, 4)
[13:43:48.385] [DEBUG] [24424] [World.cpp:137] [Tetra::World::load_chunk] Loaded chunk at (-4, 1, 5)
[13:43:48.386] [DEBUG] [24424] [World.cpp:137] [Tetra::World::load_chunk] Loaded chunk at (-4, 1, 6)
[13:43:48.387] [DEBUG] [24424] [World.cpp:137] [Tetra::World::load_chunk] Loaded chunk at (-4, 1, 7)
[13:43:48.388] [DEBUG] [24424] [World.cpp:137] [Tetra::World::load_chunk] Loaded chunk at (-4, 1, 8)
[13:43:48.389] [DEBUG] [24424] [World.cpp:137] [Tetra::World::load_chunk] Loaded chunk at (-3, -3, -8)
[13:43:48.390] [DEBUG] [24424] [World.cpp:137] [Tetra::World::load_chunk] Loaded chunk at (-3, -3, -7)
[13:43:48.391] [DEBUG] [24424] [World.cpp:137] [Tetra::World::load_chunk] Loaded chunk at (-3, -3, -6)
[13:43:48.392] [DEBUG] [24424] [World.cpp:137] [Tetra::World::load_chunk] Loaded chunk at (-3, -3, -5)
[13:43:48.392] [DEBUG] [24424] [World.cpp:137] [Tetra::World::load_chunk] Loaded chunk at (-3, -3, -4)
[13:43:48.393] [DEBUG] [24424] [World.cpp:137] [Tetra::World::load_chunk] Loaded chunk at (-3, -3, -3)
[13:43:48.394] [DEBUG] [24424] [World.cpp:137] [Tetra::World::load_chunk] Loaded chunk at (-3, -3, -2)
[13:43:48.395] [DEBUG] [24424] [World.cpp:137] [Tetra::World::load_chunk] Loaded chunk at (-3, -3, -1)
[13:43:48.396] [DEBUG] [24424] [World.cpp:137] [Tetra::World::load_chunk] Loaded chunk at (-3, -3, 0)
[13:43:48.397] [DEBUG] [24424] [World.cpp:137] [Tetra::World::load_chunk] Loaded chunk at (-3, -3, 1)
[13:43:48.397] [DEBUG] [24424] [World.cpp:137] [Tetra::World::load_chunk] Loaded chunk at (-3, -3, 2)
[13:43:48.398] [DEBUG] [24424] [World.cpp:137] [Tetra::World::load_chunk] Loaded chunk at (-3, -3, 3)
[13:43:48.399] [DEBUG] [24424] [World.cpp:137] [Tetra::World::load_chunk] Loaded chunk at (-3, -3, 4)
[13:43:48.400] [DEBUG] [24424] [World.cpp:137] [Tetra::World::load_chunk] Loaded chunk at (-3, -3, 5)
[13:43:48.401] [DEBUG] [24424] [World.cpp:137] [Tetra::World::load_chunk] Loaded chunk at (-3, -3, 6)
[13:43:48.402] [DEBUG] [24424] [World.cpp:137] [Tetra::World::load_chunk] Loaded chunk at (-3, -3, 7)
[13:43:48.402] [DEBUG] [24424] [World.cpp:137] [Tetra::World::load_chunk] Loaded chunk at (-3, -3, 8)
[13:43:48.403] [DEBUG] [24424] [World.cpp:137] [Tetra::World::load_chunk] Loaded chunk at (-3, -2, -8)
[13:43:48.404] [DEBUG] [24424] [World.cpp:137] [Tetra::World::load_chunk] Loaded chunk at (-3, -2, -7)
[13:43:48.405] [DEBUG] [24424] [World.cpp:137] [Tetra::World::load_chunk] Loaded chunk at (-3, -2, -6)
[13:43:48.406] [DEBUG] [24424] [World.cpp:137] [Tetra::World::load_chunk] Loaded chunk at (-3, -2, -5)
[13:43:48.407] [DEBUG] [24424] [World.cpp:137] [Tetra::World::load_chunk] Loaded chunk at (-3, -2, -4)
[13:43:48.408] [DEBUG] [24424] [World.cpp:137] [Tetra::World::load_chunk] Loaded chunk at (-3, -2, -3)
[13:43:48.409] [DEBUG] [24424] [World.cpp:137] [Tetra::World::load_chunk] Loaded chunk at (-3, -2, -2)
[13:43:48.410] [DEBUG] [24424] [World.cpp:137] [Tetra::World::load_chunk] Loaded chunk at (-3, -2, -1)
[13:43:48.411] [DEBUG] [24424] [World.cpp:137] [Tetra::World::load_chunk] Loaded chunk at (-3, -2, 0)
[13:43:48.412] [DEBUG] [24424] [World.cpp:137] [Tetra::World::load_chunk] Loaded chunk at (-3, -2, 1)
[13:43:48.413] [DEBUG] [24424] [World.cpp:137] [Tetra::World::load_chunk] Loaded chunk at (-3, -2, 2)
[13:43:48.414] [DEBUG] [24424] [World.cpp:137] [Tetra::World::load_chunk] Loaded chunk at (-3, -2, 3)
[13:43:48.415] [DEBUG] [24424] [World.cpp:137] [Tetra::World::load_chunk] Loaded chunk at (-3, -2, 4)
[13:43:48.416] [DEBUG] [24424] [World.cpp:137] [Tetra::World::load_chunk] Loaded chunk at (-3, -2, 5)
[13:43:48.417] [DEBUG] [24424] [World.cpp:137] [Tetra::World::load_chunk] Loaded chunk at (-3, -2, 6)
[13:43:48.418] [DEBUG] [24424] [World.cpp:137] [Tetra::World::load_chunk] Loaded chunk at (-3, -2, 7)
[13:43:48.419] [DEBUG] [24424] [World.cpp:137] [Tetra::World::load_chunk] Loaded chunk at (-3, -2, 8)
[13:43:48.420] [DEBUG] [24424] [World.cpp:137] [Tetra::World::load_chunk] Loaded chunk at (-3, -1, -8)
[13:43:48.421] [DEBUG] [24424] [World.cpp:137] [Tetra::World::load_chunk] Loaded chunk at (-3, -1, -7)
[13:43:48.423] [DEBUG] [24424] [World.cpp:137] [Tetra::World::load_chunk] Loaded chunk at (-3, -1, -6)
[13:43:48.424] [DEBUG] [24424] [World.cpp:137] [Tetra::World::load_chunk] Loaded chunk at (-3, -1, -5)
[13:43:48.425] [DEBUG] [24424] [World.cpp:137] [Tetra::World::load_chunk] Loaded chunk at (-3, -1, -4)
[13:43:48.425] [DEBUG] [24424] [World.cpp:137] [Tetra::World::load_chunk] Loaded chunk at (-3, -1, -3)
[13:43:48.426] [DEBUG] [24424] [World.cpp:137] [Tetra::World::load_chunk] Loaded chunk at (-3, -1, -2)
[13:43:48.427] [DEBUG] [24424] [World.cpp:137] [Tetra::World::load_chunk] Loaded chunk at (-3, -1, -1)
[13:43:48.428] [DEBUG] [24424] [World.cpp:137] [Tetra::World::load_chunk] Loaded chunk at (-3, -1, 0)
[13:43:48.429] [DEBUG] [24424] [World.cpp:137] [Tetra::World::load_chunk] Loaded chunk at (-3, -1, 1)
[13:43:48.430] [DEBUG] [24424] [World.cpp:137] [Tetra::World::load_chunk] Loaded chunk at (-3, -1, 2)
[13:43:48.431] [DEBUG] [24424] [World.cpp:137] [Tetra::World::load_chunk] Loaded chunk at (-3, -1, 3)
[13:43:48.432] [DEBUG] [24424] [World.cpp:137] [Tetra::World::load_chunk] Loaded chunk at (-3, -1, 4)
[13:43:48.433] [DEBUG] [24424] [World.cpp:137] [Tetra::World::load_chunk] Loaded chunk at (-3, -1, 5)
[13:43:48.434] [DEBUG] [24424] [World.cpp:137] [Tetra::World::load_chunk] Loaded chunk at (-3, -1, 6)
[13:43:48.435] [DEBUG] [24424] [World.cpp:137] [Tetra::World::load_chunk] Loaded chunk at (-3, -1, 7)
[13:43:48.435] [DEBUG] [24424] [World.cpp:137] [Tetra::World::load_chunk] Loaded chunk at (-3, -1, 8)
[13:43:48.436] [DEBUG] [24424] [World.cpp:137] [Tetra::World::load_chunk] Loaded chunk at (-3, 0, -8)
[13:43:48.437] [DEBUG] [24424] [World.cpp:137] [Tetra::World::load_chunk] Loaded chunk at (-3, 0, -7)
[13:43:48.438] [DEBUG] [24424] [World.cpp:137] [Tetra::World::load_chunk] Loaded chunk at (-3, 0, -6)
[13:43:48.439] [DEBUG] [24424] [World.cpp:137] [Tetra::World::load_chunk] Loaded chunk at (-3, 0, -5)
[13:43:48.440] [DEBUG] [24424] [World.cpp:137] [Tetra::World::load_chunk] Loaded chunk at (-3, 0, -4)
[13:43:48.441] [DEBUG] [24424] [World.cpp:137] [Tetra::World::load_chunk] Loaded chunk at (-3, 0, -3)
[13:43:48.442] [DEBUG] [24424] [World.cpp:137] [Tetra::World::load_chunk] Loaded chunk at (-3, 0, -2)
[13:43:48.443] [DEBUG] [24424] [World.cpp:137] [Tetra::World::load_chunk] Loaded chunk at (-3, 0, -1)
[13:43:48.444] [DEBUG] [24424] [World.cpp:137] [Tetra::World::load_chunk] Loaded chunk at (-3, 0, 0)
[13:43:48.445] [DEBUG] [24424] [World.cpp:137] [Tetra::World::load_chunk] Loaded chunk at (-3, 0, 1)
[13:43:48.446] [DEBUG] [24424] [World.cpp:137] [Tetra::World::load_chunk] Loaded chunk at (-3, 0, 2)
[13:43:48.447] [DEBUG] [24424] [World.cpp:137] [Tetra::World::load_chunk] Loaded chunk at (-3, 0, 3)
[13:43:48.447] [DEBUG] [24424] [World.cpp:137] [Tetra::World::load_chunk] Loaded chunk at (-3, 0, 4)
[13:43:48.448] [DEBUG] [24424] [World.cpp:137] [Tetra::World::load_chunk] Loaded chunk at (-3, 0, 5)
[13:43:48.449] [DEBUG] [24424] [World.cpp:137] [Tetra::World::load_chunk] Loaded chunk at (-3, 0, 6)
[13:43:48.450] [DEBUG] [24424] [World.cpp:137] [Tetra::World::load_chunk] Loaded chunk at (-3, 0, 7)
[13:43:48.451] [DEBUG] [24424] [World.cpp:137] [Tetra::World::load_chunk] Loaded chunk at (-3, 0, 8)
[13:43:48.452] [DEBUG] [24424] [World.cpp:137] [Tetra::World::load_chunk] Loaded chunk at (-3, 1, -8)
[13:43:48.453] [DEBUG] [24424] [World.cpp:137] [Tetra::World::load_chunk] Loaded chunk at (-3, 1, -7)
[13:43:48.454] [DEBUG] [24424] [World.cpp:137] [Tetra::World::load_chunk] Loaded chunk at (-3, 1, -6)
[13:43:48.455] [DEBUG] [24424] [World.cpp:137] [Tetra::World::load_chunk] Loaded chunk at (-3, 1, -5)
[13:43:48.456] [DEBUG] [24424] [World.cpp:137] [Tetra::World::load_chunk] Loaded chunk at (-3, 1, -4)
[13:43:48.457] [DEBUG] [24424] [World.cpp:137] [Tetra::World::load_chunk] Loaded chunk at (-3, 1, -3)
[13:43:48.458] [DEBUG] [24424] [World.cpp:137] [Tetra::World::load_chunk] Loaded chunk at (-3, 1, -2)
[13:43:48.458] [DEBUG] [24424] [World.cpp:137] [Tetra::World::load_chunk] Loaded chunk at (-3, 1, -1)
[13:43:48.459] [DEBUG] [24424] [World.cpp:137] [Tetra::World::load_chunk] Loaded chunk at (-3, 1, 0)
[13:43:48.460] [DEBUG] [24424] [World.cpp:137] [Tetra::World::load_chunk] Loaded chunk at (-3, 1, 1)
[13:43:48.461] [DEBUG] [24424] [World.cpp:137] [Tetra::World::load_chunk] Loaded chunk at (-3, 1, 2)
[13:43:48.462] [DEBUG] [24424] [World.cpp:137] [Tetra::World::load_chunk] Loaded chunk at (-3, 1, 3)
[13:43:48.463] [DEBUG] [24424] [World.cpp:137] [Tetra::World::load_chunk] Loaded chunk at (-3, 1, 4)
[13:43:48.464] [DEBUG] [24424] [World.cpp:137] [Tetra::World::load_chunk] Loaded chunk at (-3, 1, 5)
[13:43:48.464] [DEBUG] [24424] [World.cpp:137] [Tetra::World::load_chunk] Loaded chunk at (-3, 1, 6)
[13:43:48.465] [DEBUG] [24424] [World.cpp:137] [Tetra::World::load_chunk] Loaded chunk at (-3, 1, 7)
[13:43:48.466] [DEBUG] [24424] [World.cpp:137] [Tetra::World::load_chunk] Loaded chunk at (-3, 1, 8)
[13:43:48.467] [DEBUG] [24424] [World.cpp:137] [Tetra::World::load_chunk] Loaded chunk at (-2, -3, -8)
[13:43:48.468] [DEBUG] [24424] [World.cpp:137] [Tetra::World::load_chunk] Loaded chunk at (-2, -3, -7)
[13:43:48.469] [DEBUG] [24424] [World.cpp:137] [Tetra::World::load_chunk] Loaded chunk at (-2, -3, -6)
[13:43:48.470] [DEBUG] [24424] [World.cpp:137] [Tetra::World::load_chunk] Loaded chunk at (-2, -3, -5)
[13:43:48.471] [DEBUG] [24424] [World.cpp:137] [Tetra::World::load_chunk] Loaded chunk at (-2, -3, -4)
[13:43:48.472] [DEBUG] [24424] [World.cpp:137] [Tetra::World::load_chunk] Loaded chunk at (-2, -3, -3)
[13:43:48.473] [DEBUG] [24424] [World.cpp:137] [Tetra::World::load_chunk] Loaded chunk at (-2, -3, -2)
[13:43:48.474] [DEBUG] [24424] [World.cpp:137] [Tetra::World::load_chunk] Loaded chunk at (-2, -3, -1)
[13:43:48.475] [DEBUG] [24424] [World.cpp:137] [Tetra::World::load_chunk] Loaded chunk at (-2, -3, 0)
[13:43:48.476] [DEBUG] [24424] [World.cpp:137] [Tetra::World::load_chunk] Loaded chunk at (-2, -3, 1)
[13:43:48.476] [DEBUG] [24424] [World.cpp:137] [Tetra::World::load_chunk] Loaded chunk at (-2, -3, 2)
[13:43:48.477] [DEBUG] [24424] [World.cpp:137] [Tetra::World::load_chunk] Loaded chunk at (-2, -3, 3)
[13:43:48.478] [DEBUG] [24424] [World.cpp:137] [Tetra::World::load_chunk] Loaded chunk at (-2, -3, 4)
[13:43:48.479] [DEBUG] [24424] [World.cpp:137] [Tetra::World::load_chunk] Loaded chunk at (-2, -3, 5)
[13:43:48.480] [DEBUG] [24424] [World.cpp:137] [Tetra::World::load_chunk] Loaded chunk at (-2, -3, 6)
[13:43:48.481] [DEBUG] [24424] [World.cpp:137] [Tetra::World::load_chunk] Loaded chunk at (-2, -3, 7)
[13:43:48.482] [DEBUG] [24424] [World.cpp:137] [Tetra::World::load_chunk] Loaded chunk at (-2, -3, 8)
[13:43:48.483] [DEBUG] [24424] [World.cpp:137] [Tetra::World::load_chunk] Loaded chunk at (-2, -2, -8)
[13:43:48.484] [DEBUG] [24424] [World.cpp:137] [Tetra::World::load_chunk] Loaded chunk at (-2, -2, -7)
[13:43:48.485] [DEBUG] [24424] [World.cpp:137] [Tetra::World::load_chunk] Loaded chunk at (-2, -2, -6)
[13:43:48.486] [DEBUG] [24424] [World.cpp:137] [Tetra::World::load_chunk] Loaded chunk at (-2, -2, -5)
[13:43:48.487] [DEBUG] [24424] [World.cpp:137] [Tetra::World::load_chunk] Loaded chunk at (-2, -2, -4)
[13:43:48.487] [DEBUG] [24424] [World.cpp:137] [Tetra::World::load_chunk] Loaded chunk at (-2, -2, -3)
[13:43:48.489] [DEBUG] [24424] [World.cpp:137] [Tetra::World::load_chunk] Loaded chunk at (-2, -2, -2)
[13:43:48.489] [DEBUG] [24424] [World.cpp:137] [Tetra::World::load_chunk] Loaded chunk at (-2, -2, -1)
[13:43:48.490] [DEBUG] [24424] [World.cpp:137] [Tetra::World::load_chunk] Loaded chunk at (-2, -2, 0)
[13:43:48.492] [DEBUG] [24424] [World.cpp:137] [Tetra::World::load_chunk] Loaded chunk at (-2, -2, 1)
[13:43:48.492] [DEBUG] [24424] [World.cpp:137] [Tetra::World::load_chunk] Loaded chunk at (-2, -2, 2)
[13:43:48.493] [DEBUG] [24424] [World.cpp:137] [Tetra::World::load_chunk] Loaded chunk at (-2, -2, 3)
[13:43:48.494] [DEBUG] [24424] [World.cpp:137] [Tetra::World::load_chunk] Loaded chunk at (-2, -2, 4)
[13:43:48.495] [DEBUG] [24424] [World.cpp:137] [Tetra::World::load_chunk] Loaded chunk at (-2, -2, 5)
[13:43:48.496] [DEBUG] [24424] [World.cpp:137] [Tetra::World::load_chunk] Loaded chunk at (-2, -2, 6)
[13:43:48.497] [DEBUG] [24424] [World.cpp:137] [Tetra::World::load_chunk] Loaded chunk at (-2, -2, 7)
[13:43:48.498] [DEBUG] [24424] [World.cpp:137] [Tetra::World::load_chunk] Loaded chunk at (-2, -2, 8)
[13:43:48.499] [DEBUG] [24424] [World.cpp:137] [Tetra::World::load_chunk] Loaded chunk at (-2, -1, -8)
[13:43:48.501] [DEBUG] [24424] [World.cpp:137] [Tetra::World::load_chunk] Loaded chunk at (-2, -1, -7)
[13:43:48.501] [DEBUG] [24424] [World.cpp:137] [Tetra::World::load_chunk] Loaded chunk at (-2, -1, -6)
[13:43:48.502] [DEBUG] [24424] [World.cpp:137] [Tetra::World::load_chunk] Loaded chunk at (-2, -1, -5)
[13:43:48.503] [DEBUG] [24424] [World.cpp:137] [Tetra::World::load_chunk] Loaded chunk at (-2, -1, -4)
[13:43:48.504] [DEBUG] [24424] [World.cpp:137] [Tetra::World::load_chunk] Loaded chunk at (-2, -1, -3)
[13:43:48.505] [DEBUG] [24424] [World.cpp:137] [Tetra::World::load_chunk] Loaded chunk at (-2, -1, -2)
[13:43:48.506] [DEBUG] [24424] [World.cpp:137] [Tetra::World::load_chunk] Loaded chunk at (-2, -1, -1)
[13:43:48.507] [DEBUG] [24424] [World.cpp:137] [Tetra::World::load_chunk] Loaded chunk at (-2, -1, 0)
[13:43:48.508] [DEBUG] [24424] [World.cpp:137] [Tetra::World::load_chunk] Loaded chunk at (-2, -1, 1)
[13:43:48.509] [DEBUG] [24424] [World.cpp:137] [Tetra::World::load_chunk] Loaded chunk at (-2, -1, 2)
[13:43:48.510] [DEBUG] [24424] [World.cpp:137] [Tetra::World::load_chunk] Loaded chunk at (-2, -1, 3)
[13:43:48.511] [DEBUG] [24424] [World.cpp:137] [Tetra::World::load_chunk] Loaded chunk at (-2, -1, 4)
[13:43:48.512] [DEBUG] [24424] [World.cpp:137] [Tetra::World::load_chunk] Loaded chunk at (-2, -1, 5)
[13:43:48.513] [DEBUG] [24424] [World.cpp:137] [Tetra::World::load_chunk] Loaded chunk at (-2, -1, 6)
[13:43:48.514] [DEBUG] [24424] [World.cpp:137] [Tetra::World::load_chunk] Loaded chunk at (-2, -1, 7)
[13:43:48.515] [DEBUG] [24424] [World.cpp:137] [Tetra::World::load_chunk] Loaded chunk at (-2, -1, 8)
[13:43:48.516] [DEBUG] [24424] [World.cpp:137] [Tetra::World::load_chunk] Loaded chunk at (-2, 0, -8)
[13:43:48.517] [DEBUG] [24424] [World.cpp:137] [Tetra::World::load_chunk] Loaded chunk at (-2, 0, -7)
[13:43:48.517] [DEBUG] [24424] [World.cpp:137] [Tetra::World::load_chunk] Loaded chunk at (-2, 0, -6)
[13:43:48.518] [DEBUG] [24424] [World.cpp:137] [Tetra::World::load_chunk] Loaded chunk at (-2, 0, -5)
[13:43:48.519] [DEBUG] [24424] [World.cpp:137] [Tetra::World::load_chunk] Loaded chunk at (-2, 0, -4)
[13:43:48.520] [DEBUG] [24424] [World.cpp:137] [Tetra::World::load_chunk] Loaded chunk at (-2, 0, -3)
[13:43:48.521] [DEBUG] [24424] [World.cpp:137] [Tetra::World::load_chunk] Loaded chunk at (-2, 0, -2)
[13:43:48.522] [DEBUG] [24424] [World.cpp:137] [Tetra::World::load_chunk] Loaded chunk at (-2, 0, -1)
[13:43:48.523] [DEBUG] [24424] [World.cpp:137] [Tetra::World::load_chunk] Loaded chunk at (-2, 0, 0)
[13:43:48.524] [DEBUG] [24424] [World.cpp:137] [Tetra::World::load_chunk] Loaded chunk at (-2, 0, 1)
[13:43:48.525] [DEBUG] [24424] [World.cpp:137] [Tetra::World::load_chunk] Loaded chunk at (-2, 0, 2)
[13:43:48.526] [DEBUG] [24424] [World.cpp:137] [Tetra::World::load_chunk] Loaded chunk at (-2, 0, 3)
[13:43:48.527] [DEBUG] [24424] [World.cpp:137] [Tetra::World::load_chunk] Loaded chunk at (-2, 0, 4)
[13:43:48.527] [DEBUG] [24424] [World.cpp:137] [Tetra::World::load_chunk] Loaded chunk at (-2, 0, 5)
[13:43:48.528] [DEBUG] [24424] [World.cpp:137] [Tetra::World::load_chunk] Loaded chunk at (-2, 0, 6)
[13:43:48.529] [DEBUG] [24424] [World.cpp:137] [Tetra::World::load_chunk] Loaded chunk at (-2, 0, 7)
[13:43:48.531] [DEBUG] [24424] [World.cpp:137] [Tetra::World::load_chunk] Loaded chunk at (-2, 0, 8)
[13:43:48.532] [DEBUG] [24424] [World.cpp:137] [Tetra::World::load_chunk] Loaded chunk at (-2, 1, -8)
[13:43:48.532] [DEBUG] [24424] [World.cpp:137] [Tetra::World::load_chunk] Loaded chunk at (-2, 1, -7)
[13:43:48.533] [DEBUG] [24424] [World.cpp:137] [Tetra::World::load_chunk] Loaded chunk at (-2, 1, -6)
[13:43:48.534] [DEBUG] [24424] [World.cpp:137] [Tetra::World::load_chunk] Loaded chunk at (-2, 1, -5)
[13:43:48.535] [DEBUG] [24424] [World.cpp:137] [Tetra::World::load_chunk] Loaded chunk at (-2, 1, -4)
[13:43:48.536] [DEBUG] [24424] [World.cpp:137] [Tetra::World::load_chunk] Loaded chunk at (-2, 1, -3)
[13:43:48.537] [DEBUG] [24424] [World.cpp:137] [Tetra::World::load_chunk] Loaded chunk at (-2, 1, -2)
[13:43:48.538] [DEBUG] [24424] [World.cpp:137] [Tetra::World::load_chunk] Loaded chunk at (-2, 1, -1)
[13:43:48.539] [DEBUG] [24424] [World.cpp:137] [Tetra::World::load_chunk] Loaded chunk at (-2, 1, 0)
[13:43:48.539] [DEBUG] [24424] [World.cpp:137] [Tetra::World::load_chunk] Loaded chunk at (-2, 1, 1)
[13:43:48.540] [DEBUG] [24424] [World.cpp:137] [Tetra::World::load_chunk] Loaded chunk at (-2, 1, 2)
[13:43:48.541] [DEBUG] [24424] [World.cpp:137] [Tetra::World::load_chunk] Loaded chunk at (-2, 1, 3)
[13:43:48.542] [DEBUG] [24424] [World.cpp:137] [Tetra::World::load_chunk] Loaded chunk at (-2, 1, 4)
[13:43:48.543] [DEBUG] [24424] [World.cpp:137] [Tetra::World::load_chunk] Loaded chunk at (-2, 1, 5)
[13:43:48.544] [DEBUG] [24424] [World.cpp:137] [Tetra::World::load_chunk] Loaded chunk at (-2, 1, 6)
[13:43:48.545] [DEBUG] [24424] [World.cpp:137] [Tetra::World::load_chunk] Loaded chunk at (-2, 1, 7)
[13:43:48.546] [DEBUG] [24424] [World.cpp:137] [Tetra::World::load_chunk] Loaded chunk at (-2, 1, 8)
[13:43:48.547] [DEBUG] [24424] [World.cpp:137] [Tetra::World::load_chunk] Loaded chunk at (-1, -3, -8)
[13:43:48.547] [DEBUG] [24424] [World.cpp:137] [Tetra::World::load_chunk] Loaded chunk at (-1, -3, -7)
[13:43:48.548] [DEBUG] [24424] [World.cpp:137] [Tetra::World::load_chunk] Loaded chunk at (-1, -3, -6)
[13:43:48.549] [DEBUG] [24424] [World.cpp:137] [Tetra::World::load_chunk] Loaded chunk at (-1, -3, -5)
[13:43:48.550] [DEBUG] [24424] [World.cpp:137] [Tetra::World::load_chunk] Loaded chunk at (-1, -3, -4)
[13:43:48.551] [DEBUG] [24424] [World.cpp:137] [Tetra::World::load_chunk] Loaded chunk at (-1, -3, -3)
[13:43:48.552] [DEBUG] [24424] [World.cpp:137] [Tetra::World::load_chunk] Loaded chunk at (-1, -3, -2)
[13:43:48.552] [DEBUG] [24424] [World.cpp:137] [Tetra::World::load_chunk] Loaded chunk at (-1, -3, -1)
[13:43:48.553] [DEBUG] [24424] [World.cpp:137] [Tetra::World::load_chunk] Loaded chunk at (-1, -3, 0)
[13:43:48.554] [DEBUG] [24424] [World.cpp:137] [Tetra::World::load_chunk] Loaded chunk at (-1, -3, 1)
[13:43:48.555] [DEBUG] [24424] [World.cpp:137] [Tetra::World::load_chunk] Loaded chunk at (-1, -3, 2)
[13:43:48.556] [DEBUG] [24424] [World.cpp:137] [Tetra::World::load_chunk] Loaded chunk at (-1, -3, 3)
[13:43:48.557] [DEBUG] [24424] [World.cpp:137] [Tetra::World::load_chunk] Loaded chunk at (-1, -3, 4)
[13:43:48.558] [DEBUG] [24424] [World.cpp:137] [Tetra::World::load_chunk] Loaded chunk at (-1, -3, 5)
[13:43:48.559] [DEBUG] [24424] [World.cpp:137] [Tetra::World::load_chunk] Loaded chunk at (-1, -3, 6)
[13:43:48.560] [DEBUG] [24424] [World.cpp:137] [Tetra::World::load_chunk] Loaded chunk at (-1, -3, 7)
[13:43:48.560] [DEBUG] [24424] [World.cpp:137] [Tetra::World::load_chunk] Loaded chunk at (-1, -3, 8)
[13:43:48.561] [DEBUG] [24424] [World.cpp:137] [Tetra::World::load_chunk] Loaded chunk at (-1, -2, -8)
[13:43:48.562] [DEBUG] [24424] [World.cpp:137] [Tetra::World::load_chunk] Loaded chunk at (-1, -2, -7)
[13:43:48.563] [DEBUG] [24424] [World.cpp:137] [Tetra::World::load_chunk] Loaded chunk at (-1, -2, -6)
[13:43:48.564] [DEBUG] [24424] [World.cpp:137] [Tetra::World::load_chunk] Loaded chunk at (-1, -2, -5)
[13:43:48.565] [DEBUG] [24424] [World.cpp:137] [Tetra::World::load_chunk] Loaded chunk at (-1, -2, -4)
[13:43:48.565] [DEBUG] [24424] [World.cpp:137] [Tetra::World::load_chunk] Loaded chunk at (-1, -2, -3)
[13:43:48.566] [DEBUG] [24424] [World.cpp:137] [Tetra::World::load_chunk] Loaded chunk at (-1, -2, -2)
[13:43:48.567] [DEBUG] [24424] [World.cpp:137] [Tetra::World::load_chunk] Loaded chunk at (-1, -2, -1)
[13:43:48.568] [DEBUG] [24424] [World.cpp:137] [Tetra::World::load_chunk] Loaded chunk at (-1, -2, 0)
[13:43:48.569] [DEBUG] [24424] [World.cpp:137] [Tetra::World::load_chunk] Loaded chunk at (-1, -2, 1)
[13:43:48.569] [DEBUG] [24424] [World.cpp:137] [Tetra::World::load_chunk] Loaded chunk at (-1, -2, 2)
[13:43:48.570] [DEBUG] [24424] [World.cpp:137] [Tetra::World::load_chunk] Loaded chunk at (-1, -2, 3)
[13:43:48.571] [DEBUG] [24424] [World.cpp:137] [Tetra::World::load_chunk] Loaded chunk at (-1, -2, 4)
[13:43:48.572] [DEBUG] [24424] [World.cpp:137] [Tetra::World::load_chunk] Loaded chunk at (-1, -2, 5)
[13:43:48.573] [DEBUG] [24424] [World.cpp:137] [Tetra::World::load_chunk] Loaded chunk at (-1, -2, 6)
[13:43:48.574] [DEBUG] [24424] [World.cpp:137] [Tetra::World::load_chunk] Loaded chunk at (-1, -2, 7)
[13:43:48.575] [DEBUG] [24424] [World.cpp:137] [Tetra::World::load_chunk] Loaded chunk at (-1, -2, 8)
[13:43:48.575] [DEBUG] [24424] [World.cpp:137] [Tetra::World::load_chunk] Loaded chunk at (-1, -1, -8)
[13:43:48.576] [DEBUG] [24424] [World.cpp:137] [Tetra::World::load_chunk] Loaded chunk at (-1, -1, -7)
[13:43:48.577] [DEBUG] [24424] [World.cpp:137] [Tetra::World::load_chunk] Loaded chunk at (-1, -1, -6)
[13:43:48.578] [DEBUG] [24424] [World.cpp:137] [Tetra::World::load_chunk] Loaded chunk at (-1, -1, -5)
[13:43:48.579] [DEBUG] [24424] [World.cpp:137] [Tetra::World::load_chunk] Loaded chunk at (-1, -1, -4)
[13:43:48.579] [DEBUG] [24424] [World.cpp:137] [Tetra::World::load_chunk] Loaded chunk at (-1, -1, -3)
[13:43:48.580] [DEBUG] [24424] [World.cpp:137] [Tetra::World::load_chunk] Loaded chunk at (-1, -1, -2)
[13:43:48.581] [DEBUG] [24424] [World.cpp:137] [Tetra::World::load_chunk] Loaded chunk at (-1, -1, -1)
[13:43:48.582] [DEBUG] [24424] [World.cpp:137] [Tetra::World::load_chunk] Loaded chunk at (-1, -1, 0)
[13:43:48.583] [DEBUG] [24424] [World.cpp:137] [Tetra::World::load_chunk] Loaded chunk at (-1, -1, 1)
[13:43:48.584] [DEBUG] [24424] [World.cpp:137] [Tetra::World::load_chunk] Loaded chunk at (-1, -1, 2)
[13:43:48.585] [DEBUG] [24424] [World.cpp:137] [Tetra::World::load_chunk] Loaded chunk at (-1, -1, 3)
[13:43:48.585] [DEBUG] [24424] [World.cpp:137] [Tetra::World::load_chunk] Loaded chunk at (-1, -1, 4)
[13:43:48.586] [DEBUG] [24424] [World.cpp:137] [Tetra::World::load_chunk] Loaded chunk at (-1, -1, 5)
[13:43:48.587] [DEBUG] [24424] [World.cpp:137] [Tetra::World::load_chunk] Loaded chunk at (-1, -1, 6)
[13:43:48.588] [DEBUG] [24424] [World.cpp:137] [Tetra::World::load_chunk] Loaded chunk at (-1, -1, 7)
[13:43:48.589] [DEBUG] [24424] [World.cpp:137] [Tetra::World::load_chunk] Loaded chunk at (-1, -1, 8)
[13:43:48.590] [DEBUG] [24424] [World.cpp:137] [Tetra::World::load_chunk] Loaded chunk at (-1, 0, -8)
[13:43:48.591] [DEBUG] [24424] [World.cpp:137] [Tetra::World::load_chunk] Loaded chunk at (-1, 0, -7)
[13:43:48.592] [DEBUG] [24424] [World.cpp:137] [Tetra::World::load_chunk] Loaded chunk at (-1, 0, -6)
[13:43:48.592] [DEBUG] [24424] [World.cpp:137] [Tetra::World::load_chunk] Loaded chunk at (-1, 0, -5)
[13:43:48.593] [DEBUG] [24424] [World.cpp:137] [Tetra::World::load_chunk] Loaded chunk at (-1, 0, -4)
[13:43:48.594] [DEBUG] [24424] [World.cpp:137] [Tetra::World::load_chunk] Loaded chunk at (-1, 0, -3)
[13:43:48.595] [DEBUG] [24424] [World.cpp:137] [Tetra::World::load_chunk] Loaded chunk at (-1, 0, -2)
[13:43:48.596] [DEBUG] [24424] [World.cpp:137] [Tetra::World::load_chunk] Loaded chunk at (-1, 0, -1)
[13:43:48.597] [DEBUG] [24424] [World.cpp:137] [Tetra::World::load_chunk] Loaded chunk at (-1, 0, 0)
[13:43:48.598] [DEBUG] [24424] [World.cpp:137] [Tetra::World::load_chunk] Loaded chunk at (-1, 0, 1)
[13:43:48.599] [DEBUG] [24424] [World.cpp:137] [Tetra::World::load_chunk] Loaded chunk at (-1, 0, 2)
[13:43:48.599] [DEBUG] [24424] [World.cpp:137] [Tetra::World::load_chunk] Loaded chunk at (-1, 0, 3)
[13:43:48.600] [DEBUG] [24424] [World.cpp:137] [Tetra::World::load_chunk] Loaded chunk at (-1, 0, 4)
[13:43:48.601] [DEBUG] [24424] [World.cpp:137] [Tetra::World::load_chunk] Loaded chunk at (-1, 0, 5)
[13:43:48.602] [DEBUG] [24424] [World.cpp:137] [Tetra::World::load_chunk] Loaded chunk at (-1, 0, 6)
[13:43:48.603] [DEBUG] [24424] [World.cpp:137] [Tetra::World::load_chunk] Loaded chunk at (-1, 0, 7)
[13:43:48.604] [DEBUG] [24424] [World.cpp:137] [Tetra::World::load_chunk] Loaded chunk at (-1, 0, 8)
[13:43:48.605] [DEBUG] [24424] [World.cpp:137] [Tetra::World::load_chunk] Loaded chunk at (-1, 1, -8)
[13:43:48.606] [DEBUG] [24424] [World.cpp:137] [Tetra::World::load_chunk] Loaded chunk at (-1, 1, -7)
[13:43:48.607] [DEBUG] [24424] [World.cpp:137] [Tetra::World::load_chunk] Loaded chunk at (-1, 1, -6)
[13:43:48.608] [DEBUG] [24424] [World.cpp:137] [Tetra::World::load_chunk] Loaded chunk at (-1, 1, -5)
[13:43:48.609] [DEBUG] [24424] [World.cpp:137] [Tetra::World::load_chunk] Loaded chunk at (-1, 1, -4)
[13:43:48.609] [DEBUG] [24424] [World.cpp:137] [Tetra::World::load_chunk] Loaded chunk at (-1, 1, -3)
[13:43:48.610] [DEBUG] [24424] [World.cpp:137] [Tetra::World::load_chunk] Loaded chunk at (-1, 1, -2)
[13:43:48.611] [DEBUG] [24424] [World.cpp:137] [Tetra::World::load_chunk] Loaded chunk at (-1, 1, -1)
[13:43:48.612] [DEBUG] [24424] [World.cpp:137] [Tetra::World::load_chunk] Loaded chunk at (-1, 1, 0)
[13:43:48.613] [DEBUG] [24424] [World.cpp:137] [Tetra::World::load_chunk] Loaded chunk at (-1, 1, 1)
[13:43:48.614] [DEBUG] [24424] [World.cpp:137] [Tetra::World::load_chunk] Loaded chunk at (-1, 1, 2)
[13:43:48.615] [DEBUG] [24424] [World.cpp:137] [Tetra::World::load_chunk] Loaded chunk at (-1, 1, 3)
[13:43:48.615] [DEBUG] [24424] [World.cpp:137] [Tetra::World::load_chunk] Loaded chunk at (-1, 1, 4)
[13:43:48.616] [DEBUG] [24424] [World.cpp:137] [Tetra::World::load_chunk] Loaded chunk at (-1, 1, 5)
[13:43:48.617] [DEBUG] [24424] [World.cpp:137] [Tetra::World::load_chunk] Loaded chunk at (-1, 1, 6)
[13:43:48.618] [DEBUG] [24424] [World.cpp:137] [Tetra::World::load_chunk] Loaded chunk at (-1, 1, 7)
[13:43:48.619] [DEBUG] [24424] [World.cpp:137] [Tetra::World::load_chunk] Loaded chunk at (-1, 1, 8)
[13:43:48.619] [DEBUG] [24424] [World.cpp:137] [Tetra::World::load_chunk] Loaded chunk at (0, -3, -8)
[13:43:48.620] [DEBUG] [24424] [World.cpp:137] [Tetra::World::load_chunk] Loaded chunk at (0, -3, -7)
[13:43:48.621] [DEBUG] [24424] [World.cpp:137] [Tetra::World::load_chunk] Loaded chunk at (0, -3, -6)
[13:43:48.622] [DEBUG] [24424] [World.cpp:137] [Tetra::World::load_chunk] Loaded chunk at (0, -3, -5)
[13:43:48.623] [DEBUG] [24424] [World.cpp:137] [Tetra::World::load_chunk] Loaded chunk at (0, -3, -4)
[13:43:48.624] [DEBUG] [24424] [World.cpp:137] [Tetra::World::load_chunk] Loaded chunk at (0, -3, -3)
[13:43:48.625] [DEBUG] [24424] [World.cpp:137] [Tetra::World::load_chunk] Loaded chunk at (0, -3, -2)
[13:43:48.626] [DEBUG] [24424] [World.cpp:137] [Tetra::World::load_chunk] Loaded chunk at (0, -3, -1)
[13:43:48.627] [DEBUG] [24424] [World.cpp:137] [Tetra::World::load_chunk] Loaded chunk at (0, -3, 0)
[13:43:48.628] [DEBUG] [24424] [World.cpp:137] [Tetra::World::load_chunk] Loaded chunk at (0, -3, 1)
[13:43:48.628] [DEBUG] [24424] [World.cpp:137] [Tetra::World::load_chunk] Loaded chunk at (0, -3, 2)
[13:43:48.629] [DEBUG] [24424] [World.cpp:137] [Tetra::World::load_chunk] Loaded chunk at (0, -3, 3)
[13:43:48.630] [DEBUG] [24424] [World.cpp:137] [Tetra::World::load_chunk] Loaded chunk at (0, -3, 4)
[13:43:48.631] [DEBUG] [24424] [World.cpp:137] [Tetra::World::load_chunk] Loaded chunk at (0, -3, 5)
[13:43:48.631] [DEBUG] [24424] [World.cpp:137] [Tetra::World::load_chunk] Loaded chunk at (0, -3, 6)
[13:43:48.632] [DEBUG] [24424] [World.cpp:137] [Tetra::World::load_chunk] Loaded chunk at (0, -3, 7)
[13:43:48.633] [DEBUG] [24424] [World.cpp:137] [Tetra::World::load_chunk] Loaded chunk at (0, -3, 8)
[13:43:48.634] [DEBUG] [24424] [World.cpp:137] [Tetra::World::load_chunk] Loaded chunk at (0, -2, -8)
[13:43:48.635] [DEBUG] [24424] [World.cpp:137] [Tetra::World::load_chunk] Loaded chunk at (0, -2, -7)
[13:43:48.636] [DEBUG] [24424] [World.cpp:137] [Tetra::World::load_chunk] Loaded chunk at (0, -2, -6)
[13:43:48.637] [DEBUG] [24424] [World.cpp:137] [Tetra::World::load_chunk] Loaded chunk at (0, -2, -5)
[13:43:48.638] [DEBUG] [24424] [World.cpp:137] [Tetra::World::load_chunk] Loaded chunk at (0, -2, -4)
[13:43:48.638] [DEBUG] [24424] [World.cpp:137] [Tetra::World::load_chunk] Loaded chunk at (0, -2, -3)
[13:43:48.639] [DEBUG] [24424] [World.cpp:137] [Tetra::World::load_chunk] Loaded chunk at (0, -2, -2)
[13:43:48.640] [DEBUG] [24424] [World.cpp:137] [Tetra::World::load_chunk] Loaded chunk at (0, -2, -1)
[13:43:48.641] [DEBUG] [24424] [World.cpp:137] [Tetra::World::load_chunk] Loaded chunk at (0, -2, 0)
[13:43:48.642] [DEBUG] [24424] [World.cpp:137] [Tetra::World::load_chunk] Loaded chunk at (0, -2, 1)
[13:43:48.643] [DEBUG] [24424] [World.cpp:137] [Tetra::World::load_chunk] Loaded chunk at (0, -2, 2)
[13:43:48.643] [DEBUG] [24424] [World.cpp:137] [Tetra::World::load_chunk] Loaded chunk at (0, -2, 3)
[13:43:48.644] [DEBUG] [24424] [World.cpp:137] [Tetra::World::load_chunk] Loaded chunk at (0, -2, 4)
[13:43:48.645] [DEBUG] [24424] [World.cpp:137] [Tetra::World::load_chunk] Loaded chunk at (0, -2, 5)
[13:43:48.646] [DEBUG] [24424] [World.cpp:137] [Tetra::World::load_chunk] Loaded chunk at (0, -2, 6)
[13:43:48.647] [DEBUG] [24424] [World.cpp:137] [Tetra::World::load_chunk] Loaded chunk at (0, -2, 7)
[13:43:48.648] [DEBUG] [24424] [World.cpp:137] [Tetra::World::load_chunk] Loaded chunk at (0, -2, 8)
[13:43:48.648] [DEBUG] [24424] [World.cpp:137] [Tetra::World::load_chunk] Loaded chunk at (0, -1, -8)
[13:43:48.649] [DEBUG] [24424] [World.cpp:137] [Tetra::World::load_chunk] Loaded chunk at (0, -1, -7)
[13:43:48.650] [DEBUG] [24424] [World.cpp:137] [Tetra::World::load_chunk] Loaded chunk at (0, -1, -6)
[13:43:48.651] [DEBUG] [24424] [World.cpp:137] [Tetra::World::load_chunk] Loaded chunk at (0, -1, -5)
[13:43:48.652] [DEBUG] [24424] [World.cpp:137] [Tetra::World::load_chunk] Loaded chunk at (0, -1, -4)
[13:43:48.653] [DEBUG] [24424] [World.cpp:137] [Tetra::World::load_chunk] Loaded chunk at (0, -1, -3)
[13:43:48.653] [DEBUG] [24424] [World.cpp:137] [Tetra::World::load_chunk] Loaded chunk at (0, -1, -2)
[13:43:48.654] [DEBUG] [24424] [World.cpp:137] [Tetra::World::load_chunk] Loaded chunk at (0, -1, -1)
[13:43:48.655] [DEBUG] [24424] [World.cpp:137] [Tetra::World::load_chunk] Loaded chunk at (0, -1, 0)
[13:43:48.656] [DEBUG] [24424] [World.cpp:137] [Tetra::World::load_chunk] Loaded chunk at (0, -1, 1)
[13:43:48.657] [DEBUG] [24424] [World.cpp:137] [Tetra::World::load_chunk] Loaded chunk at (0, -1, 2)
[13:43:48.658] [DEBUG] [24424] [World.cpp:137] [Tetra::World::load_chunk] Loaded chunk at (0, -1, 3)
[13:43:48.658] [DEBUG] [24424] [World.cpp:137] [Tetra::World::load_chunk] Loaded chunk at (0, -1, 4)
[13:43:48.659] [DEBUG] [24424] [World.cpp:137] [Tetra::World::load_chunk] Loaded chunk at (0, -1, 5)
[13:43:48.660] [DEBUG] [24424] [World.cpp:137] [Tetra::World::load_chunk] Loaded chunk at (0, -1, 6)
[13:43:48.661] [DEBUG] [24424] [World.cpp:137] [Tetra::World::load_chunk] Loaded chunk at (0, -1, 7)
[13:43:48.662] [DEBUG] [24424] [World.cpp:137] [Tetra::World::load_chunk] Loaded chunk at (0, -1, 8)
[13:43:48.663] [DEBUG] [24424] [World.cpp:137] [Tetra::World::load_chunk] Loaded chunk at (0, 0, -8)
[13:43:48.663] [DEBUG] [24424] [World.cpp:137] [Tetra::World::load_chunk] Loaded chunk at (0, 0, -7)
[13:43:48.664] [DEBUG] [24424] [World.cpp:137] [Tetra::World::load_chunk] Loaded chunk at (0, 0, -6)
[13:43:48.665] [DEBUG] [24424] [World.cpp:137] [Tetra::World::load_chunk] Loaded chunk at (0, 0, -5)
[13:43:48.666] [DEBUG] [24424] [World.cpp:137] [Tetra::World::load_chunk] Loaded chunk at (0, 0, -4)
[13:43:48.667] [DEBUG] [24424] [World.cpp:137] [Tetra::World::load_chunk] Loaded chunk at (0, 0, -3)
[13:43:48.668] [DEBUG] [24424] [World.cpp:137] [Tetra::World::load_chunk] Loaded chunk at (0, 0, -2)
[13:43:48.668] [DEBUG] [24424] [World.cpp:137] [Tetra::World::load_chunk] Loaded chunk at (0, 0, -1)
[13:43:48.669] [DEBUG] [24424] [World.cpp:137] [Tetra::World::load_chunk] Loaded chunk at (0, 0, 0)
[13:43:48.670] [DEBUG] [24424] [World.cpp:137] [Tetra::World::load_chunk] Loaded chunk at (0, 0, 1)
[13:43:48.671] [DEBUG] [24424] [World.cpp:137] [Tetra::World::load_chunk] Loaded chunk at (0, 0, 2)
[13:43:48.672] [DEBUG] [24424] [World.cpp:137] [Tetra::World::load_chunk] Loaded chunk at (0, 0, 3)
[13:43:48.673] [DEBUG] [24424] [World.cpp:137] [Tetra::World::load_chunk] Loaded chunk at (0, 0, 4)
[13:43:48.674] [DEBUG] [24424] [World.cpp:137] [Tetra::World::load_chunk] Loaded chunk at (0, 0, 5)
[13:43:48.674] [DEBUG] [24424] [World.cpp:137] [Tetra::World::load_chunk] Loaded chunk at (0, 0, 6)
[13:43:48.675] [DEBUG] [24424] [World.cpp:137] [Tetra::World::load_chunk] Loaded chunk at (0, 0, 7)
[13:43:48.676] [DEBUG] [24424] [World.cpp:137] [Tetra::World::load_chunk] Loaded chunk at (0, 0, 8)
[13:43:48.677] [DEBUG] [24424] [World.cpp:137] [Tetra::World::load_chunk] Loaded chunk at (0, 1, -8)
[13:43:48.678] [DEBUG] [24424] [World.cpp:137] [Tetra::World::load_chunk] Loaded chunk at (0, 1, -7)
[13:43:48.679] [DEBUG] [24424] [World.cpp:137] [Tetra::World::load_chunk] Loaded chunk at (0, 1, -6)
[13:43:48.679] [DEBUG] [24424] [World.cpp:137] [Tetra::World::load_chunk] Loaded chunk at (0, 1, -5)
[13:43:48.680] [DEBUG] [24424] [World.cpp:137] [Tetra::World::load_chunk] Loaded chunk at (0, 1, -4)
[13:43:48.681] [DEBUG] [24424] [World.cpp:137] [Tetra::World::load_chunk] Loaded chunk at (0, 1, -3)
[13:43:48.682] [DEBUG] [24424] [World.cpp:137] [Tetra::World::load_chunk] Loaded chunk at (0, 1, -2)
[13:43:48.683] [DEBUG] [24424] [World.cpp:137] [Tetra::World::load_chunk] Loaded chunk at (0, 1, -1)
[13:43:48.684] [DEBUG] [24424] [World.cpp:137] [Tetra::World::load_chunk] Loaded chunk at (0, 1, 0)
[13:43:48.684] [DEBUG] [24424] [World.cpp:137] [Tetra::World::load_chunk] Loaded chunk at (0, 1, 1)
[13:43:48.685] [DEBUG] [24424] [World.cpp:137] [Tetra::World::load_chunk] Loaded chunk at (0, 1, 2)
[13:43:48.686] [DEBUG] [24424] [World.cpp:137] [Tetra::World::load_chunk] Loaded chunk at (0, 1, 3)
[13:43:48.687] [DEBUG] [24424] [World.cpp:137] [Tetra::World::load_chunk] Loaded chunk at (0, 1, 4)
[13:43:48.688] [DEBUG] [24424] [World.cpp:137] [Tetra::World::load_chunk] Loaded chunk at (0, 1, 5)
[13:43:48.689] [DEBUG] [24424] [World.cpp:137] [Tetra::World::load_chunk] Loaded chunk at (0, 1, 6)
[13:43:48.690] [DEBUG] [24424] [World.cpp:137] [Tetra::World::load_chunk] Loaded chunk at (0, 1, 7)
[13:43:48.691] [DEBUG] [24424] [World.cpp:137] [Tetra::World::load_chunk] Loaded chunk at (0, 1, 8)
[13:43:48.692] [DEBUG] [24424] [World.cpp:137] [Tetra::World::load_chunk] Loaded chunk at (1, -3, -8)
[13:43:48.692] [DEBUG] [24424] [World.cpp:137] [Tetra::World::load_chunk] Loaded chunk at (1, -3, -7)
[13:43:48.693] [DEBUG] [24424] [World.cpp:137] [Tetra::World::load_chunk] Loaded chunk at (1, -3, -6)
[13:43:48.694] [DEBUG] [24424] [World.cpp:137] [Tetra::World::load_chunk] Loaded chunk at (1, -3, -5)
[13:43:48.695] [DEBUG] [24424] [World.cpp:137] [Tetra::World::load_chunk] Loaded chunk at (1, -3, -4)
[13:43:48.696] [DEBUG] [24424] [World.cpp:137] [Tetra::World::load_chunk] Loaded chunk at (1, -3, -3)
[13:43:48.697] [DEBUG] [24424] [World.cpp:137] [Tetra::World::load_chunk] Loaded chunk at (1, -3, -2)
[13:43:48.698] [DEBUG] [24424] [World.cpp:137] [Tetra::World::load_chunk] Loaded chunk at (1, -3, -1)
[13:43:48.699] [DEBUG] [24424] [World.cpp:137] [Tetra::World::load_chunk] Loaded chunk at (1, -3, 0)
[13:43:48.699] [DEBUG] [24424] [World.cpp:137] [Tetra::World::load_chunk] Loaded chunk at (1, -3, 1)
[13:43:48.700] [DEBUG] [24424] [World.cpp:137] [Tetra::World::load_chunk] Loaded chunk at (1, -3, 2)
[13:43:48.701] [DEBUG] [24424] [World.cpp:137] [Tetra::World::load_chunk] Loaded chunk at (1, -3, 3)
[13:43:48.702] [DEBUG] [24424] [World.cpp:137] [Tetra::World::load_chunk] Loaded chunk at (1, -3, 4)
[13:43:48.703] [DEBUG] [24424] [World.cpp:137] [Tetra::World::load_chunk] Loaded chunk at (1, -3, 5)
[13:43:48.704] [DEBUG] [24424] [World.cpp:137] [Tetra::World::load_chunk] Loaded chunk at (1, -3, 6)
[13:43:48.705] [DEBUG] [24424] [World.cpp:137] [Tetra::World::load_chunk] Loaded chunk at (1, -3, 7)
[13:43:48.706] [DEBUG] [24424] [World.cpp:137] [Tetra::World::load_chunk] Loaded chunk at (1, -3, 8)
[13:43:48.706] [DEBUG] [24424] [World.cpp:137] [Tetra::World::load_chunk] Loaded chunk at (1, -2, -8)
[13:43:48.707] [DEBUG] [24424] [World.cpp:137] [Tetra::World::load_chunk] Loaded chunk at (1, -2, -7)
[13:43:48.708] [DEBUG] [24424] [World.cpp:137] [Tetra::World::load_chunk] Loaded chunk at (1, -2, -6)
[13:43:48.709] [DEBUG] [24424] [World.cpp:137] [Tetra::World::load_chunk] Loaded chunk at (1, -2, -5)
[13:43:48.710] [DEBUG] [24424] [World.cpp:137] [Tetra::World::load_chunk] Loaded chunk at (1, -2, -4)
[13:43:48.710] [DEBUG] [24424] [World.cpp:137] [Tetra::World::load_chunk] Loaded chunk at (1, -2, -3)
[13:43:48.711] [DEBUG] [24424] [World.cpp:137] [Tetra::World::load_chunk] Loaded chunk at (1, -2, -2)
[13:43:48.712] [DEBUG] [24424] [World.cpp:137] [Tetra::World::load_chunk] Loaded chunk at (1, -2, -1)
[13:43:48.713] [DEBUG] [24424] [World.cpp:137] [Tetra::World::load_chunk] Loaded chunk at (1, -2, 0)
[13:43:48.714] [DEBUG] [24424] [World.cpp:137] [Tetra::World::load_chunk] Loaded chunk at (1, -2, 1)
[13:43:48.715] [DEBUG] [24424] [World.cpp:137] [Tetra::World::load_chunk] Loaded chunk at (1, -2, 2)
[13:43:48.716] [DEBUG] [24424] [World.cpp:137] [Tetra::World::load_chunk] Loaded chunk at (1, -2, 3)
[13:43:48.716] [DEBUG] [24424] [World.cpp:137] [Tetra::World::load_chunk] Loaded chunk at (1, -2, 4)
[13:43:48.717] [DEBUG] [24424] [World.cpp:137] [Tetra::World::load_chunk] Loaded chunk at (1, -2, 5)
[13:43:48.718] [DEBUG] [24424] [World.cpp:137] [Tetra::World::load_chunk] Loaded chunk at (1, -2, 6)
[13:43:48.719] [DEBUG] [24424] [World.cpp:137] [Tetra::World::load_chunk] Loaded chunk at (1, -2, 7)
[13:43:48.720] [DEBUG] [24424] [World.cpp:137] [Tetra::World::load_chunk] Loaded chunk at (1, -2, 8)
[13:43:48.720] [DEBUG] [24424] [World.cpp:137] [Tetra::World::load_chunk] Loaded chunk at (1, -1, -8)
[13:43:48.721] [DEBUG] [24424] [World.cpp:137] [Tetra::World::load_chunk] Loaded chunk at (1, -1, -7)
[13:43:48.722] [DEBUG] [24424] [World.cpp:137] [Tetra::World::load_chunk] Loaded chunk at (1, -1, -6)
[13:43:48.723] [DEBUG] [24424] [World.cpp:137] [Tetra::World::load_chunk] Loaded chunk at (1, -1, -5)
[13:43:48.724] [DEBUG] [24424] [World.cpp:137] [Tetra::World::load_chunk] Loaded chunk at (1, -1, -4)
[13:43:48.725] [DEBUG] [24424] [World.cpp:137] [Tetra::World::load_chunk] Loaded chunk at (1, -1, -3)
[13:43:48.725] [DEBUG] [24424] [World.cpp:137] [Tetra::World::load_chunk] Loaded chunk at (1, -1, -2)
[13:43:48.726] [DEBUG] [24424] [World.cpp:137] [Tetra::World::load_chunk] Loaded chunk at (1, -1, -1)
[13:43:48.727] [DEBUG] [24424] [World.cpp:137] [Tetra::World::load_chunk] Loaded chunk at (1, -1, 0)
[13:43:48.728] [DEBUG] [24424] [World.cpp:137] [Tetra::World::load_chunk] Loaded chunk at (1, -1, 1)
[13:43:48.729] [DEBUG] [24424] [World.cpp:137] [Tetra::World::load_chunk] Loaded chunk at (1, -1, 2)
[13:43:48.730] [DEBUG] [24424] [World.cpp:137] [Tetra::World::load_chunk] Loaded chunk at (1, -1, 3)
[13:43:48.730] [DEBUG] [24424] [World.cpp:137] [Tetra::World::load_chunk] Loaded chunk at (1, -1, 4)
[13:43:48.731] [DEBUG] [24424] [World.cpp:137] [Tetra::World::load_chunk] Loaded chunk at (1, -1, 5)
[13:43:48.732] [DEBUG] [24424] [World.cpp:137] [Tetra::World::load_chunk] Loaded chunk at (1, -1, 6)
[13:43:48.733] [DEBUG] [24424] [World.cpp:137] [Tetra::World::load_chunk] Loaded chunk at (1, -1, 7)
[13:43:48.734] [DEBUG] [24424] [World.cpp:137] [Tetra::World::load_chunk] Loaded chunk at (1, -1, 8)
[13:43:48.734] [DEBUG] [24424] [World.cpp:137] [Tetra::World::load_chunk] Loaded chunk at (1, 0, -8)
[13:43:48.735] [DEBUG] [24424] [World.cpp:137] [Tetra::World::load_chunk] Loaded chunk at (1, 0, -7)
[13:43:48.736] [DEBUG] [24424] [World.cpp:137] [Tetra::World::load_chunk] Loaded chunk at (1, 0, -6)
[13:43:48.737] [DEBUG] [24424] [World.cpp:137] [Tetra::World::load_chunk] Loaded chunk at (1, 0, -5)
[13:43:48.738] [DEBUG] [24424] [World.cpp:137] [Tetra::World::load_chunk] Loaded chunk at (1, 0, -4)
[13:43:48.739] [DEBUG] [24424] [World.cpp:137] [Tetra::World::load_chunk] Loaded chunk at (1, 0, -3)
[13:43:48.740] [DEBUG] [24424] [World.cpp:137] [Tetra::World::load_chunk] Loaded chunk at (1, 0, -2)
[13:43:48.741] [DEBUG] [24424] [World.cpp:137] [Tetra::World::load_chunk] Loaded chunk at (1, 0, -1)
[13:43:48.741] [DEBUG] [24424] [World.cpp:137] [Tetra::World::load_chunk] Loaded chunk at (1, 0, 0)
[13:43:48.742] [DEBUG] [24424] [World.cpp:137] [Tetra::World::load_chunk] Loaded chunk at (1, 0, 1)
[13:43:48.743] [DEBUG] [24424] [World.cpp:137] [Tetra::World::load_chunk] Loaded chunk at (1, 0, 2)
[13:43:48.744] [DEBUG] [24424] [World.cpp:137] [Tetra::World::load_chunk] Loaded chunk at (1, 0, 3)
[13:43:48.745] [DEBUG] [24424] [World.cpp:137] [Tetra::World::load_chunk] Loaded chunk at (1, 0, 4)
[13:43:48.745] [DEBUG] [24424] [World.cpp:137] [Tetra::World::load_chunk] Loaded chunk at (1, 0, 5)
[13:43:48.746] [DEBUG] [24424] [World.cpp:137] [Tetra::World::load_chunk] Loaded chunk at (1, 0, 6)
[13:43:48.747] [DEBUG] [24424] [World.cpp:137] [Tetra::World::load_chunk] Loaded chunk at (1, 0, 7)
[13:43:48.748] [DEBUG] [24424] [World.cpp:137] [Tetra::World::load_chunk] Loaded chunk at (1, 0, 8)
[13:43:48.749] [DEBUG] [24424] [World.cpp:137] [Tetra::World::load_chunk] Loaded chunk at (1, 1, -8)
[13:43:48.750] [DEBUG] [24424] [World.cpp:137] [Tetra::World::load_chunk] Loaded chunk at (1, 1, -7)
[13:43:48.751] [DEBUG] [24424] [World.cpp:137] [Tetra::World::load_chunk] Loaded chunk at (1, 1, -6)
[13:43:48.751] [DEBUG] [24424] [World.cpp:137] [Tetra::World::load_chunk] Loaded chunk at (1, 1, -5)
[13:43:48.752] [DEBUG] [24424] [World.cpp:137] [Tetra::World::load_chunk] Loaded chunk at (1, 1, -4)
[13:43:48.753] [DEBUG] [24424] [World.cpp:137] [Tetra::World::load_chunk] Loaded chunk at (1, 1, -3)
[13:43:48.754] [DEBUG] [24424] [World.cpp:137] [Tetra::World::load_chunk] Loaded chunk at (1, 1, -2)
[13:43:48.755] [DEBUG] [24424] [World.cpp:137] [Tetra::World::load_chunk] Loaded chunk at (1, 1, -1)
[13:43:48.755] [DEBUG] [24424] [World.cpp:137] [Tetra::World::load_chunk] Loaded chunk at (1, 1, 0)
[13:43:48.756] [DEBUG] [24424] [World.cpp:137] [Tetra::World::load_chunk] Loaded chunk at (1, 1, 1)
[13:43:48.757] [DEBUG] [24424] [World.cpp:137] [Tetra::World::load_chunk] Loaded chunk at (1, 1, 2)
[13:43:48.758] [DEBUG] [24424] [World.cpp:137] [Tetra::World::load_chunk] Loaded chunk at (1, 1, 3)
[13:43:48.759] [DEBUG] [24424] [World.cpp:137] [Tetra::World::load_chunk] Loaded chunk at (1, 1, 4)
[13:43:48.760] [DEBUG] [24424] [World.cpp:137] [Tetra::World::load_chunk] Loaded chunk at (1, 1, 5)
[13:43:48.760] [DEBUG] [24424] [World.cpp:137] [Tetra::World::load_chunk] Loaded chunk at (1, 1, 6)
[13:43:48.761] [DEBUG] [24424] [World.cpp:137] [Tetra::World::load_chunk] Loaded chunk at (1, 1, 7)
[13:43:48.762] [DEBUG] [24424] [World.cpp:137] [Tetra::World::load_chunk] Loaded chunk at (1, 1, 8)
[13:43:48.763] [DEBUG] [24424] [World.cpp:137] [Tetra::World::load_chunk] Loaded chunk at (2, -3, -8)
[13:43:48.764] [DEBUG] [24424] [World.cpp:137] [Tetra::World::load_chunk] Loaded chunk at (2, -3, -7)
[13:43:48.764] [DEBUG] [24424] [World.cpp:137] [Tetra::World::load_chunk] Loaded chunk at (2, -3, -6)
[13:43:48.765] [DEBUG] [24424] [World.cpp:137] [Tetra::World::load_chunk] Loaded chunk at (2, -3, -5)
[13:43:48.766] [DEBUG] [24424] [World.cpp:137] [Tetra::World::load_chunk] Loaded chunk at (2, -3, -4)
[13:43:48.767] [DEBUG] [24424] [World.cpp:137] [Tetra::World::load_chunk] Loaded chunk at (2, -3, -3)
[13:43:48.768] [DEBUG] [24424] [World.cpp:137] [Tetra::World::load_chunk] Loaded chunk at (2, -3, -2)
[13:43:48.769] [DEBUG] [24424] [World.cpp:137] [Tetra::World::load_chunk] Loaded chunk at (2, -3, -1)
[13:43:48.770] [DEBUG] [24424] [World.cpp:137] [Tetra::World::load_chunk] Loaded chunk at (2, -3, 0)
[13:43:48.771] [DEBUG] [24424] [World.cpp:137] [Tetra::World::load_chunk] Loaded chunk at (2, -3, 1)
[13:43:48.772] [DEBUG] [24424] [World.cpp:137] [Tetra::World::load_chunk] Loaded chunk at (2, -3, 2)
[13:43:48.773] [DEBUG] [24424] [World.cpp:137] [Tetra::World::load_chunk] Loaded chunk at (2, -3, 3)
[13:43:48.773] [DEBUG] [24424] [World.cpp:137] [Tetra::World::load_chunk] Loaded chunk at (2, -3, 4)
[13:43:48.774] [DEBUG] [24424] [World.cpp:137] [Tetra::World::load_chunk] Loaded chunk at (2, -3, 5)
[13:43:48.775] [DEBUG] [24424] [World.cpp:137] [Tetra::World::load_chunk] Loaded chunk at (2, -3, 6)
[13:43:48.776] [DEBUG] [24424] [World.cpp:137] [Tetra::World::load_chunk] Loaded chunk at (2, -3, 7)
[13:43:48.777] [DEBUG] [24424] [World.cpp:137] [Tetra::World::load_chunk] Loaded chunk at (2, -3, 8)
[13:43:48.778] [DEBUG] [24424] [World.cpp:137] [Tetra::World::load_chunk] Loaded chunk at (2, -2, -8)
[13:43:48.778] [DEBUG] [24424] [World.cpp:137] [Tetra::World::load_chunk] Loaded chunk at (2, -2, -7)
[13:43:48.779] [DEBUG] [24424] [World.cpp:137] [Tetra::World::load_chunk] Loaded chunk at (2, -2, -6)
[13:43:48.780] [DEBUG] [24424] [World.cpp:137] [Tetra::World::load_chunk] Loaded chunk at (2, -2, -5)
[13:43:48.781] [DEBUG] [24424] [World.cpp:137] [Tetra::World::load_chunk] Loaded chunk at (2, -2, -4)
[13:43:48.782] [DEBUG] [24424] [World.cpp:137] [Tetra::World::load_chunk] Loaded chunk at (2, -2, -3)
[13:43:48.783] [DEBUG] [24424] [World.cpp:137] [Tetra::World::load_chunk] Loaded chunk at (2, -2, -2)
[13:43:48.784] [DEBUG] [24424] [World.cpp:137] [Tetra::World::load_chunk] Loaded chunk at (2, -2, -1)
[13:43:48.784] [DEBUG] [24424] [World.cpp:137] [Tetra::World::load_chunk] Loaded chunk at (2, -2, 0)
[13:43:48.785] [DEBUG] [24424] [World.cpp:137] [Tetra::World::load_chunk] Loaded chunk at (2, -2, 1)
[13:43:48.786] [DEBUG] [24424] [World.cpp:137] [Tetra::World::load_chunk] Loaded chunk at (2, -2, 2)
[13:43:48.787] [DEBUG] [24424] [World.cpp:137] [Tetra::World::load_chunk] Loaded chunk at (2, -2, 3)
[13:43:48.788] [DEBUG] [24424] [World.cpp:137] [Tetra::World::load_chunk] Loaded chunk at (2, -2, 4)
[13:43:48.789] [DEBUG] [24424] [World.cpp:137] [Tetra::World::load_chunk] Loaded chunk at (2, -2, 5)
[13:43:48.790] [DEBUG] [24424] [World.cpp:137] [Tetra::World::load_chunk] Loaded chunk at (2, -2, 6)
[13:43:48.791] [DEBUG] [24424] [World.cpp:137] [Tetra::World::load_chunk] Loaded chunk at (2, -2, 7)
[13:43:48.792] [DEBUG] [24424] [World.cpp:137] [Tetra::World::load_chunk] Loaded chunk at (2, -2, 8)
[13:43:48.793] [DEBUG] [24424] [World.cpp:137] [Tetra::World::load_chunk] Loaded chunk at (2, -1, -8)
[13:43:48.794] [DEBUG] [24424] [World.cpp:137] [Tetra::World::load_chunk] Loaded chunk at (2, -1, -7)
[13:43:48.795] [DEBUG] [24424] [World.cpp:137] [Tetra::World::load_chunk] Loaded chunk at (2, -1, -6)
[13:43:48.796] [DEBUG] [24424] [World.cpp:137] [Tetra::World::load_chunk] Loaded chunk at (2, -1, -5)
[13:43:48.797] [DEBUG] [24424] [World.cpp:137] [Tetra::World::load_chunk] Loaded chunk at (2, -1, -4)
[13:43:48.798] [DEBUG] [24424] [World.cpp:137] [Tetra::World::load_chunk] Loaded chunk at (2, -1, -3)
[13:43:48.799] [DEBUG] [24424] [World.cpp:137] [Tetra::World::load_chunk] Loaded chunk at (2, -1, -2)
[13:43:48.800] [DEBUG] [24424] [World.cpp:137] [Tetra::World::load_chunk] Loaded chunk at (2, -1, -1)
[13:43:48.801] [DEBUG] [24424] [World.cpp:137] [Tetra::World::load_chunk] Loaded chunk at (2, -1, 0)
[13:43:48.801] [DEBUG] [24424] [World.cpp:137] [Tetra::World::load_chunk] Loaded chunk at (2, -1, 1)
[13:43:48.802] [DEBUG] [24424] [World.cpp:137] [Tetra::World::load_chunk] Loaded chunk at (2, -1, 2)
[13:43:48.803] [DEBUG] [24424] [World.cpp:137] [Tetra::World::load_chunk] Loaded chunk at (2, -1, 3)
[13:43:48.804] [DEBUG] [24424] [World.cpp:137] [Tetra::World::load_chunk] Loaded chunk at (2, -1, 4)
[13:43:48.805] [DEBUG] [24424] [World.cpp:137] [Tetra::World::load_chunk] Loaded chunk at (2, -1, 5)
[13:43:48.806] [DEBUG] [24424] [World.cpp:137] [Tetra::World::load_chunk] Loaded chunk at (2, -1, 6)
[13:43:48.807] [DEBUG] [24424] [World.cpp:137] [Tetra::World::load_chunk] Loaded chunk at (2, -1, 7)
[13:43:48.808] [DEBUG] [24424] [World.cpp:137] [Tetra::World::load_chunk] Loaded chunk at (2, -1, 8)
[13:43:48.808] [DEBUG] [24424] [World.cpp:137] [Tetra::World::load_chunk] Loaded chunk at (2, 0, -8)
[13:43:48.809] [DEBUG] [24424] [World.cpp:137] [Tetra::World::load_chunk] Loaded chunk at (2, 0, -7)
[13:43:48.810] [DEBUG] [24424] [World.cpp:137] [Tetra::World::load_chunk] Loaded chunk at (2, 0, -6)
[13:43:48.811] [DEBUG] [24424] [World.cpp:137] [Tetra::World::load_chunk] Loaded chunk at (2, 0, -5)
[13:43:48.812] [DEBUG] [24424] [World.cpp:137] [Tetra::World::load_chunk] Loaded chunk at (2, 0, -4)
[13:43:48.813] [DEBUG] [24424] [World.cpp:137] [Tetra::World::load_chunk] Loaded chunk at (2, 0, -3)
[13:43:48.814] [DEBUG] [24424] [World.cpp:137] [Tetra::World::load_chunk] Loaded chunk at (2, 0, -2)
[13:43:48.815] [DEBUG] [24424] [World.cpp:137] [Tetra::World::load_chunk] Loaded chunk at (2, 0, -1)
[13:43:48.815] [DEBUG] [24424] [World.cpp:137] [Tetra::World::load_chunk] Loaded chunk at (2, 0, 0)
[13:43:48.816] [DEBUG] [24424] [World.cpp:137] [Tetra::World::load_chunk] Loaded chunk at (2, 0, 1)
[13:43:48.817] [DEBUG] [24424] [World.cpp:137] [Tetra::World::load_chunk] Loaded chunk at (2, 0, 2)
[13:43:48.818] [DEBUG] [24424] [World.cpp:137] [Tetra::World::load_chunk] Loaded chunk at (2, 0, 3)
[13:43:48.819] [DEBUG] [24424] [World.cpp:137] [Tetra::World::load_chunk] Loaded chunk at (2, 0, 4)
[13:43:48.819] [DEBUG] [24424] [World.cpp:137] [Tetra::World::load_chunk] Loaded chunk at (2, 0, 5)
[13:43:48.820] [DEBUG] [24424] [World.cpp:137] [Tetra::World::load_chunk] Loaded chunk at (2, 0, 6)
[13:43:48.821] [DEBUG] [24424] [World.cpp:137] [Tetra::World::load_chunk] Loaded chunk at (2, 0, 7)
[13:43:48.822] [DEBUG] [24424] [World.cpp:137] [Tetra::World::load_chunk] Loaded chunk at (2, 0, 8)
[13:43:48.823] [DEBUG] [24424] [World.cpp:137] [Tetra::World::load_chunk] Loaded chunk at (2, 1, -8)
[13:43:48.824] [DEBUG] [24424] [World.cpp:137] [Tetra::World::load_chunk] Loaded chunk at (2, 1, -7)
[13:43:48.825] [DEBUG] [24424] [World.cpp:137] [Tetra::World::load_chunk] Loaded chunk at (2, 1, -6)
[13:43:48.826] [DEBUG] [24424] [World.cpp:137] [Tetra::World::load_chunk] Loaded chunk at (2, 1, -5)
[13:43:48.827] [DEBUG] [24424] [World.cpp:137] [Tetra::World::load_chunk] Loaded chunk at (2, 1, -4)
[13:43:48.827] [DEBUG] [24424] [World.cpp:137] [Tetra::World::load_chunk] Loaded chunk at (2, 1, -3)
[13:43:48.828] [DEBUG] [24424] [World.cpp:137] [Tetra::World::load_chunk] Loaded chunk at (2, 1, -2)
[13:43:48.829] [DEBUG] [24424] [World.cpp:137] [Tetra::World::load_chunk] Loaded chunk at (2, 1, -1)
[13:43:48.830] [DEBUG] [24424] [World.cpp:137] [Tetra::World::load_chunk] Loaded chunk at (2, 1, 0)
[13:43:48.831] [DEBUG] [24424] [World.cpp:137] [Tetra::World::load_chunk] Loaded chunk at (2, 1, 1)
[13:43:48.832] [DEBUG] [24424] [World.cpp:137] [Tetra::World::load_chunk] Loaded chunk at (2, 1, 2)
[13:43:48.833] [DEBUG] [24424] [World.cpp:137] [Tetra::World::load_chunk] Loaded chunk at (2, 1, 3)
[13:43:48.833] [DEBUG] [24424] [World.cpp:137] [Tetra::World::load_chunk] Loaded chunk at (2, 1, 4)
[13:43:48.834] [DEBUG] [24424] [World.cpp:137] [Tetra::World::load_chunk] Loaded chunk at (2, 1, 5)
[13:43:48.835] [DEBUG] [24424] [World.cpp:137] [Tetra::World::load_chunk] Loaded chunk at (2, 1, 6)
[13:43:48.836] [DEBUG] [24424] [World.cpp:137] [Tetra::World::load_chunk] Loaded chunk at (2, 1, 7)
[13:43:48.836] [DEBUG] [24424] [World.cpp:137] [Tetra::World::load_chunk] Loaded chunk at (2, 1, 8)
[13:43:48.838] [DEBUG] [24424] [World.cpp:137] [Tetra::World::load_chunk] Loaded chunk at (3, -3, -8)
[13:43:48.839] [DEBUG] [24424] [World.cpp:137] [Tetra::World::load_chunk] Loaded chunk at (3, -3, -7)
[13:43:48.840] [DEBUG] [24424] [World.cpp:137] [Tetra::World::load_chunk] Loaded chunk at (3, -3, -6)
[13:43:48.840] [DEBUG] [24424] [World.cpp:137] [Tetra::World::load_chunk] Loaded chunk at (3, -3, -5)
[13:43:48.841] [DEBUG] [24424] [World.cpp:137] [Tetra::World::load_chunk] Loaded chunk at (3, -3, -4)
[13:43:48.842] [DEBUG] [24424] [World.cpp:137] [Tetra::World::load_chunk] Loaded chunk at (3, -3, -3)
[13:43:48.843] [DEBUG] [24424] [World.cpp:137] [Tetra::World::load_chunk] Loaded chunk at (3, -3, -2)
[13:43:48.844] [DEBUG] [24424] [World.cpp:137] [Tetra::World::load_chunk] Loaded chunk at (3, -3, -1)
[13:43:48.844] [DEBUG] [24424] [World.cpp:137] [Tetra::World::load_chunk] Loaded chunk at (3, -3, 0)
[13:43:48.845] [DEBUG] [24424] [World.cpp:137] [Tetra::World::load_chunk] Loaded chunk at (3, -3, 1)
[13:43:48.846] [DEBUG] [24424] [World.cpp:137] [Tetra::World::load_chunk] Loaded chunk at (3, -3, 2)
[13:43:48.847] [DEBUG] [24424] [World.cpp:137] [Tetra::World::load_chunk] Loaded chunk at (3, -3, 3)
[13:43:48.848] [DEBUG] [24424] [World.cpp:137] [Tetra::World::load_chunk] Loaded chunk at (3, -3, 4)
[13:43:48.849] [DEBUG] [24424] [World.cpp:137] [Tetra::World::load_chunk] Loaded chunk at (3, -3, 5)
[13:43:48.849] [DEBUG] [24424] [World.cpp:137] [Tetra::World::load_chunk] Loaded chunk at (3, -3, 6)
[13:43:48.850] [DEBUG] [24424] [World.cpp:137] [Tetra::World::load_chunk] Loaded chunk at (3, -3, 7)
[13:43:48.851] [DEBUG] [24424] [World.cpp:137] [Tetra::World::load_chunk] Loaded chunk at (3, -3, 8)
[13:43:48.852] [DEBUG] [24424] [World.cpp:137] [Tetra::World::load_chunk] Loaded chunk at (3, -2, -8)
[13:43:48.853] [DEBUG] [24424] [World.cpp:137] [Tetra::World::load_chunk] Loaded chunk at (3, -2, -7)
[13:43:48.854] [DEBUG] [24424] [World.cpp:137] [Tetra::World::load_chunk] Loaded chunk at (3, -2, -6)
[13:43:48.855] [DEBUG] [24424] [World.cpp:137] [Tetra::World::load_chunk] Loaded chunk at (3, -2, -5)
[13:43:48.856] [DEBUG] [24424] [World.cpp:137] [Tetra::World::load_chunk] Loaded chunk at (3, -2, -4)
[13:43:48.856] [DEBUG] [24424] [World.cpp:137] [Tetra::World::load_chunk] Loaded chunk at (3, -2, -3)
[13:43:48.857] [DEBUG] [24424] [World.cpp:137] [Tetra::World::load_chunk] Loaded chunk at (3, -2, -2)
[13:43:48.858] [DEBUG] [24424] [World.cpp:137] [Tetra::World::load_chunk] Loaded chunk at (3, -2, -1)
[13:43:48.859] [DEBUG] [24424] [World.cpp:137] [Tetra::World::load_chunk] Loaded chunk at (3, -2, 0)
[13:43:48.860] [DEBUG] [24424] [World.cpp:137] [Tetra::World::load_chunk] Loaded chunk at (3, -2, 1)
[13:43:48.861] [DEBUG] [24424] [World.cpp:137] [Tetra::World::load_chunk] Loaded chunk at (3, -2, 2)
[13:43:48.862] [DEBUG] [24424] [World.cpp:137] [Tetra::World::load_chunk] Loaded chunk at (3, -2, 3)
[13:43:48.862] [DEBUG] [24424] [World.cpp:137] [Tetra::World::load_chunk] Loaded chunk at (3, -2, 4)
[13:43:48.863] [DEBUG] [24424] [World.cpp:137] [Tetra::World::load_chunk] Loaded chunk at (3, -2, 5)
[13:43:48.864] [DEBUG] [24424] [World.cpp:137] [Tetra::World::load_chunk] Loaded chunk at (3, -2, 6)
[13:43:48.865] [DEBUG] [24424] [World.cpp:137] [Tetra::World::load_chunk] Loaded chunk at (3, -2, 7)
[13:43:48.866] [DEBUG] [24424] [World.cpp:137] [Tetra::World::load_chunk] Loaded chunk at (3, -2, 8)
[13:43:48.867] [DEBUG] [24424] [World.cpp:137] [Tetra::World::load_chunk] Loaded chunk at (3, -1, -8)
[13:43:48.868] [DEBUG] [24424] [World.cpp:137] [Tetra::World::load_chunk] Loaded chunk at (3, -1, -7)
[13:43:48.869] [DEBUG] [24424] [World.cpp:137] [Tetra::World::load_chunk] Loaded chunk at (3, -1, -6)
[13:43:48.870] [DEBUG] [24424] [World.cpp:137] [Tetra::World::load_chunk] Loaded chunk at (3, -1, -5)
[13:43:48.871] [DEBUG] [24424] [World.cpp:137] [Tetra::World::load_chunk] Loaded chunk at (3, -1, -4)
[13:43:48.872] [DEBUG] [24424] [World.cpp:137] [Tetra::World::load_chunk] Loaded chunk at (3, -1, -3)
[13:43:48.873] [DEBUG] [24424] [World.cpp:137] [Tetra::World::load_chunk] Loaded chunk at (3, -1, -2)
[13:43:48.874] [DEBUG] [24424] [World.cpp:137] [Tetra::World::load_chunk] Loaded chunk at (3, -1, -1)
[13:43:48.875] [DEBUG] [24424] [World.cpp:137] [Tetra::World::load_chunk] Loaded chunk at (3, -1, 0)
[13:43:48.877] [DEBUG] [24424] [World.cpp:137] [Tetra::World::load_chunk] Loaded chunk at (3, -1, 1)
[13:43:48.878] [DEBUG] [24424] [World.cpp:137] [Tetra::World::load_chunk] Loaded chunk at (3, -1, 2)
[13:43:48.879] [DEBUG] [24424] [World.cpp:137] [Tetra::World::load_chunk] Loaded chunk at (3, -1, 3)
[13:43:48.880] [DEBUG] [24424] [World.cpp:137] [Tetra::World::load_chunk] Loaded chunk at (3, -1, 4)
[13:43:48.881] [DEBUG] [24424] [World.cpp:137] [Tetra::World::load_chunk] Loaded chunk at (3, -1, 5)
[13:43:48.882] [DEBUG] [24424] [World.cpp:137] [Tetra::World::load_chunk] Loaded chunk at (3, -1, 6)
[13:43:48.883] [DEBUG] [24424] [World.cpp:137] [Tetra::World::load_chunk] Loaded chunk at (3, -1, 7)
[13:43:48.883] [DEBUG] [24424] [World.cpp:137] [Tetra::World::load_chunk] Loaded chunk at (3, -1, 8)
[13:43:48.884] [DEBUG] [24424] [World.cpp:137] [Tetra::World::load_chunk] Loaded chunk at (3, 0, -8)
[13:43:48.885] [DEBUG] [24424] [World.cpp:137] [Tetra::World::load_chunk] Loaded chunk at (3, 0, -7)
[13:43:48.886] [DEBUG] [24424] [World.cpp:137] [Tetra::World::load_chunk] Loaded chunk at (3, 0, -6)
[13:43:48.887] [DEBUG] [24424] [World.cpp:137] [Tetra::World::load_chunk] Loaded chunk at (3, 0, -5)
[13:43:48.888] [DEBUG] [24424] [World.cpp:137] [Tetra::World::load_chunk] Loaded chunk at (3, 0, -4)
[13:43:48.890] [DEBUG] [24424] [World.cpp:137] [Tetra::World::load_chunk] Loaded chunk at (3, 0, -3)
[13:43:48.891] [DEBUG] [24424] [World.cpp:137] [Tetra::World::load_chunk] Loaded chunk at (3, 0, -2)
[13:43:48.892] [DEBUG] [24424] [World.cpp:137] [Tetra::World::load_chunk] Loaded chunk at (3, 0, -1)
[13:43:48.893] [DEBUG] [24424] [World.cpp:137] [Tetra::World::load_chunk] Loaded chunk at (3, 0, 0)
[13:43:48.894] [DEBUG] [24424] [World.cpp:137] [Tetra::World::load_chunk] Loaded chunk at (3, 0, 1)
[13:43:48.895] [DEBUG] [24424] [World.cpp:137] [Tetra::World::load_chunk] Loaded chunk at (3, 0, 2)
[13:43:48.895] [DEBUG] [24424] [World.cpp:137] [Tetra::World::load_chunk] Loaded chunk at (3, 0, 3)
[13:43:48.896] [DEBUG] [24424] [World.cpp:137] [Tetra::World::load_chunk] Loaded chunk at (3, 0, 4)
[13:43:48.897] [DEBUG] [24424] [World.cpp:137] [Tetra::World::load_chunk] Loaded chunk at (3, 0, 5)
[13:43:48.898] [DEBUG] [24424] [World.cpp:137] [Tetra::World::load_chunk] Loaded chunk at (3, 0, 6)
[13:43:48.899] [DEBUG] [24424] [World.cpp:137] [Tetra::World::load_chunk] Loaded chunk at (3, 0, 7)
[13:43:48.900] [DEBUG] [24424] [World.cpp:137] [Tetra::World::load_chunk] Loaded chunk at (3, 0, 8)
[13:43:48.901] [DEBUG] [24424] [World.cpp:137] [Tetra::World::load_chunk] Loaded chunk at (3, 1, -8)
[13:43:48.902] [DEBUG] [24424] [World.cpp:137] [Tetra::World::load_chunk] Loaded chunk at (3, 1, -7)
[13:43:48.903] [DEBUG] [24424] [World.cpp:137] [Tetra::World::load_chunk] Loaded chunk at (3, 1, -6)
[13:43:48.904] [DEBUG] [24424] [World.cpp:137] [Tetra::World::load_chunk] Loaded chunk at (3, 1, -5)
[13:43:48.905] [DEBUG] [24424] [World.cpp:137] [Tetra::World::load_chunk] Loaded chunk at (3, 1, -4)
[13:43:48.905] [DEBUG] [24424] [World.cpp:137] [Tetra::World::load_chunk] Loaded chunk at (3, 1, -3)
[13:43:48.906] [DEBUG] [24424] [World.cpp:137] [Tetra::World::load_chunk] Loaded chunk at (3, 1, -2)
[13:43:48.907] [DEBUG] [24424] [World.cpp:137] [Tetra::World::load_chunk] Loaded chunk at (3, 1, -1)
[13:43:48.908] [DEBUG] [24424] [World.cpp:137] [Tetra::World::load_chunk] Loaded chunk at (3, 1, 0)
[13:43:48.909] [DEBUG] [24424] [World.cpp:137] [Tetra::World::load_chunk] Loaded chunk at (3, 1, 1)
[13:43:48.910] [DEBUG] [24424] [World.cpp:137] [Tetra::World::load_chunk] Loaded chunk at (3, 1, 2)
[13:43:48.911] [DEBUG] [24424] [World.cpp:137] [Tetra::World::load_chunk] Loaded chunk at (3, 1, 3)
[13:43:48.912] [DEBUG] [24424] [World.cpp:137] [Tetra::World::load_chunk] Loaded chunk at (3, 1, 4)
[13:43:48.913] [DEBUG] [24424] [World.cpp:137] [Tetra::World::load_chunk] Loaded chunk at (3, 1, 5)
[13:43:48.914] [DEBUG] [24424] [World.cpp:137] [Tetra::World::load_chunk] Loaded chunk at (3, 1, 6)
[13:43:48.915] [DEBUG] [24424] [World.cpp:137] [Tetra::World::load_chunk] Loaded chunk at (3, 1, 7)
[13:43:48.916] [DEBUG] [24424] [World.cpp:137] [Tetra::World::load_chunk] Loaded chunk at (3, 1, 8)
[13:43:48.917] [DEBUG] [24424] [World.cpp:137] [Tetra::World::load_chunk] Loaded chunk at (4, -3, -8)
[13:43:48.918] [DEBUG] [24424] [World.cpp:137] [Tetra::World::load_chunk] Loaded chunk at (4, -3, -7)
[13:43:48.919] [DEBUG] [24424] [World.cpp:137] [Tetra::World::load_chunk] Loaded chunk at (4, -3, -6)
[13:43:48.920] [DEBUG] [24424] [World.cpp:137] [Tetra::World::load_chunk] Loaded chunk at (4, -3, -5)
[13:43:48.921] [DEBUG] [24424] [World.cpp:137] [Tetra::World::load_chunk] Loaded chunk at (4, -3, -4)
[13:43:48.922] [DEBUG] [24424] [World.cpp:137] [Tetra::World::load_chunk] Loaded chunk at (4, -3, -3)
[13:43:48.924] [DEBUG] [24424] [World.cpp:137] [Tetra::World::load_chunk] Loaded chunk at (4, -3, -2)
[13:43:48.925] [DEBUG] [24424] [World.cpp:137] [Tetra::World::load_chunk] Loaded chunk at (4, -3, -1)
[13:43:48.926] [DEBUG] [24424] [World.cpp:137] [Tetra::World::load_chunk] Loaded chunk at (4, -3, 0)
[13:43:48.927] [DEBUG] [24424] [World.cpp:137] [Tetra::World::load_chunk] Loaded chunk at (4, -3, 1)
[13:43:48.928] [DEBUG] [24424] [World.cpp:137] [Tetra::World::load_chunk] Loaded chunk at (4, -3, 2)
[13:43:48.929] [DEBUG] [24424] [World.cpp:137] [Tetra::World::load_chunk] Loaded chunk at (4, -3, 3)
[13:43:48.930] [DEBUG] [24424] [World.cpp:137] [Tetra::World::load_chunk] Loaded chunk at (4, -3, 4)
[13:43:48.931] [DEBUG] [24424] [World.cpp:137] [Tetra::World::load_chunk] Loaded chunk at (4, -3, 5)
[13:43:48.932] [DEBUG] [24424] [World.cpp:137] [Tetra::World::load_chunk] Loaded chunk at (4, -3, 6)
[13:43:48.933] [DEBUG] [24424] [World.cpp:137] [Tetra::World::load_chunk] Loaded chunk at (4, -3, 7)
[13:43:48.934] [DEBUG] [24424] [World.cpp:137] [Tetra::World::load_chunk] Loaded chunk at (4, -3, 8)
[13:43:48.935] [DEBUG] [24424] [World.cpp:137] [Tetra::World::load_chunk] Loaded chunk at (4, -2, -8)
[13:43:48.936] [DEBUG] [24424] [World.cpp:137] [Tetra::World::load_chunk] Loaded chunk at (4, -2, -7)
[13:43:48.936] [DEBUG] [24424] [World.cpp:137] [Tetra::World::load_chunk] Loaded chunk at (4, -2, -6)
[13:43:48.937] [DEBUG] [24424] [World.cpp:137] [Tetra::World::load_chunk] Loaded chunk at (4, -2, -5)
[13:43:48.939] [DEBUG] [24424] [World.cpp:137] [Tetra::World::load_chunk] Loaded chunk at (4, -2, -4)
[13:43:48.940] [DEBUG] [24424] [World.cpp:137] [Tetra::World::load_chunk] Loaded chunk at (4, -2, -3)
[13:43:48.941] [DEBUG] [24424] [World.cpp:137] [Tetra::World::load_chunk] Loaded chunk at (4, -2, -2)
[13:43:48.942] [DEBUG] [24424] [World.cpp:137] [Tetra::World::load_chunk] Loaded chunk at (4, -2, -1)
[13:43:48.943] [DEBUG] [24424] [World.cpp:137] [Tetra::World::load_chunk] Loaded chunk at (4, -2, 0)
[13:43:48.944] [DEBUG] [24424] [World.cpp:137] [Tetra::World::load_chunk] Loaded chunk at (4, -2, 1)
[13:43:48.945] [DEBUG] [24424] [World.cpp:137] [Tetra::World::load_chunk] Loaded chunk at (4, -2, 2)
[13:43:48.945] [DEBUG] [24424] [World.cpp:137] [Tetra::World::load_chunk] Loaded chunk at (4, -2, 3)
[13:43:48.946] [DEBUG] [24424] [World.cpp:137] [Tetra::World::load_chunk] Loaded chunk at (4, -2, 4)
[13:43:48.947] [DEBUG] [24424] [World.cpp:137] [Tetra::World::load_chunk] Loaded chunk at (4, -2, 5)
[13:43:48.948] [DEBUG] [24424] [World.cpp:137] [Tetra::World::load_chunk] Loaded chunk at (4, -2, 6)
[13:43:48.949] [DEBUG] [24424] [World.cpp:137] [Tetra::World::load_chunk] Loaded chunk at (4, -2, 7)
[13:43:48.950] [DEBUG] [24424] [World.cpp:137] [Tetra::World::load_chunk] Loaded chunk at (4, -2, 8)
[13:43:48.951] [DEBUG] [24424] [World.cpp:137] [Tetra::World::load_chunk] Loaded chunk at (4, -1, -8)
[13:43:48.952] [DEBUG] [24424] [World.cpp:137] [Tetra::World::load_chunk] Loaded chunk at (4, -1, -7)
[13:43:48.956] [DEBUG] [24424] [World.cpp:137] [Tetra::World::load_chunk] Loaded chunk at (4, -1, -6)
[13:43:48.958] [DEBUG] [24424] [World.cpp:137] [Tetra::World::load_chunk] Loaded chunk at (4, -1, -5)
[13:43:48.959] [DEBUG] [24424] [World.cpp:137] [Tetra::World::load_chunk] Loaded chunk at (4, -1, -4)
[13:43:48.961] [DEBUG] [24424] [World.cpp:137] [Tetra::World::load_chunk] Loaded chunk at (4, -1, -3)
[13:43:48.962] [DEBUG] [24424] [World.cpp:137] [Tetra::World::load_chunk] Loaded chunk at (4, -1, -2)
[13:43:48.963] [DEBUG] [24424] [World.cpp:137] [Tetra::World::load_chunk] Loaded chunk at (4, -1, -1)
[13:43:48.964] [DEBUG] [24424] [World.cpp:137] [Tetra::World::load_chunk] Loaded chunk at (4, -1, 0)
[13:43:48.965] [DEBUG] [24424] [World.cpp:137] [Tetra::World::load_chunk] Loaded chunk at (4, -1, 1)
[13:43:48.965] [DEBUG] [24424] [World.cpp:137] [Tetra::World::load_chunk] Loaded chunk at (4, -1, 2)
[13:43:48.966] [DEBUG] [24424] [World.cpp:137] [Tetra::World::load_chunk] Loaded chunk at (4, -1, 3)
[13:43:48.967] [DEBUG] [24424] [World.cpp:137] [Tetra::World::load_chunk] Loaded chunk at (4, -1, 4)
[13:43:48.968] [DEBUG] [24424] [World.cpp:137] [Tetra::World::load_chunk] Loaded chunk at (4, -1, 5)
[13:43:48.969] [DEBUG] [24424] [World.cpp:137] [Tetra::World::load_chunk] Loaded chunk at (4, -1, 6)
[13:43:48.971] [DEBUG] [24424] [World.cpp:137] [Tetra::World::load_chunk] Loaded chunk at (4, -1, 7)
[13:43:48.974] [DEBUG] [24424] [World.cpp:137] [Tetra::World::load_chunk] Loaded chunk at (4, -1, 8)
[13:43:48.975] [DEBUG] [24424] [World.cpp:137] [Tetra::World::load_chunk] Loaded chunk at (4, 0, -8)
[13:43:48.977] [DEBUG] [24424] [World.cpp:137] [Tetra::World::load_chunk] Loaded chunk at (4, 0, -7)
[13:43:48.979] [DEBUG] [24424] [World.cpp:137] [Tetra::World::load_chunk] Loaded chunk at (4, 0, -6)
[13:43:48.980] [DEBUG] [24424] [World.cpp:137] [Tetra::World::load_chunk] Loaded chunk at (4, 0, -5)
[13:43:48.982] [DEBUG] [24424] [World.cpp:137] [Tetra::World::load_chunk] Loaded chunk at (4, 0, -4)
[13:43:48.983] [DEBUG] [24424] [World.cpp:137] [Tetra::World::load_chunk] Loaded chunk at (4, 0, -3)
[13:43:48.986] [DEBUG] [24424] [World.cpp:137] [Tetra::World::load_chunk] Loaded chunk at (4, 0, -2)
[13:43:48.988] [DEBUG] [24424] [World.cpp:137] [Tetra::World::load_chunk] Loaded chunk at (4, 0, -1)
[13:43:48.989] [DEBUG] [24424] [World.cpp:137] [Tetra::World::load_chunk] Loaded chunk at (4, 0, 0)
[13:43:48.991] [DEBUG] [24424] [World.cpp:137] [Tetra::World::load_chunk] Loaded chunk at (4, 0, 1)
[13:43:48.992] [DEBUG] [24424] [World.cpp:137] [Tetra::World::load_chunk] Loaded chunk at (4, 0, 2)
[13:43:48.993] [DEBUG] [24424] [World.cpp:137] [Tetra::World::load_chunk] Loaded chunk at (4, 0, 3)
[13:43:48.994] [DEBUG] [24424] [World.cpp:137] [Tetra::World::load_chunk] Loaded chunk at (4, 0, 4)
[13:43:48.995] [DEBUG] [24424] [World.cpp:137] [Tetra::World::load_chunk] Loaded chunk at (4, 0, 5)
[13:43:48.996] [DEBUG] [24424] [World.cpp:137] [Tetra::World::load_chunk] Loaded chunk at (4, 0, 6)
[13:43:48.998] [DEBUG] [24424] [World.cpp:137] [Tetra::World::load_chunk] Loaded chunk at (4, 0, 7)
[13:43:49.001] [DEBUG] [24424] [World.cpp:137] [Tetra::World::load_chunk] Loaded chunk at (4, 0, 8)
[13:43:49.002] [DEBUG] [24424] [World.cpp:137] [Tetra::World::load_chunk] Loaded chunk at (4, 1, -8)
[13:43:49.004] [DEBUG] [24424] [World.cpp:137] [Tetra::World::load_chunk] Loaded chunk at (4, 1, -7)
[13:43:49.006] [DEBUG] [24424] [World.cpp:137] [Tetra::World::load_chunk] Loaded chunk at (4, 1, -6)
[13:43:49.007] [DEBUG] [24424] [World.cpp:137] [Tetra::World::load_chunk] Loaded chunk at (4, 1, -5)
[13:43:49.008] [DEBUG] [24424] [World.cpp:137] [Tetra::World::load_chunk] Loaded chunk at (4, 1, -4)
[13:43:49.009] [DEBUG] [24424] [World.cpp:137] [Tetra::World::load_chunk] Loaded chunk at (4, 1, -3)
[13:43:49.010] [DEBUG] [24424] [World.cpp:137] [Tetra::World::load_chunk] Loaded chunk at (4, 1, -2)
[13:43:49.011] [DEBUG] [24424] [World.cpp:137] [Tetra::World::load_chunk] Loaded chunk at (4, 1, -1)
[13:43:49.012] [DEBUG] [24424] [World.cpp:137] [Tetra::World::load_chunk] Loaded chunk at (4, 1, 0)
[13:43:49.013] [DEBUG] [24424] [World.cpp:137] [Tetra::World::load_chunk] Loaded chunk at (4, 1, 1)
[13:43:49.014] [DEBUG] [24424] [World.cpp:137] [Tetra::World::load_chunk] Loaded chunk at (4, 1, 2)
[13:43:49.016] [DEBUG] [24424] [World.cpp:137] [Tetra::World::load_chunk] Loaded chunk at (4, 1, 3)
[13:43:49.017] [DEBUG] [24424] [World.cpp:137] [Tetra::World::load_chunk] Loaded chunk at (4, 1, 4)
[13:43:49.018] [DEBUG] [24424] [World.cpp:137] [Tetra::World::load_chunk] Loaded chunk at (4, 1, 5)
[13:43:49.019] [DEBUG] [24424] [World.cpp:137] [Tetra::World::load_chunk] Loaded chunk at (4, 1, 6)
[13:43:49.020] [DEBUG] [24424] [World.cpp:137] [Tetra::World::load_chunk] Loaded chunk at (4, 1, 7)
[13:43:49.021] [DEBUG] [24424] [World.cpp:137] [Tetra::World::load_chunk] Loaded chunk at (4, 1, 8)
[13:43:49.022] [DEBUG] [24424] [World.cpp:137] [Tetra::World::load_chunk] Loaded chunk at (5, -3, -8)
[13:43:49.023] [DEBUG] [24424] [World.cpp:137] [Tetra::World::load_chunk] Loaded chunk at (5, -3, -7)
[13:43:49.024] [DEBUG] [24424] [World.cpp:137] [Tetra::World::load_chunk] Loaded chunk at (5, -3, -6)
[13:43:49.025] [DEBUG] [24424] [World.cpp:137] [Tetra::World::load_chunk] Loaded chunk at (5, -3, -5)
[13:43:49.026] [DEBUG] [24424] [World.cpp:137] [Tetra::World::load_chunk] Loaded chunk at (5, -3, -4)
[13:43:49.026] [DEBUG] [24424] [World.cpp:137] [Tetra::World::load_chunk] Loaded chunk at (5, -3, -3)
[13:43:49.027] [DEBUG] [24424] [World.cpp:137] [Tetra::World::load_chunk] Loaded chunk at (5, -3, -2)
[13:43:49.029] [DEBUG] [24424] [World.cpp:137] [Tetra::World::load_chunk] Loaded chunk at (5, -3, -1)
[13:43:49.030] [DEBUG] [24424] [World.cpp:137] [Tetra::World::load_chunk] Loaded chunk at (5, -3, 0)
[13:43:49.030] [DEBUG] [24424] [World.cpp:137] [Tetra::World::load_chunk] Loaded chunk at (5, -3, 1)
[13:43:49.031] [DEBUG] [24424] [World.cpp:137] [Tetra::World::load_chunk] Loaded chunk at (5, -3, 2)
[13:43:49.032] [DEBUG] [24424] [World.cpp:137] [Tetra::World::load_chunk] Loaded chunk at (5, -3, 3)
[13:43:49.033] [DEBUG] [24424] [World.cpp:137] [Tetra::World::load_chunk] Loaded chunk at (5, -3, 4)
[13:43:49.034] [DEBUG] [24424] [World.cpp:137] [Tetra::World::load_chunk] Loaded chunk at (5, -3, 5)
[13:43:49.035] [DEBUG] [24424] [World.cpp:137] [Tetra::World::load_chunk] Loaded chunk at (5, -3, 6)
[13:43:49.036] [DEBUG] [24424] [World.cpp:137] [Tetra::World::load_chunk] Loaded chunk at (5, -3, 7)
[13:43:49.037] [DEBUG] [24424] [World.cpp:137] [Tetra::World::load_chunk] Loaded chunk at (5, -3, 8)
[13:43:49.038] [DEBUG] [24424] [World.cpp:137] [Tetra::World::load_chunk] Loaded chunk at (5, -2, -8)
[13:43:49.039] [DEBUG] [24424] [World.cpp:137] [Tetra::World::load_chunk] Loaded chunk at (5, -2, -7)
[13:43:49.041] [DEBUG] [24424] [World.cpp:137] [Tetra::World::load_chunk] Loaded chunk at (5, -2, -6)
[13:43:49.042] [DEBUG] [24424] [World.cpp:137] [Tetra::World::load_chunk] Loaded chunk at (5, -2, -5)
[13:43:49.043] [DEBUG] [24424] [World.cpp:137] [Tetra::World::load_chunk] Loaded chunk at (5, -2, -4)
[13:43:49.044] [DEBUG] [24424] [World.cpp:137] [Tetra::World::load_chunk] Loaded chunk at (5, -2, -3)
[13:43:49.045] [DEBUG] [24424] [World.cpp:137] [Tetra::World::load_chunk] Loaded chunk at (5, -2, -2)
[13:43:49.045] [DEBUG] [24424] [World.cpp:137] [Tetra::World::load_chunk] Loaded chunk at (5, -2, -1)
[13:43:49.046] [DEBUG] [24424] [World.cpp:137] [Tetra::World::load_chunk] Loaded chunk at (5, -2, 0)
[13:43:49.047] [DEBUG] [24424] [World.cpp:137] [Tetra::World::load_chunk] Loaded chunk at (5, -2, 1)
[13:43:49.048] [DEBUG] [24424] [World.cpp:137] [Tetra::World::load_chunk] Loaded chunk at (5, -2, 2)
[13:43:49.049] [DEBUG] [24424] [World.cpp:137] [Tetra::World::load_chunk] Loaded chunk at (5, -2, 3)
[13:43:49.050] [DEBUG] [24424] [World.cpp:137] [Tetra::World::load_chunk] Loaded chunk at (5, -2, 4)
[13:43:49.051] [DEBUG] [24424] [World.cpp:137] [Tetra::World::load_chunk] Loaded chunk at (5, -2, 5)
[13:43:49.052] [DEBUG] [24424] [World.cpp:137] [Tetra::World::load_chunk] Loaded chunk at (5, -2, 6)
[13:43:49.053] [DEBUG] [24424] [World.cpp:137] [Tetra::World::load_chunk] Loaded chunk at (5, -2, 7)
[13:43:49.054] [DEBUG] [24424] [World.cpp:137] [Tetra::World::load_chunk] Loaded chunk at (5, -2, 8)
[13:43:49.055] [DEBUG] [24424] [World.cpp:137] [Tetra::World::load_chunk] Loaded chunk at (5, -1, -8)
[13:43:49.056] [DEBUG] [24424] [World.cpp:137] [Tetra::World::load_chunk] Loaded chunk at (5, -1, -7)
[13:43:49.057] [DEBUG] [24424] [World.cpp:137] [Tetra::World::load_chunk] Loaded chunk at (5, -1, -6)
[13:43:49.058] [DEBUG] [24424] [World.cpp:137] [Tetra::World::load_chunk] Loaded chunk at (5, -1, -5)
[13:43:49.059] [DEBUG] [24424] [World.cpp:137] [Tetra::World::load_chunk] Loaded chunk at (5, -1, -4)
[13:43:49.060] [DEBUG] [24424] [World.cpp:137] [Tetra::World::load_chunk] Loaded chunk at (5, -1, -3)
[13:43:49.061] [DEBUG] [24424] [World.cpp:137] [Tetra::World::load_chunk] Loaded chunk at (5, -1, -2)
[13:43:49.062] [DEBUG] [24424] [World.cpp:137] [Tetra::World::load_chunk] Loaded chunk at (5, -1, -1)
[13:43:49.063] [DEBUG] [24424] [World.cpp:137] [Tetra::World::load_chunk] Loaded chunk at (5, -1, 0)
[13:43:49.064] [DEBUG] [24424] [World.cpp:137] [Tetra::World::load_chunk] Loaded chunk at (5, -1, 1)
[13:43:49.065] [DEBUG] [24424] [World.cpp:137] [Tetra::World::load_chunk] Loaded chunk at (5, -1, 2)
[13:43:49.066] [DEBUG] [24424] [World.cpp:137] [Tetra::World::load_chunk] Loaded chunk at (5, -1, 3)
[13:43:49.066] [DEBUG] [24424] [World.cpp:137] [Tetra::World::load_chunk] Loaded chunk at (5, -1, 4)
[13:43:49.067] [DEBUG] [24424] [World.cpp:137] [Tetra::World::load_chunk] Loaded chunk at (5, -1, 5)
[13:43:49.069] [DEBUG] [24424] [World.cpp:137] [Tetra::World::load_chunk] Loaded chunk at (5, -1, 6)
[13:43:49.072] [DEBUG] [24424] [World.cpp:137] [Tetra::World::load_chunk] Loaded chunk at (5, -1, 7)
[13:43:49.074] [DEBUG] [24424] [World.cpp:137] [Tetra::World::load_chunk] Loaded chunk at (5, -1, 8)
[13:43:49.075] [DEBUG] [24424] [World.cpp:137] [Tetra::World::load_chunk] Loaded chunk at (5, 0, -8)
[13:43:49.075] [DEBUG] [24424] [World.cpp:137] [Tetra::World::load_chunk] Loaded chunk at (5, 0, -7)
[13:43:49.076] [DEBUG] [24424] [World.cpp:137] [Tetra::World::load_chunk] Loaded chunk at (5, 0, -6)
[13:43:49.077] [DEBUG] [24424] [World.cpp:137] [Tetra::World::load_chunk] Loaded chunk at (5, 0, -5)
[13:43:49.078] [DEBUG] [24424] [World.cpp:137] [Tetra::World::load_chunk] Loaded chunk at (5, 0, -4)
[13:43:49.079] [DEBUG] [24424] [World.cpp:137] [Tetra::World::load_chunk] Loaded chunk at (5, 0, -3)
[13:43:49.080] [DEBUG] [24424] [World.cpp:137] [Tetra::World::load_chunk] Loaded chunk at (5, 0, -2)
[13:43:49.080] [DEBUG] [24424] [World.cpp:137] [Tetra::World::load_chunk] Loaded chunk at (5, 0, -1)
[13:43:49.081] [DEBUG] [24424] [World.cpp:137] [Tetra::World::load_chunk] Loaded chunk at (5, 0, 0)
[13:43:49.082] [DEBUG] [24424] [World.cpp:137] [Tetra::World::load_chunk] Loaded chunk at (5, 0, 1)
[13:43:49.083] [DEBUG] [24424] [World.cpp:137] [Tetra::World::load_chunk] Loaded chunk at (5, 0, 2)
[13:43:49.084] [DEBUG] [24424] [World.cpp:137] [Tetra::World::load_chunk] Loaded chunk at (5, 0, 3)
[13:43:49.084] [DEBUG] [24424] [World.cpp:137] [Tetra::World::load_chunk] Loaded chunk at (5, 0, 4)
[13:43:49.085] [DEBUG] [24424] [World.cpp:137] [Tetra::World::load_chunk] Loaded chunk at (5, 0, 5)
[13:43:49.086] [DEBUG] [24424] [World.cpp:137] [Tetra::World::load_chunk] Loaded chunk at (5, 0, 6)
[13:43:49.087] [DEBUG] [24424] [World.cpp:137] [Tetra::World::load_chunk] Loaded chunk at (5, 0, 7)
[13:43:49.088] [DEBUG] [24424] [World.cpp:137] [Tetra::World::load_chunk] Loaded chunk at (5, 0, 8)
[13:43:49.088] [DEBUG] [24424] [World.cpp:137] [Tetra::World::load_chunk] Loaded chunk at (5, 1, -8)
[13:43:49.089] [DEBUG] [24424] [World.cpp:137] [Tetra::World::load_chunk] Loaded chunk at (5, 1, -7)
[13:43:49.090] [DEBUG] [24424] [World.cpp:137] [Tetra::World::load_chunk] Loaded chunk at (5, 1, -6)
[13:43:49.091] [DEBUG] [24424] [World.cpp:137] [Tetra::World::load_chunk] Loaded chunk at (5, 1, -5)
[13:43:49.092] [DEBUG] [24424] [World.cpp:137] [Tetra::World::load_chunk] Loaded chunk at (5, 1, -4)
[13:43:49.093] [DEBUG] [24424] [World.cpp:137] [Tetra::World::load_chunk] Loaded chunk at (5, 1, -3)
[13:43:49.094] [DEBUG] [24424] [World.cpp:137] [Tetra::World::load_chunk] Loaded chunk at (5, 1, -2)
[13:43:49.095] [DEBUG] [24424] [World.cpp:137] [Tetra::World::load_chunk] Loaded chunk at (5, 1, -1)
[13:43:49.096] [DEBUG] [24424] [World.cpp:137] [Tetra::World::load_chunk] Loaded chunk at (5, 1, 0)
[13:43:49.096] [DEBUG] [24424] [World.cpp:137] [Tetra::World::load_chunk] Loaded chunk at (5, 1, 1)
[13:43:49.097] [DEBUG] [24424] [World.cpp:137] [Tetra::World::load_chunk] Loaded chunk at (5, 1, 2)
[13:43:49.098] [DEBUG] [24424] [World.cpp:137] [Tetra::World::load_chunk] Loaded chunk at (5, 1, 3)
[13:43:49.099] [DEBUG] [24424] [World.cpp:137] [Tetra::World::load_chunk] Loaded chunk at (5, 1, 4)
[13:43:49.100] [DEBUG] [24424] [World.cpp:137] [Tetra::World::load_chunk] Loaded chunk at (5, 1, 5)
[13:43:49.101] [DEBUG] [24424] [World.cpp:137] [Tetra::World::load_chunk] Loaded chunk at (5, 1, 6)
[13:43:49.102] [DEBUG] [24424] [World.cpp:137] [Tetra::World::load_chunk] Loaded chunk at (5, 1, 7)
[13:43:49.103] [DEBUG] [24424] [World.cpp:137] [Tetra::World::load_chunk] Loaded chunk at (5, 1, 8)
[13:43:49.104] [DEBUG] [24424] [World.cpp:137] [Tetra::World::load_chunk] Loaded chunk at (6, -3, -8)
[13:43:49.105] [DEBUG] [24424] [World.cpp:137] [Tetra::World::load_chunk] Loaded chunk at (6, -3, -7)
[13:43:49.107] [DEBUG] [24424] [World.cpp:137] [Tetra::World::load_chunk] Loaded chunk at (6, -3, -6)
[13:43:49.107] [DEBUG] [24424] [World.cpp:137] [Tetra::World::load_chunk] Loaded chunk at (6, -3, -5)
[13:43:49.108] [DEBUG] [24424] [World.cpp:137] [Tetra::World::load_chunk] Loaded chunk at (6, -3, -4)
[13:43:49.109] [DEBUG] [24424] [World.cpp:137] [Tetra::World::load_chunk] Loaded chunk at (6, -3, -3)
[13:43:49.110] [DEBUG] [24424] [World.cpp:137] [Tetra::World::load_chunk] Loaded chunk at (6, -3, -2)
[13:43:49.110] [DEBUG] [24424] [World.cpp:137] [Tetra::World::load_chunk] Loaded chunk at (6, -3, -1)
[13:43:49.111] [DEBUG] [24424] [World.cpp:137] [Tetra::World::load_chunk] Loaded chunk at (6, -3, 0)
[13:43:49.112] [DEBUG] [24424] [World.cpp:137] [Tetra::World::load_chunk] Loaded chunk at (6, -3, 1)
[13:43:49.113] [DEBUG] [24424] [World.cpp:137] [Tetra::World::load_chunk] Loaded chunk at (6, -3, 2)
[13:43:49.114] [DEBUG] [24424] [World.cpp:137] [Tetra::World::load_chunk] Loaded chunk at (6, -3, 3)
[13:43:49.115] [DEBUG] [24424] [World.cpp:137] [Tetra::World::load_chunk] Loaded chunk at (6, -3, 4)
[13:43:49.115] [DEBUG] [24424] [World.cpp:137] [Tetra::World::load_chunk] Loaded chunk at (6, -3, 5)
[13:43:49.116] [DEBUG] [24424] [World.cpp:137] [Tetra::World::load_chunk] Loaded chunk at (6, -3, 6)
[13:43:49.117] [DEBUG] [24424] [World.cpp:137] [Tetra::World::load_chunk] Loaded chunk at (6, -3, 7)
[13:43:49.118] [DEBUG] [24424] [World.cpp:137] [Tetra::World::load_chunk] Loaded chunk at (6, -3, 8)
[13:43:49.119] [DEBUG] [24424] [World.cpp:137] [Tetra::World::load_chunk] Loaded chunk at (6, -2, -8)
[13:43:49.119] [DEBUG] [24424] [World.cpp:137] [Tetra::World::load_chunk] Loaded chunk at (6, -2, -7)
[13:43:49.120] [DEBUG] [24424] [World.cpp:137] [Tetra::World::load_chunk] Loaded chunk at (6, -2, -6)
[13:43:49.121] [DEBUG] [24424] [World.cpp:137] [Tetra::World::load_chunk] Loaded chunk at (6, -2, -5)
[13:43:49.122] [DEBUG] [24424] [World.cpp:137] [Tetra::World::load_chunk] Loaded chunk at (6, -2, -4)
[13:43:49.123] [DEBUG] [24424] [World.cpp:137] [Tetra::World::load_chunk] Loaded chunk at (6, -2, -3)
[13:43:49.124] [DEBUG] [24424] [World.cpp:137] [Tetra::World::load_chunk] Loaded chunk at (6, -2, -2)
[13:43:49.124] [DEBUG] [24424] [World.cpp:137] [Tetra::World::load_chunk] Loaded chunk at (6, -2, -1)
[13:43:49.125] [DEBUG] [24424] [World.cpp:137] [Tetra::World::load_chunk] Loaded chunk at (6, -2, 0)
[13:43:49.126] [DEBUG] [24424] [World.cpp:137] [Tetra::World::load_chunk] Loaded chunk at (6, -2, 1)
[13:43:49.127] [DEBUG] [24424] [World.cpp:137] [Tetra::World::load_chunk] Loaded chunk at (6, -2, 2)
[13:43:49.128] [DEBUG] [24424] [World.cpp:137] [Tetra::World::load_chunk] Loaded chunk at (6, -2, 3)
[13:43:49.129] [DEBUG] [24424] [World.cpp:137] [Tetra::World::load_chunk] Loaded chunk at (6, -2, 4)
[13:43:49.130] [DEBUG] [24424] [World.cpp:137] [Tetra::World::load_chunk] Loaded chunk at (6, -2, 5)
[13:43:49.130] [DEBUG] [24424] [World.cpp:137] [Tetra::World::load_chunk] Loaded chunk at (6, -2, 6)
[13:43:49.131] [DEBUG] [24424] [World.cpp:137] [Tetra::World::load_chunk] Loaded chunk at (6, -2, 7)
[13:43:49.132] [DEBUG] [24424] [World.cpp:137] [Tetra::World::load_chunk] Loaded chunk at (6, -2, 8)
[13:43:49.133] [DEBUG] [24424] [World.cpp:137] [Tetra::World::load_chunk] Loaded chunk at (6, -1, -8)
[13:43:49.133] [DEBUG] [24424] [World.cpp:137] [Tetra::World::load_chunk] Loaded chunk at (6, -1, -7)
[13:43:49.134] [DEBUG] [24424] [World.cpp:137] [Tetra::World::load_chunk] Loaded chunk at (6, -1, -6)
[13:43:49.135] [DEBUG] [24424] [World.cpp:137] [Tetra::World::load_chunk] Loaded chunk at (6, -1, -5)
[13:43:49.136] [DEBUG] [24424] [World.cpp:137] [Tetra::World::load_chunk] Loaded chunk at (6, -1, -4)
[13:43:49.137] [DEBUG] [24424] [World.cpp:137] [Tetra::World::load_chunk] Loaded chunk at (6, -1, -3)
[13:43:49.138] [DEBUG] [24424] [World.cpp:137] [Tetra::World::load_chunk] Loaded chunk at (6, -1, -2)
[13:43:49.139] [DEBUG] [24424] [World.cpp:137] [Tetra::World::load_chunk] Loaded chunk at (6, -1, -1)
[13:43:49.140] [DEBUG] [24424] [World.cpp:137] [Tetra::World::load_chunk] Loaded chunk at (6, -1, 0)
[13:43:49.141] [DEBUG] [24424] [World.cpp:137] [Tetra::World::load_chunk] Loaded chunk at (6, -1, 1)
[13:43:49.142] [DEBUG] [24424] [World.cpp:137] [Tetra::World::load_chunk] Loaded chunk at (6, -1, 2)
[13:43:49.143] [DEBUG] [24424] [World.cpp:137] [Tetra::World::load_chunk] Loaded chunk at (6, -1, 3)
[13:43:49.144] [DEBUG] [24424] [World.cpp:137] [Tetra::World::load_chunk] Loaded chunk at (6, -1, 4)
[13:43:49.145] [DEBUG] [24424] [World.cpp:137] [Tetra::World::load_chunk] Loaded chunk at (6, -1, 5)
[13:43:49.146] [DEBUG] [24424] [World.cpp:137] [Tetra::World::load_chunk] Loaded chunk at (6, -1, 6)
[13:43:49.147] [DEBUG] [24424] [World.cpp:137] [Tetra::World::load_chunk] Loaded chunk at (6, -1, 7)
[13:43:49.148] [DEBUG] [24424] [World.cpp:137] [Tetra::World::load_chunk] Loaded chunk at (6, -1, 8)
[13:43:49.149] [DEBUG] [24424] [World.cpp:137] [Tetra::World::load_chunk] Loaded chunk at (6, 0, -8)
[13:43:49.150] [DEBUG] [24424] [World.cpp:137] [Tetra::World::load_chunk] Loaded chunk at (6, 0, -7)
[13:43:49.151] [DEBUG] [24424] [World.cpp:137] [Tetra::World::load_chunk] Loaded chunk at (6, 0, -6)
[13:43:49.153] [DEBUG] [24424] [World.cpp:137] [Tetra::World::load_chunk] Loaded chunk at (6, 0, -5)
[13:43:49.153] [DEBUG] [24424] [World.cpp:137] [Tetra::World::load_chunk] Loaded chunk at (6, 0, -4)
[13:43:49.154] [DEBUG] [24424] [World.cpp:137] [Tetra::World::load_chunk] Loaded chunk at (6, 0, -3)
[13:43:49.155] [DEBUG] [24424] [World.cpp:137] [Tetra::World::load_chunk] Loaded chunk at (6, 0, -2)
[13:43:49.156] [DEBUG] [24424] [World.cpp:137] [Tetra::World::load_chunk] Loaded chunk at (6, 0, -1)
[13:43:49.157] [DEBUG] [24424] [World.cpp:137] [Tetra::World::load_chunk] Loaded chunk at (6, 0, 0)
[13:43:49.158] [DEBUG] [24424] [World.cpp:137] [Tetra::World::load_chunk] Loaded chunk at (6, 0, 1)
[13:43:49.160] [DEBUG] [24424] [World.cpp:137] [Tetra::World::load_chunk] Loaded chunk at (6, 0, 2)
[13:43:49.160] [DEBUG] [24424] [World.cpp:137] [Tetra::World::load_chunk] Loaded chunk at (6, 0, 3)
[13:43:49.161] [DEBUG] [24424] [World.cpp:137] [Tetra::World::load_chunk] Loaded chunk at (6, 0, 4)
[13:43:49.162] [DEBUG] [24424] [World.cpp:137] [Tetra::World::load_chunk] Loaded chunk at (6, 0, 5)
[13:43:49.163] [DEBUG] [24424] [World.cpp:137] [Tetra::World::load_chunk] Loaded chunk at (6, 0, 6)
[13:43:49.164] [DEBUG] [24424] [World.cpp:137] [Tetra::World::load_chunk] Loaded chunk at (6, 0, 7)
[13:43:49.165] [DEBUG] [24424] [World.cpp:137] [Tetra::World::load_chunk] Loaded chunk at (6, 0, 8)
[13:43:49.166] [DEBUG] [24424] [World.cpp:137] [Tetra::World::load_chunk] Loaded chunk at (6, 1, -8)
[13:43:49.167] [DEBUG] [24424] [World.cpp:137] [Tetra::World::load_chunk] Loaded chunk at (6, 1, -7)
[13:43:49.168] [DEBUG] [24424] [World.cpp:137] [Tetra::World::load_chunk] Loaded chunk at (6, 1, -6)
[13:43:49.168] [DEBUG] [24424] [World.cpp:137] [Tetra::World::load_chunk] Loaded chunk at (6, 1, -5)
[13:43:49.169] [DEBUG] [24424] [World.cpp:137] [Tetra::World::load_chunk] Loaded chunk at (6, 1, -4)
[13:43:49.170] [DEBUG] [24424] [World.cpp:137] [Tetra::World::load_chunk] Loaded chunk at (6, 1, -3)
[13:43:49.171] [DEBUG] [24424] [World.cpp:137] [Tetra::World::load_chunk] Loaded chunk at (6, 1, -2)
[13:43:49.172] [DEBUG] [24424] [World.cpp:137] [Tetra::World::load_chunk] Loaded chunk at (6, 1, -1)
[13:43:49.173] [DEBUG] [24424] [World.cpp:137] [Tetra::World::load_chunk] Loaded chunk at (6, 1, 0)
[13:43:49.174] [DEBUG] [24424] [World.cpp:137] [Tetra::World::load_chunk] Loaded chunk at (6, 1, 1)
[13:43:49.175] [DEBUG] [24424] [World.cpp:137] [Tetra::World::load_chunk] Loaded chunk at (6, 1, 2)
[13:43:49.176] [DEBUG] [24424] [World.cpp:137] [Tetra::World::load_chunk] Loaded chunk at (6, 1, 3)
[13:43:49.177] [DEBUG] [24424] [World.cpp:137] [Tetra::World::load_chunk] Loaded chunk at (6, 1, 4)
[13:43:49.178] [DEBUG] [24424] [World.cpp:137] [Tetra::World::load_chunk] Loaded chunk at (6, 1, 5)
[13:43:49.179] [DEBUG] [24424] [World.cpp:137] [Tetra::World::load_chunk] Loaded chunk at (6, 1, 6)
[13:43:49.180] [DEBUG] [24424] [World.cpp:137] [Tetra::World::load_chunk] Loaded chunk at (6, 1, 7)
[13:43:49.181] [DEBUG] [24424] [World.cpp:137] [Tetra::World::load_chunk] Loaded chunk at (6, 1, 8)
[13:43:49.182] [DEBUG] [24424] [World.cpp:137] [Tetra::World::load_chunk] Loaded chunk at (7, -3, -8)
[13:43:49.183] [DEBUG] [24424] [World.cpp:137] [Tetra::World::load_chunk] Loaded chunk at (7, -3, -7)
[13:43:49.183] [DEBUG] [24424] [World.cpp:137] [Tetra::World::load_chunk] Loaded chunk at (7, -3, -6)
[13:43:49.184] [DEBUG] [24424] [World.cpp:137] [Tetra::World::load_chunk] Loaded chunk at (7, -3, -5)
[13:43:49.185] [DEBUG] [24424] [World.cpp:137] [Tetra::World::load_chunk] Loaded chunk at (7, -3, -4)
[13:43:49.186] [DEBUG] [24424] [World.cpp:137] [Tetra::World::load_chunk] Loaded chunk at (7, -3, -3)
[13:43:49.187] [DEBUG] [24424] [World.cpp:137] [Tetra::World::load_chunk] Loaded chunk at (7, -3, -2)
[13:43:49.188] [DEBUG] [24424] [World.cpp:137] [Tetra::World::load_chunk] Loaded chunk at (7, -3, -1)
[13:43:49.189] [DEBUG] [24424] [World.cpp:137] [Tetra::World::load_chunk] Loaded chunk at (7, -3, 0)
[13:43:49.190] [DEBUG] [24424] [World.cpp:137] [Tetra::World::load_chunk] Loaded chunk at (7, -3, 1)
[13:43:49.191] [DEBUG] [24424] [World.cpp:137] [Tetra::World::load_chunk] Loaded chunk at (7, -3, 2)
[13:43:49.192] [DEBUG] [24424] [World.cpp:137] [Tetra::World::load_chunk] Loaded chunk at (7, -3, 3)
[13:43:49.192] [DEBUG] [24424] [World.cpp:137] [Tetra::World::load_chunk] Loaded chunk at (7, -3, 4)
[13:43:49.193] [DEBUG] [24424] [World.cpp:137] [Tetra::World::load_chunk] Loaded chunk at (7, -3, 5)
[13:43:49.194] [DEBUG] [24424] [World.cpp:137] [Tetra::World::load_chunk] Loaded chunk at (7, -3, 6)
[13:43:49.195] [DEBUG] [24424] [World.cpp:137] [Tetra::World::load_chunk] Loaded chunk at (7, -3, 7)
[13:43:49.196] [DEBUG] [24424] [World.cpp:137] [Tetra::World::load_chunk] Loaded chunk at (7, -3, 8)
[13:43:49.197] [DEBUG] [24424] [World.cpp:137] [Tetra::World::load_chunk] Loaded chunk at (7, -2, -8)
[13:43:49.198] [DEBUG] [24424] [World.cpp:137] [Tetra::World::load_chunk] Loaded chunk at (7, -2, -7)
[13:43:49.199] [DEBUG] [24424] [World.cpp:137] [Tetra::World::load_chunk] Loaded chunk at (7, -2, -6)
[13:43:49.200] [DEBUG] [24424] [World.cpp:137] [Tetra::World::load_chunk] Loaded chunk at (7, -2, -5)
[13:43:49.200] [DEBUG] [24424] [World.cpp:137] [Tetra::World::load_chunk] Loaded chunk at (7, -2, -4)
[13:43:49.201] [DEBUG] [24424] [World.cpp:137] [Tetra::World::load_chunk] Loaded chunk at (7, -2, -3)
[13:43:49.202] [DEBUG] [24424] [World.cpp:137] [Tetra::World::load_chunk] Loaded chunk at (7, -2, -2)
[13:43:49.203] [DEBUG] [24424] [World.cpp:137] [Tetra::World::load_chunk] Loaded chunk at (7, -2, -1)
[13:43:49.204] [DEBUG] [24424] [World.cpp:137] [Tetra::World::load_chunk] Loaded chunk at (7, -2, 0)
[13:43:49.205] [DEBUG] [24424] [World.cpp:137] [Tetra::World::load_chunk] Loaded chunk at (7, -2, 1)
[13:43:49.206] [DEBUG] [24424] [World.cpp:137] [Tetra::World::load_chunk] Loaded chunk at (7, -2, 2)
[13:43:49.206] [DEBUG] [24424] [World.cpp:137] [Tetra::World::load_chunk] Loaded chunk at (7, -2, 3)
[13:43:49.208] [DEBUG] [24424] [World.cpp:137] [Tetra::World::load_chunk] Loaded chunk at (7, -2, 4)
[13:43:49.209] [DEBUG] [24424] [World.cpp:137] [Tetra::World::load_chunk] Loaded chunk at (7, -2, 5)
[13:43:49.210] [DEBUG] [24424] [World.cpp:137] [Tetra::World::load_chunk] Loaded chunk at (7, -2, 6)
[13:43:49.211] [DEBUG] [24424] [World.cpp:137] [Tetra::World::load_chunk] Loaded chunk at (7, -2, 7)
[13:43:49.211] [DEBUG] [24424] [World.cpp:137] [Tetra::World::load_chunk] Loaded chunk at (7, -2, 8)
[13:43:49.212] [DEBUG] [24424] [World.cpp:137] [Tetra::World::load_chunk] Loaded chunk at (7, -1, -8)
[13:43:49.213] [DEBUG] [24424] [World.cpp:137] [Tetra::World::load_chunk] Loaded chunk at (7, -1, -7)
[13:43:49.214] [DEBUG] [24424] [World.cpp:137] [Tetra::World::load_chunk] Loaded chunk at (7, -1, -6)
[13:43:49.215] [DEBUG] [24424] [World.cpp:137] [Tetra::World::load_chunk] Loaded chunk at (7, -1, -5)
[13:43:49.216] [DEBUG] [24424] [World.cpp:137] [Tetra::World::load_chunk] Loaded chunk at (7, -1, -4)
[13:43:49.216] [DEBUG] [24424] [World.cpp:137] [Tetra::World::load_chunk] Loaded chunk at (7, -1, -3)
[13:43:49.217] [DEBUG] [24424] [World.cpp:137] [Tetra::World::load_chunk] Loaded chunk at (7, -1, -2)
[13:43:49.218] [DEBUG] [24424] [World.cpp:137] [Tetra::World::load_chunk] Loaded chunk at (7, -1, -1)
[13:43:49.219] [DEBUG] [24424] [World.cpp:137] [Tetra::World::load_chunk] Loaded chunk at (7, -1, 0)
[13:43:49.220] [DEBUG] [24424] [World.cpp:137] [Tetra::World::load_chunk] Loaded chunk at (7, -1, 1)
[13:43:49.221] [DEBUG] [24424] [World.cpp:137] [Tetra::World::load_chunk] Loaded chunk at (7, -1, 2)
[13:43:49.222] [DEBUG] [24424] [World.cpp:137] [Tetra::World::load_chunk] Loaded chunk at (7, -1, 3)
[13:43:49.223] [DEBUG] [24424] [World.cpp:137] [Tetra::World::load_chunk] Loaded chunk at (7, -1, 4)
[13:43:49.224] [DEBUG] [24424] [World.cpp:137] [Tetra::World::load_chunk] Loaded chunk at (7, -1, 5)
[13:43:49.224] [DEBUG] [24424] [World.cpp:137] [Tetra::World::load_chunk] Loaded chunk at (7, -1, 6)
[13:43:49.225] [DEBUG] [24424] [World.cpp:137] [Tetra::World::load_chunk] Loaded chunk at (7, -1, 7)
[13:43:49.226] [DEBUG] [24424] [World.cpp:137] [Tetra::World::load_chunk] Loaded chunk at (7, -1, 8)
[13:43:49.227] [DEBUG] [24424] [World.cpp:137] [Tetra::World::load_chunk] Loaded chunk at (7, 0, -8)
[13:43:49.228] [DEBUG] [24424] [World.cpp:137] [Tetra::World::load_chunk] Loaded chunk at (7, 0, -7)
[13:43:49.229] [DEBUG] [24424] [World.cpp:137] [Tetra::World::load_chunk] Loaded chunk at (7, 0, -6)
[13:43:49.230] [DEBUG] [24424] [World.cpp:137] [Tetra::World::load_chunk] Loaded chunk at (7, 0, -5)
[13:43:49.231] [DEBUG] [24424] [World.cpp:137] [Tetra::World::load_chunk] Loaded chunk at (7, 0, -4)
[13:43:49.232] [DEBUG] [24424] [World.cpp:137] [Tetra::World::load_chunk] Loaded chunk at (7, 0, -3)
[13:43:49.233] [DEBUG] [24424] [World.cpp:137] [Tetra::World::load_chunk] Loaded chunk at (7, 0, -2)
[13:43:49.233] [DEBUG] [24424] [World.cpp:137] [Tetra::World::load_chunk] Loaded chunk at (7, 0, -1)
[13:43:49.234] [DEBUG] [24424] [World.cpp:137] [Tetra::World::load_chunk] Loaded chunk at (7, 0, 0)
[13:43:49.235] [DEBUG] [24424] [World.cpp:137] [Tetra::World::load_chunk] Loaded chunk at (7, 0, 1)
[13:43:49.236] [DEBUG] [24424] [World.cpp:137] [Tetra::World::load_chunk] Loaded chunk at (7, 0, 2)
[13:43:49.237] [DEBUG] [24424] [World.cpp:137] [Tetra::World::load_chunk] Loaded chunk at (7, 0, 3)
[13:43:49.238] [DEBUG] [24424] [World.cpp:137] [Tetra::World::load_chunk] Loaded chunk at (7, 0, 4)
[13:43:49.238] [DEBUG] [24424] [World.cpp:137] [Tetra::World::load_chunk] Loaded chunk at (7, 0, 5)
[13:43:49.239] [DEBUG] [24424] [World.cpp:137] [Tetra::World::load_chunk] Loaded chunk at (7, 0, 6)
[13:43:49.240] [DEBUG] [24424] [World.cpp:137] [Tetra::World::load_chunk] Loaded chunk at (7, 0, 7)
[13:43:49.241] [DEBUG] [24424] [World.cpp:137] [Tetra::World::load_chunk] Loaded chunk at (7, 0, 8)
[13:43:49.242] [DEBUG] [24424] [World.cpp:137] [Tetra::World::load_chunk] Loaded chunk at (7, 1, -8)
[13:43:49.243] [DEBUG] [24424] [World.cpp:137] [Tetra::World::load_chunk] Loaded chunk at (7, 1, -7)
[13:43:49.244] [DEBUG] [24424] [World.cpp:137] [Tetra::World::load_chunk] Loaded chunk at (7, 1, -6)
[13:43:49.244] [DEBUG] [24424] [World.cpp:137] [Tetra::World::load_chunk] Loaded chunk at (7, 1, -5)
[13:43:49.245] [DEBUG] [24424] [World.cpp:137] [Tetra::World::load_chunk] Loaded chunk at (7, 1, -4)
[13:43:49.246] [DEBUG] [24424] [World.cpp:137] [Tetra::World::load_chunk] Loaded chunk at (7, 1, -3)
[13:43:49.247] [DEBUG] [24424] [World.cpp:137] [Tetra::World::load_chunk] Loaded chunk at (7, 1, -2)
[13:43:49.248] [DEBUG] [24424] [World.cpp:137] [Tetra::World::load_chunk] Loaded chunk at (7, 1, -1)
[13:43:49.249] [DEBUG] [24424] [World.cpp:137] [Tetra::World::load_chunk] Loaded chunk at (7, 1, 0)
[13:43:49.249] [DEBUG] [24424] [World.cpp:137] [Tetra::World::load_chunk] Loaded chunk at (7, 1, 1)
[13:43:49.250] [DEBUG] [24424] [World.cpp:137] [Tetra::World::load_chunk] Loaded chunk at (7, 1, 2)
[13:43:49.251] [DEBUG] [24424] [World.cpp:137] [Tetra::World::load_chunk] Loaded chunk at (7, 1, 3)
[13:43:49.252] [DEBUG] [24424] [World.cpp:137] [Tetra::World::load_chunk] Loaded chunk at (7, 1, 4)
[13:43:49.253] [DEBUG] [24424] [World.cpp:137] [Tetra::World::load_chunk] Loaded chunk at (7, 1, 5)
[13:43:49.254] [DEBUG] [24424] [World.cpp:137] [Tetra::World::load_chunk] Loaded chunk at (7, 1, 6)
[13:43:49.255] [DEBUG] [24424] [World.cpp:137] [Tetra::World::load_chunk] Loaded chunk at (7, 1, 7)
[13:43:49.256] [DEBUG] [24424] [World.cpp:137] [Tetra::World::load_chunk] Loaded chunk at (7, 1, 8)
[13:43:49.256] [DEBUG] [24424] [World.cpp:137] [Tetra::World::load_chunk] Loaded chunk at (8, -3, -8)
[13:43:49.257] [DEBUG] [24424] [World.cpp:137] [Tetra::World::load_chunk] Loaded chunk at (8, -3, -7)
[13:43:49.258] [DEBUG] [24424] [World.cpp:137] [Tetra::World::load_chunk] Loaded chunk at (8, -3, -6)
[13:43:49.259] [DEBUG] [24424] [World.cpp:137] [Tetra::World::load_chunk] Loaded chunk at (8, -3, -5)
[13:43:49.259] [DEBUG] [24424] [World.cpp:137] [Tetra::World::load_chunk] Loaded chunk at (8, -3, -4)
[13:43:49.260] [DEBUG] [24424] [World.cpp:137] [Tetra::World::load_chunk] Loaded chunk at (8, -3, -3)
[13:43:49.261] [DEBUG] [24424] [World.cpp:137] [Tetra::World::load_chunk] Loaded chunk at (8, -3, -2)
[13:43:49.262] [DEBUG] [24424] [World.cpp:137] [Tetra::World::load_chunk] Loaded chunk at (8, -3, -1)
[13:43:49.263] [DEBUG] [24424] [World.cpp:137] [Tetra::World::load_chunk] Loaded chunk at (8, -3, 0)
[13:43:49.263] [DEBUG] [24424] [World.cpp:137] [Tetra::World::load_chunk] Loaded chunk at (8, -3, 1)
[13:43:49.264] [DEBUG] [24424] [World.cpp:137] [Tetra::World::load_chunk] Loaded chunk at (8, -3, 2)
[13:43:49.265] [DEBUG] [24424] [World.cpp:137] [Tetra::World::load_chunk] Loaded chunk at (8, -3, 3)
[13:43:49.266] [DEBUG] [24424] [World.cpp:137] [Tetra::World::load_chunk] Loaded chunk at (8, -3, 4)
[13:43:49.266] [DEBUG] [24424] [World.cpp:137] [Tetra::World::load_chunk] Loaded chunk at (8, -3, 5)
[13:43:49.267] [DEBUG] [24424] [World.cpp:137] [Tetra::World::load_chunk] Loaded chunk at (8, -3, 6)
[13:43:49.268] [DEBUG] [24424] [World.cpp:137] [Tetra::World::load_chunk] Loaded chunk at (8, -3, 7)
[13:43:49.269] [DEBUG] [24424] [World.cpp:137] [Tetra::World::load_chunk] Loaded chunk at (8, -3, 8)
[13:43:49.270] [DEBUG] [24424] [World.cpp:137] [Tetra::World::load_chunk] Loaded chunk at (8, -2, -8)
[13:43:49.271] [DEBUG] [24424] [World.cpp:137] [Tetra::World::load_chunk] Loaded chunk at (8, -2, -7)
[13:43:49.271] [DEBUG] [24424] [World.cpp:137] [Tetra::World::load_chunk] Loaded chunk at (8, -2, -6)
[13:43:49.272] [DEBUG] [24424] [World.cpp:137] [Tetra::World::load_chunk] Loaded chunk at (8, -2, -5)
[13:43:49.273] [DEBUG] [24424] [World.cpp:137] [Tetra::World::load_chunk] Loaded chunk at (8, -2, -4)
[13:43:49.274] [DEBUG] [24424] [World.cpp:137] [Tetra::World::load_chunk] Loaded chunk at (8, -2, -3)
[13:43:49.275] [DEBUG] [24424] [World.cpp:137] [Tetra::World::load_chunk] Loaded chunk at (8, -2, -2)
[13:43:49.275] [DEBUG] [24424] [World.cpp:137] [Tetra::World::load_chunk] Loaded chunk at (8, -2, -1)
[13:43:49.276] [DEBUG] [24424] [World.cpp:137] [Tetra::World::load_chunk] Loaded chunk at (8, -2, 0)
[13:43:49.277] [DEBUG] [24424] [World.cpp:137] [Tetra::World::load_chunk] Loaded chunk at (8, -2, 1)
[13:43:49.278] [DEBUG] [24424] [World.cpp:137] [Tetra::World::load_chunk] Loaded chunk at (8, -2, 2)
[13:43:49.279] [DEBUG] [24424] [World.cpp:137] [Tetra::World::load_chunk] Loaded chunk at (8, -2, 3)
[13:43:49.279] [DEBUG] [24424] [World.cpp:137] [Tetra::World::load_chunk] Loaded chunk at (8, -2, 4)
[13:43:49.280] [DEBUG] [24424] [World.cpp:137] [Tetra::World::load_chunk] Loaded chunk at (8, -2, 5)
[13:43:49.281] [DEBUG] [24424] [World.cpp:137] [Tetra::World::load_chunk] Loaded chunk at (8, -2, 6)
[13:43:49.282] [DEBUG] [24424] [World.cpp:137] [Tetra::World::load_chunk] Loaded chunk at (8, -2, 7)
[13:43:49.282] [DEBUG] [24424] [World.cpp:137] [Tetra::World::load_chunk] Loaded chunk at (8, -2, 8)
[13:43:49.283] [DEBUG] [24424] [World.cpp:137] [Tetra::World::load_chunk] Loaded chunk at (8, -1, -8)
[13:43:49.284] [DEBUG] [24424] [World.cpp:137] [Tetra::World::load_chunk] Loaded chunk at (8, -1, -7)
[13:43:49.285] [DEBUG] [24424] [World.cpp:137] [Tetra::World::load_chunk] Loaded chunk at (8, -1, -6)
[13:43:49.285] [DEBUG] [24424] [World.cpp:137] [Tetra::World::load_chunk] Loaded chunk at (8, -1, -5)
[13:43:49.286] [DEBUG] [24424] [World.cpp:137] [Tetra::World::load_chunk] Loaded chunk at (8, -1, -4)
[13:43:49.287] [DEBUG] [24424] [World.cpp:137] [Tetra::World::load_chunk] Loaded chunk at (8, -1, -3)
[13:43:49.288] [DEBUG] [24424] [World.cpp:137] [Tetra::World::load_chunk] Loaded chunk at (8, -1, -2)
[13:43:49.289] [DEBUG] [24424] [World.cpp:137] [Tetra::World::load_chunk] Loaded chunk at (8, -1, -1)
[13:43:49.290] [DEBUG] [24424] [World.cpp:137] [Tetra::World::load_chunk] Loaded chunk at (8, -1, 0)
[13:43:49.291] [DEBUG] [24424] [World.cpp:137] [Tetra::World::load_chunk] Loaded chunk at (8, -1, 1)
[13:43:49.291] [DEBUG] [24424] [World.cpp:137] [Tetra::World::load_chunk] Loaded chunk at (8, -1, 2)
[13:43:49.292] [DEBUG] [24424] [World.cpp:137] [Tetra::World::load_chunk] Loaded chunk at (8, -1, 3)
[13:43:49.293] [DEBUG] [24424] [World.cpp:137] [Tetra::World::load_chunk] Loaded chunk at (8, -1, 4)
[13:43:49.294] [DEBUG] [24424] [World.cpp:137] [Tetra::World::load_chunk] Loaded chunk at (8, -1, 5)
[13:43:49.294] [DEBUG] [24424] [World.cpp:137] [Tetra::World::load_chunk] Loaded chunk at (8, -1, 6)
[13:43:49.295] [DEBUG] [24424] [World.cpp:137] [Tetra::World::load_chunk] Loaded chunk at (8, -1, 7)
[13:43:49.296] [DEBUG] [24424] [World.cpp:137] [Tetra::World::load_chunk] Loaded chunk at (8, -1, 8)
[13:43:49.297] [DEBUG] [24424] [World.cpp:137] [Tetra::World::load_chunk] Loaded chunk at (8, 0, -8)
[13:43:49.298] [DEBUG] [24424] [World.cpp:137] [Tetra::World::load_chunk] Loaded chunk at (8, 0, -7)
[13:43:49.298] [DEBUG] [24424] [World.cpp:137] [Tetra::World::load_chunk] Loaded chunk at (8, 0, -6)
[13:43:49.299] [DEBUG] [24424] [World.cpp:137] [Tetra::World::load_chunk] Loaded chunk at (8, 0, -5)
[13:43:49.300] [DEBUG] [24424] [World.cpp:137] [Tetra::World::load_chunk] Loaded chunk at (8, 0, -4)
[13:43:49.301] [DEBUG] [24424] [World.cpp:137] [Tetra::World::load_chunk] Loaded chunk at (8, 0, -3)
[13:43:49.301] [DEBUG] [24424] [World.cpp:137] [Tetra::World::load_chunk] Loaded chunk at (8, 0, -2)
[13:43:49.302] [DEBUG] [24424] [World.cpp:137] [Tetra::World::load_chunk] Loaded chunk at (8, 0, -1)
[13:43:49.303] [DEBUG] [24424] [World.cpp:137] [Tetra::World::load_chunk] Loaded chunk at (8, 0, 0)
[13:43:49.304] [DEBUG] [24424] [World.cpp:137] [Tetra::World::load_chunk] Loaded chunk at (8, 0, 1)
[13:43:49.305] [DEBUG] [24424] [World.cpp:137] [Tetra::World::load_chunk] Loaded chunk at (8, 0, 2)
[13:43:49.306] [DEBUG] [24424] [World.cpp:137] [Tetra::World::load_chunk] Loaded chunk at (8, 0, 3)
[13:43:49.307] [DEBUG] [24424] [World.cpp:137] [Tetra::World::load_chunk] Loaded chunk at (8, 0, 4)
[13:43:49.308] [DEBUG] [24424] [World.cpp:137] [Tetra::World::load_chunk] Loaded chunk at (8, 0, 5)
[13:43:49.308] [DEBUG] [24424] [World.cpp:137] [Tetra::World::load_chunk] Loaded chunk at (8, 0, 6)
[13:43:49.309] [DEBUG] [24424] [World.cpp:137] [Tetra::World::load_chunk] Loaded chunk at (8, 0, 7)
[13:43:49.310] [DEBUG] [24424] [World.cpp:137] [Tetra::World::load_chunk] Loaded chunk at (8, 0, 8)
[13:43:49.311] [DEBUG] [24424] [World.cpp:137] [Tetra::World::load_chunk] Loaded chunk at (8, 1, -8)
[13:43:49.312] [DEBUG] [24424] [World.cpp:137] [Tetra::World::load_chunk] Loaded chunk at (8, 1, -7)
[13:43:49.313] [DEBUG] [24424] [World.cpp:137] [Tetra::World::load_chunk] Loaded chunk at (8, 1, -6)
[13:43:49.314] [DEBUG] [24424] [World.cpp:137] [Tetra::World::load_chunk] Loaded chunk at (8, 1, -5)
[13:43:49.314] [DEBUG] [24424] [World.cpp:137] [Tetra::World::load_chunk] Loaded chunk at (8, 1, -4)
[13:43:49.316] [DEBUG] [24424] [World.cpp:137] [Tetra::World::load_chunk] Loaded chunk at (8, 1, -3)
[13:43:49.317] [DEBUG] [24424] [World.cpp:137] [Tetra::World::load_chunk] Loaded chunk at (8, 1, -2)
[13:43:49.318] [DEBUG] [24424] [World.cpp:137] [Tetra::World::load_chunk] Loaded chunk at (8, 1, -1)
[13:43:49.319] [DEBUG] [24424] [World.cpp:137] [Tetra::World::load_chunk] Loaded chunk at (8, 1, 0)
[13:43:49.320] [DEBUG] [24424] [World.cpp:137] [Tetra::World::load_chunk] Loaded chunk at (8, 1, 1)
[13:43:49.322] [DEBUG] [24424] [World.cpp:137] [Tetra::World::load_chunk] Loaded chunk at (8, 1, 2)
[13:43:49.323] [DEBUG] [24424] [World.cpp:137] [Tetra::World::load_chunk] Loaded chunk at (8, 1, 3)
[13:43:49.324] [DEBUG] [24424] [World.cpp:137] [Tetra::World::load_chunk] Loaded chunk at (8, 1, 4)
[13:43:49.325] [DEBUG] [24424] [World.cpp:137] [Tetra::World::load_chunk] Loaded chunk at (8, 1, 5)
[13:43:49.326] [DEBUG] [24424] [World.cpp:137] [Tetra::World::load_chunk] Loaded chunk at (8, 1, 6)
[13:43:49.326] [DEBUG] [24424] [World.cpp:137] [Tetra::World::load_chunk] Loaded chunk at (8, 1, 7)
[13:43:49.327] [DEBUG] [24424] [World.cpp:137] [Tetra::World::load_chunk] Loaded chunk at (8, 1, 8)
[13:43:49.327] [INFO] [24424] [World.cpp:49] [Tetra::World::World] Loaded 1445 initial chunks
[13:43:49.327] [INFO] [24424] [World.cpp:52] [Tetra::World::World] Starting initial world population
[13:43:49.328] [DEBUG] [24424] [World.cpp:456] [Tetra::World::update] World stats - Loaded chunks: 1445, Deletion queue: 0, Add queue: 0
[13:43:49.328] [DEBUG] [28408] [World.cpp:229] [Tetra::World::population_pass_1] Timer 'Population pass 1' started
[13:43:49.328] [DEBUG] [20856] [World.cpp:229] [Tetra::World::population_pass_1] Timer 'Population pass 1' started
[13:43:49.328] [DEBUG] [24424] [World.cpp:456] [Tetra::World::update] World stats - Loaded chunks: 1445, Deletion queue: 0, Add queue: 0
[13:43:49.328] [DEBUG] [15164] [World.cpp:229] [Tetra::World::population_pass_1] Timer 'Population pass 1' started
[13:43:49.328] [DEBUG] [24424] [World.cpp:456] [Tetra::World::update] World stats - Loaded chunks: 1445, Deletion queue: 0, Add queue: 0
[13:43:49.328] [DEBUG] [16120] [World.cpp:229] [Tetra::World::population_pass_1] Timer 'Population pass 1' started
[13:43:49.328] [DEBUG] [24424] [World.cpp:456] [Tetra::World::update] World stats - Loaded chunks: 1445, Deletion queue: 0, Add queue: 0
[13:43:49.328] [TRACE] [28408] [World.cpp:482] [Tetra::World::simplex] Allocated 65536 bytes for FastNoiseSIMD
[13:43:49.328] [TRACE] [20856] [World.cpp:482] [Tetra::World::simplex] Allocated 65536 bytes for FastNoiseSIMD
[13:43:49.328] [TRACE] [28408] [World.cpp:482] [Tetra::World::simplex] Allocated 65536 bytes for FastNoiseSIMD
[13:43:49.329] [DEBUG] [24424] [World.cpp:456] [Tetra::World::update] World stats - Loaded chunks: 1445, Deletion queue: 0, Add queue: 0
[13:43:49.329] [TRACE] [15164] [World.cpp:482] [Tetra::World::simplex] Allocated 65536 bytes for FastNoiseSIMD
[13:43:49.329] [TRACE] [20856] [World.cpp:482] [Tetra::World::simplex] Allocated 65536 bytes for FastNoiseSIMD
[13:43:49.329] [TRACE] [16120] [World.cpp:482] [Tetra::World::simplex] Allocated 65536 bytes for FastNoiseSIMD
[13:43:49.329] [TRACE] [15164] [World.cpp:482] [Tetra::World::simplex] Allocated 65536 bytes for FastNoiseSIMD
[13:43:49.329] [DEBUG] [24424] [World.cpp:456] [Tetra::World::update] World stats - Loaded chunks: 1445, Deletion queue: 0, Add queue: 0
[13:43:49.329] [TRACE] [28408] [World.cpp:482] [Tetra::World::simplex] Allocated 65536 bytes for FastNoiseSIMD
[13:43:49.329] [TRACE] [20856] [World.cpp:482] [Tetra::World::simplex] Allocated 65536 bytes for FastNoiseSIMD
[13:43:49.329] [TRACE] [16120] [World.cpp:482] [Tetra::World::simplex] Allocated 65536 bytes for FastNoiseSIMD
[13:43:49.329] [DEBUG] [24424] [World.cpp:456] [Tetra::World::update] World stats - Loaded chunks: 1445, Deletion queue: 0, Add queue: 0
[13:43:49.329] [TRACE] [15164] [World.cpp:482] [Tetra::World::simplex] Allocated 65536 bytes for FastNoiseSIMD
[13:43:49.329] [TRACE] [28408] [World.cpp:482] [Tetra::World::simplex] Allocated 65536 bytes for FastNoiseSIMD
[13:43:49.329] [TRACE] [20856] [World.cpp:482] [Tetra::World::simplex] Allocated 65536 bytes for FastNoiseSIMD
[13:43:49.329] [TRACE] [16120] [World.cpp:482] [Tetra::World::simplex] Allocated 65536 bytes for FastNoiseSIMD
[13:43:49.329] [DEBUG] [24424] [World.cpp:456] [Tetra::World::update] World stats - Loaded chunks: 1445, Deletion queue: 0, Add queue: 0
[13:43:49.329] [TRACE] [15164] [World.cpp:482] [Tetra::World::simplex] Allocated 65536 bytes for FastNoiseSIMD
[13:43:49.329] [TRACE] [16120] [World.cpp:482] [Tetra::World::simplex] Allocated 65536 bytes for FastNoiseSIMD
[13:43:49.329] [DEBUG] [24424] [World.cpp:456] [Tetra::World::update] World stats - Loaded chunks: 1445, Deletion queue: 0, Add queue: 0
[13:43:49.330] [DEBUG] [24424] [World.cpp:456] [Tetra::World::update] World stats - Loaded chunks: 1445, Deletion queue: 0, Add queue: 0
[13:43:49.330] [DEBUG] [24424] [World.cpp:456] [Tetra::World::update] World stats - Loaded chunks: 1445, Deletion queue: 0, Add queue: 0
[13:43:49.330] [DEBUG] [24424] [World.cpp:456] [Tetra::World::update] World stats - Loaded chunks: 1445, Deletion queue: 0, Add queue: 0
[13:43:49.330] [DEBUG] [24424] [World.cpp:456] [Tetra::World::update] World stats - Loaded chunks: 1445, Deletion queue: 0, Add queue: 0
[13:43:49.331] [DEBUG] [24424] [World.cpp:456] [Tetra::World::update] World stats - Loaded chunks: 1445, Deletion queue: 0, Add queue: 0
[13:43:49.331] [DEBUG] [24424] [World.cpp:456] [Tetra::World::update] World stats - Loaded chunks: 1445, Deletion queue: 0, Add queue: 0
[13:43:49.331] [DEBUG] [24424] [World.cpp:456] [Tetra::World::update] World stats - Loaded chunks: 1445, Deletion queue: 0, Add queue: 0
[13:43:49.331] [DEBUG] [24424] [World.cpp:456] [Tetra::World::update] World stats - Loaded chunks: 1445, Deletion queue: 0, Add queue: 0
[13:43:49.332] [DEBUG] [24424] [World.cpp:456] [Tetra::World::update] World stats - Loaded chunks: 1445, Deletion queue: 0, Add queue: 0
[13:43:49.332] [DEBUG] [24424] [World.cpp:456] [Tetra::World::update] World stats - Loaded chunks: 1445, Deletion queue: 0, Add queue: 0
[13:43:49.332] [DEBUG] [24424] [World.cpp:456] [Tetra::World::update] World stats - Loaded chunks: 1445, Deletion queue: 0, Add queue: 0
[13:43:49.332] [DEBUG] [24424] [World.cpp:456] [Tetra::World::update] World stats - Loaded chunks: 1445, Deletion queue: 0, Add queue: 0
[13:43:49.332] [DEBUG] [24424] [World.cpp:456] [Tetra::World::update] World stats - Loaded chunks: 1445, Deletion queue: 0, Add queue: 0
[13:43:49.333] [DEBUG] [24424] [World.cpp:456] [Tetra::World::update] World stats - Loaded chunks: 1445, Deletion queue: 0, Add queue: 0
[13:43:49.333] [DEBUG] [24424] [World.cpp:456] [Tetra::World::update] World stats - Loaded chunks: 1445, Deletion queue: 0, Add queue: 0
[13:43:49.333] [DEBUG] [24424] [World.cpp:456] [Tetra::World::update] World stats - Loaded chunks: 1445, Deletion queue: 0, Add queue: 0
[13:43:49.333] [DEBUG] [24424] [World.cpp:456] [Tetra::World::update] World stats - Loaded chunks: 1445, Deletion queue: 0, Add queue: 0
[13:43:49.334] [DEBUG] [24424] [World.cpp:456] [Tetra::World::update] World stats - Loaded chunks: 1445, Deletion queue: 0, Add queue: 0
[13:43:49.334] [DEBUG] [24424] [World.cpp:456] [Tetra::World::update] World stats - Loaded chunks: 1445, Deletion queue: 0, Add queue: 0
[13:43:49.334] [DEBUG] [24424] [World.cpp:456] [Tetra::World::update] World stats - Loaded chunks: 1445, Deletion queue: 0, Add queue: 0
[13:43:49.334] [DEBUG] [24424] [World.cpp:456] [Tetra::World::update] World stats - Loaded chunks: 1445, Deletion queue: 0, Add queue: 0
[13:43:49.335] [DEBUG] [24424] [World.cpp:456] [Tetra::World::update] World stats - Loaded chunks: 1445, Deletion queue: 0, Add queue: 0
[13:43:49.335] [DEBUG] [24424] [World.cpp:456] [Tetra::World::update] World stats - Loaded chunks: 1445, Deletion queue: 0, Add queue: 0
[13:43:49.335] [DEBUG] [24424] [World.cpp:456] [Tetra::World::update] World stats - Loaded chunks: 1445, Deletion queue: 0, Add queue: 0
[13:43:49.335] [DEBUG] [24424] [World.cpp:456] [Tetra::World::update] World stats - Loaded chunks: 1445, Deletion queue: 0, Add queue: 0
[13:43:49.335] [DEBUG] [24424] [World.cpp:456] [Tetra::World::update] World stats - Loaded chunks: 1445, Deletion queue: 0, Add queue: 0
[13:43:49.336] [DEBUG] [24424] [World.cpp:456] [Tetra::World::update] World stats - Loaded chunks: 1445, Deletion queue: 0, Add queue: 0
[13:43:49.336] [DEBUG] [24424] [World.cpp:456] [Tetra::World::update] World stats - Loaded chunks: 1445, Deletion queue: 0, Add queue: 0
[13:43:49.336] [DEBUG] [24424] [World.cpp:456] [Tetra::World::update] World stats - Loaded chunks: 1445, Deletion queue: 0, Add queue: 0
[13:43:49.336] [DEBUG] [24424] [World.cpp:456] [Tetra::World::update] World stats - Loaded chunks: 1445, Deletion queue: 0, Add queue: 0
[13:43:49.337] [DEBUG] [24424] [World.cpp:456] [Tetra::World::update] World stats - Loaded chunks: 1445, Deletion queue: 0, Add queue: 0
[13:43:49.337] [DEBUG] [24424] [World.cpp:456] [Tetra::World::update] World stats - Loaded chunks: 1445, Deletion queue: 0, Add queue: 0
[13:43:49.337] [DEBUG] [24424] [World.cpp:456] [Tetra::World::update] World stats - Loaded chunks: 1445, Deletion queue: 0, Add queue: 0
[13:43:49.337] [DEBUG] [24424] [World.cpp:456] [Tetra::World::update] World stats - Loaded chunks: 1445, Deletion queue: 0, Add queue: 0
[13:43:49.338] [DEBUG] [24424] [World.cpp:456] [Tetra::World::update] World stats - Loaded chunks: 1445, Deletion queue: 0, Add queue: 0
[13:43:49.338] [DEBUG] [24424] [World.cpp:456] [Tetra::World::update] World stats - Loaded chunks: 1445, Deletion queue: 0, Add queue: 0
[13:43:49.338] [DEBUG] [24424] [World.cpp:456] [Tetra::World::update] World stats - Loaded chunks: 1445, Deletion queue: 0, Add queue: 0
[13:43:49.338] [DEBUG] [24424] [World.cpp:456] [Tetra::World::update] World stats - Loaded chunks: 1445, Deletion queue: 0, Add queue: 0
[13:43:49.339] [DEBUG] [24424] [World.cpp:456] [Tetra::World::update] World stats - Loaded chunks: 1445, Deletion queue: 0, Add queue: 0
[13:43:49.339] [DEBUG] [24424] [World.cpp:456] [Tetra::World::update] World stats - Loaded chunks: 1445, Deletion queue: 0, Add queue: 0
[13:43:49.339] [DEBUG] [24424] [World.cpp:456] [Tetra::World::update] World stats - Loaded chunks: 1445, Deletion queue: 0, Add queue: 0
[13:43:49.339] [DEBUG] [24424] [World.cpp:456] [Tetra::World::update] World stats - Loaded chunks: 1445, Deletion queue: 0, Add queue: 0
[13:43:49.339] [DEBUG] [24424] [World.cpp:456] [Tetra::World::update] World stats - Loaded chunks: 1445, Deletion queue: 0, Add queue: 0
[13:43:49.340] [DEBUG] [24424] [World.cpp:456] [Tetra::World::update] World stats - Loaded chunks: 1445, Deletion queue: 0, Add queue: 0
[13:43:49.340] [DEBUG] [24424] [World.cpp:456] [Tetra::World::update] World stats - Loaded chunks: 1445, Deletion queue: 0, Add queue: 0
[13:43:49.340] [DEBUG] [24424] [World.cpp:456] [Tetra::World::update] World stats - Loaded chunks: 1445, Deletion queue: 0, Add queue: 0
[13:43:49.340] [DEBUG] [24424] [World.cpp:456] [Tetra::World::update] World stats - Loaded chunks: 1445, Deletion queue: 0, Add queue: 0
[13:43:49.341] [DEBUG] [24424] [World.cpp:456] [Tetra::World::update] World stats - Loaded chunks: 1445, Deletion queue: 0, Add queue: 0
[13:43:49.341] [DEBUG] [24424] [World.cpp:456] [Tetra::World::update] World stats - Loaded chunks: 1445, Deletion queue: 0, Add queue: 0
[13:43:49.341] [DEBUG] [24424] [World.cpp:456] [Tetra::World::update] World stats - Loaded chunks: 1445, Deletion queue: 0, Add queue: 0
[13:43:49.341] [DEBUG] [24424] [World.cpp:456] [Tetra::World::update] World stats - Loaded chunks: 1445, Deletion queue: 0, Add queue: 0
[13:43:49.342] [DEBUG] [24424] [World.cpp:456] [Tetra::World::update] World stats - Loaded chunks: 1445, Deletion queue: 0, Add queue: 0
[13:43:49.342] [DEBUG] [24424] [World.cpp:456] [Tetra::World::update] World stats - Loaded chunks: 1445, Deletion queue: 0, Add queue: 0
[13:43:49.342] [DEBUG] [24424] [World.cpp:456] [Tetra::World::update] World stats - Loaded chunks: 1445, Deletion queue: 0, Add queue: 0
[13:43:49.342] [DEBUG] [24424] [World.cpp:456] [Tetra::World::update] World stats - Loaded chunks: 1445, Deletion queue: 0, Add queue: 0
[13:43:49.342] [DEBUG] [24424] [World.cpp:456] [Tetra::World::update] World stats - Loaded chunks: 1445, Deletion queue: 0, Add queue: 0
[13:43:49.343] [DEBUG] [24424] [World.cpp:456] [Tetra::World::update] World stats - Loaded chunks: 1445, Deletion queue: 0, Add queue: 0
[13:43:49.343] [DEBUG] [24424] [World.cpp:456] [Tetra::World::update] World stats - Loaded chunks: 1445, Deletion queue: 0, Add queue: 0
[13:43:49.343] [DEBUG] [24424] [World.cpp:456] [Tetra::World::update] World stats - Loaded chunks: 1445, Deletion queue: 0, Add queue: 0
[13:43:49.343] [DEBUG] [24424] [World.cpp:456] [Tetra::World::update] World stats - Loaded chunks: 1445, Deletion queue: 0, Add queue: 0
[13:43:49.344] [DEBUG] [24424] [World.cpp:456] [Tetra::World::update] World stats - Loaded chunks: 1445, Deletion queue: 0, Add queue: 0
[13:43:49.344] [DEBUG] [24424] [World.cpp:456] [Tetra::World::update] World stats - Loaded chunks: 1445, Deletion queue: 0, Add queue: 0
[13:43:49.344] [DEBUG] [24424] [World.cpp:456] [Tetra::World::update] World stats - Loaded chunks: 1445, Deletion queue: 0, Add queue: 0
[13:43:49.344] [DEBUG] [24424] [World.cpp:456] [Tetra::World::update] World stats - Loaded chunks: 1445, Deletion queue: 0, Add queue: 0
[13:43:49.344] [DEBUG] [24424] [World.cpp:456] [Tetra::World::update] World stats - Loaded chunks: 1445, Deletion queue: 0, Add queue: 0
[13:43:49.345] [DEBUG] [24424] [World.cpp:456] [Tetra::World::update] World stats - Loaded chunks: 1445, Deletion queue: 0, Add queue: 0
[13:43:49.345] [DEBUG] [24424] [World.cpp:456] [Tetra::World::update] World stats - Loaded chunks: 1445, Deletion queue: 0, Add queue: 0
[13:43:49.345] [DEBUG] [24424] [World.cpp:456] [Tetra::World::update] World stats - Loaded chunks: 1445, Deletion queue: 0, Add queue: 0
[13:43:49.345] [DEBUG] [24424] [World.cpp:456] [Tetra::World::update] World stats - Loaded chunks: 1445, Deletion queue: 0, Add queue: 0
[13:43:49.346] [DEBUG] [24424] [World.cpp:456] [Tetra::World::update] World stats - Loaded chunks: 1445, Deletion queue: 0, Add queue: 0
[13:43:49.346] [DEBUG] [24424] [World.cpp:456] [Tetra::World::update] World stats - Loaded chunks: 1445, Deletion queue: 0, Add queue: 0
[13:43:49.346] [DEBUG] [24424] [World.cpp:456] [Tetra::World::update] World stats - Loaded chunks: 1445, Deletion queue: 0, Add queue: 0
[13:43:49.346] [DEBUG] [24424] [World.cpp:456] [Tetra::World::update] World stats - Loaded chunks: 1445, Deletion queue: 0, Add queue: 0
[13:43:49.347] [DEBUG] [24424] [World.cpp:456] [Tetra::World::update] World stats - Loaded chunks: 1445, Deletion queue: 0, Add queue: 0
[13:43:49.347] [DEBUG] [24424] [World.cpp:456] [Tetra::World::update] World stats - Loaded chunks: 1445, Deletion queue: 0, Add queue: 0
[13:43:49.347] [DEBUG] [24424] [World.cpp:456] [Tetra::World::update] World stats - Loaded chunks: 1445, Deletion queue: 0, Add queue: 0
[13:43:49.347] [DEBUG] [24424] [World.cpp:456] [Tetra::World::update] World stats - Loaded chunks: 1445, Deletion queue: 0, Add queue: 0
[13:43:49.347] [DEBUG] [24424] [World.cpp:456] [Tetra::World::update] World stats - Loaded chunks: 1445, Deletion queue: 0, Add queue: 0
[13:43:49.348] [DEBUG] [24424] [World.cpp:456] [Tetra::World::update] World stats - Loaded chunks: 1445, Deletion queue: 0, Add queue: 0
[13:43:49.348] [DEBUG] [24424] [World.cpp:456] [Tetra::World::update] World stats - Loaded chunks: 1445, Deletion queue: 0, Add queue: 0
[13:43:49.348] [DEBUG] [24424] [World.cpp:456] [Tetra::World::update] World stats - Loaded chunks: 1445, Deletion queue: 0, Add queue: 0
[13:43:49.348] [DEBUG] [24424] [World.cpp:456] [Tetra::World::update] World stats - Loaded chunks: 1445, Deletion queue: 0, Add queue: 0
[13:43:49.349] [DEBUG] [24424] [World.cpp:456] [Tetra::World::update] World stats - Loaded chunks: 1445, Deletion queue: 0, Add queue: 0
[13:43:49.349] [DEBUG] [24424] [World.cpp:456] [Tetra::World::update] World stats - Loaded chunks: 1445, Deletion queue: 0, Add queue: 0
[13:43:49.349] [DEBUG] [24424] [World.cpp:456] [Tetra::World::update] World stats - Loaded chunks: 1445, Deletion queue: 0, Add queue: 0
[13:43:49.349] [DEBUG] [24424] [World.cpp:456] [Tetra::World::update] World stats - Loaded chunks: 1445, Deletion queue: 0, Add queue: 0
[13:43:49.349] [DEBUG] [24424] [World.cpp:456] [Tetra::World::update] World stats - Loaded chunks: 1445, Deletion queue: 0, Add queue: 0
[13:43:49.350] [DEBUG] [24424] [World.cpp:456] [Tetra::World::update] World stats - Loaded chunks: 1445, Deletion queue: 0, Add queue: 0
[13:43:49.350] [DEBUG] [24424] [World.cpp:456] [Tetra::World::update] World stats - Loaded chunks: 1445, Deletion queue: 0, Add queue: 0
[13:43:49.350] [DEBUG] [24424] [World.cpp:456] [Tetra::World::update] World stats - Loaded chunks: 1445, Deletion queue: 0, Add queue: 0
[13:43:49.350] [DEBUG] [24424] [World.cpp:456] [Tetra::World::update] World stats - Loaded chunks: 1445, Deletion queue: 0, Add queue: 0
[13:43:49.351] [DEBUG] [24424] [World.cpp:456] [Tetra::World::update] World stats - Loaded chunks: 1445, Deletion queue: 0, Add queue: 0
[13:43:49.351] [DEBUG] [24424] [World.cpp:456] [Tetra::World::update] World stats - Loaded chunks: 1445, Deletion queue: 0, Add queue: 0
[13:43:49.351] [DEBUG] [24424] [World.cpp:456] [Tetra::World::update] World stats - Loaded chunks: 1445, Deletion queue: 0, Add queue: 0
[13:43:49.352] [DEBUG] [24424] [World.cpp:456] [Tetra::World::update] World stats - Loaded chunks: 1445, Deletion queue: 0, Add queue: 0
[13:43:49.352] [DEBUG] [24424] [World.cpp:456] [Tetra::World::update] World stats - Loaded chunks: 1445, Deletion queue: 0, Add queue: 0
[13:43:49.352] [DEBUG] [24424] [World.cpp:456] [Tetra::World::update] World stats - Loaded chunks: 1445, Deletion queue: 0, Add queue: 0
[13:43:49.352] [DEBUG] [24424] [World.cpp:456] [Tetra::World::update] World stats - Loaded chunks: 1445, Deletion queue: 0, Add queue: 0
[13:43:49.352] [DEBUG] [24424] [World.cpp:456] [Tetra::World::update] World stats - Loaded chunks: 1445, Deletion queue: 0, Add queue: 0
[13:43:49.353] [DEBUG] [24424] [World.cpp:456] [Tetra::World::update] World stats - Loaded chunks: 1445, Deletion queue: 0, Add queue: 0
[13:43:49.353] [DEBUG] [24424] [World.cpp:456] [Tetra::World::update] World stats - Loaded chunks: 1445, Deletion queue: 0, Add queue: 0
[13:43:49.353] [DEBUG] [24424] [World.cpp:456] [Tetra::World::update] World stats - Loaded chunks: 1445, Deletion queue: 0, Add queue: 0
[13:43:49.353] [DEBUG] [24424] [World.cpp:456] [Tetra::World::update] World stats - Loaded chunks: 1445, Deletion queue: 0, Add queue: 0
[13:43:49.354] [DEBUG] [24424] [World.cpp:456] [Tetra::World::update] World stats - Loaded chunks: 1445, Deletion queue: 0, Add queue: 0
[13:43:49.354] [DEBUG] [24424] [World.cpp:456] [Tetra::World::update] World stats - Loaded chunks: 1445, Deletion queue: 0, Add queue: 0
[13:43:49.354] [DEBUG] [24424] [World.cpp:456] [Tetra::World::update] World stats - Loaded chunks: 1445, Deletion queue: 0, Add queue: 0
[13:43:49.354] [DEBUG] [24424] [World.cpp:456] [Tetra::World::update] World stats - Loaded chunks: 1445, Deletion queue: 0, Add queue: 0
[13:43:49.355] [DEBUG] [24424] [World.cpp:456] [Tetra::World::update] World stats - Loaded chunks: 1445, Deletion queue: 0, Add queue: 0
[13:43:49.355] [DEBUG] [24424] [World.cpp:456] [Tetra::World::update] World stats - Loaded chunks: 1445, Deletion queue: 0, Add queue: 0
[13:43:49.355] [DEBUG] [24424] [World.cpp:456] [Tetra::World::update] World stats - Loaded chunks: 1445, Deletion queue: 0, Add queue: 0
[13:43:49.355] [DEBUG] [24424] [World.cpp:456] [Tetra::World::update] World stats - Loaded chunks: 1445, Deletion queue: 0, Add queue: 0
[13:43:49.356] [DEBUG] [24424] [World.cpp:456] [Tetra::World::update] World stats - Loaded chunks: 1445, Deletion queue: 0, Add queue: 0
[13:43:49.356] [DEBUG] [24424] [World.cpp:456] [Tetra::World::update] World stats - Loaded chunks: 1445, Deletion queue: 0, Add queue: 0
[13:43:49.356] [DEBUG] [24424] [World.cpp:456] [Tetra::World::update] World stats - Loaded chunks: 1445, Deletion queue: 0, Add queue: 0
[13:43:49.356] [DEBUG] [24424] [World.cpp:456] [Tetra::World::update] World stats - Loaded chunks: 1445, Deletion queue: 0, Add queue: 0
[13:43:49.356] [DEBUG] [24424] [World.cpp:456] [Tetra::World::update] World stats - Loaded chunks: 1445, Deletion queue: 0, Add queue: 0
[13:43:49.357] [DEBUG] [24424] [World.cpp:456] [Tetra::World::update] World stats - Loaded chunks: 1445, Deletion queue: 0, Add queue: 0
[13:43:49.357] [DEBUG] [24424] [World.cpp:456] [Tetra::World::update] World stats - Loaded chunks: 1445, Deletion queue: 0, Add queue: 0
[13:43:49.357] [DEBUG] [24424] [World.cpp:456] [Tetra::World::update] World stats - Loaded chunks: 1445, Deletion queue: 0, Add queue: 0
[13:43:49.357] [DEBUG] [24424] [World.cpp:456] [Tetra::World::update] World stats - Loaded chunks: 1445, Deletion queue: 0, Add queue: 0
[13:43:49.358] [DEBUG] [24424] [World.cpp:456] [Tetra::World::update] World stats - Loaded chunks: 1445, Deletion queue: 0, Add queue: 0
[13:43:49.358] [DEBUG] [24424] [World.cpp:456] [Tetra::World::update] World stats - Loaded chunks: 1445, Deletion queue: 0, Add queue: 0
[13:43:49.358] [DEBUG] [24424] [World.cpp:456] [Tetra::World::update] World stats - Loaded chunks: 1445, Deletion queue: 0, Add queue: 0
[13:43:49.358] [DEBUG] [24424] [World.cpp:456] [Tetra::World::update] World stats - Loaded chunks: 1445, Deletion queue: 0, Add queue: 0
[13:43:49.358] [DEBUG] [24424] [World.cpp:456] [Tetra::World::update] World stats - Loaded chunks: 1445, Deletion queue: 0, Add queue: 0
[13:43:49.359] [DEBUG] [24424] [World.cpp:456] [Tetra::World::update] World stats - Loaded chunks: 1445, Deletion queue: 0, Add queue: 0
[13:43:49.359] [DEBUG] [24424] [World.cpp:456] [Tetra::World::update] World stats - Loaded chunks: 1445, Deletion queue: 0, Add queue: 0
[13:43:49.359] [DEBUG] [24424] [World.cpp:456] [Tetra::World::update] World stats - Loaded chunks: 1445, Deletion queue: 0, Add queue: 0
[13:43:49.359] [DEBUG] [24424] [World.cpp:456] [Tetra::World::update] World stats - Loaded chunks: 1445, Deletion queue: 0, Add queue: 0
[13:43:49.360] [DEBUG] [24424] [World.cpp:456] [Tetra::World::update] World stats - Loaded chunks: 1445, Deletion queue: 0, Add queue: 0
[13:43:49.360] [DEBUG] [24424] [World.cpp:456] [Tetra::World::update] World stats - Loaded chunks: 1445, Deletion queue: 0, Add queue: 0
[13:43:49.360] [DEBUG] [24424] [World.cpp:456] [Tetra::World::update] World stats - Loaded chunks: 1445, Deletion queue: 0, Add queue: 0
[13:43:49.360] [DEBUG] [24424] [World.cpp:456] [Tetra::World::update] World stats - Loaded chunks: 1445, Deletion queue: 0, Add queue: 0
[13:43:49.360] [DEBUG] [24424] [World.cpp:456] [Tetra::World::update] World stats - Loaded chunks: 1445, Deletion queue: 0, Add queue: 0
[13:43:49.361] [DEBUG] [24424] [World.cpp:456] [Tetra::World::update] World stats - Loaded chunks: 1445, Deletion queue: 0, Add queue: 0
[13:43:49.361] [DEBUG] [24424] [World.cpp:456] [Tetra::World::update] World stats - Loaded chunks: 1445, Deletion queue: 0, Add queue: 0
[13:43:49.361] [DEBUG] [24424] [World.cpp:456] [Tetra::World::update] World stats - Loaded chunks: 1445, Deletion queue: 0, Add queue: 0
[13:43:49.361] [DEBUG] [24424] [World.cpp:456] [Tetra::World::update] World stats - Loaded chunks: 1445, Deletion queue: 0, Add queue: 0
[13:43:49.362] [DEBUG] [24424] [World.cpp:456] [Tetra::World::update] World stats - Loaded chunks: 1445, Deletion queue: 0, Add queue: 0
[13:43:49.362] [DEBUG] [24424] [World.cpp:456] [Tetra::World::update] World stats - Loaded chunks: 1445, Deletion queue: 0, Add queue: 0
[13:43:49.362] [DEBUG] [24424] [World.cpp:456] [Tetra::World::update] World stats - Loaded chunks: 1445, Deletion queue: 0, Add queue: 0
[13:43:49.362] [DEBUG] [24424] [World.cpp:456] [Tetra::World::update] World stats - Loaded chunks: 1445, Deletion queue: 0, Add queue: 0
[13:43:49.363] [DEBUG] [24424] [World.cpp:456] [Tetra::World::update] World stats - Loaded chunks: 1445, Deletion queue: 0, Add queue: 0
[13:43:49.363] [DEBUG] [24424] [World.cpp:456] [Tetra::World::update] World stats - Loaded chunks: 1445, Deletion queue: 0, Add queue: 0
[13:43:49.363] [DEBUG] [24424] [World.cpp:456] [Tetra::World::update] World stats - Loaded chunks: 1445, Deletion queue: 0, Add queue: 0
[13:43:49.363] [DEBUG] [24424] [World.cpp:456] [Tetra::World::update] World stats - Loaded chunks: 1445, Deletion queue: 0, Add queue: 0
[13:43:49.363] [DEBUG] [24424] [World.cpp:456] [Tetra::World::update] World stats - Loaded chunks: 1445, Deletion queue: 0, Add queue: 0
[13:43:49.364] [DEBUG] [24424] [World.cpp:456] [Tetra::World::update] World stats - Loaded chunks: 1445, Deletion queue: 0, Add queue: 0
[13:43:49.364] [DEBUG] [24424] [World.cpp:456] [Tetra::World::update] World stats - Loaded chunks: 1445, Deletion queue: 0, Add queue: 0
[13:43:49.364] [DEBUG] [24424] [World.cpp:456] [Tetra::World::update] World stats - Loaded chunks: 1445, Deletion queue: 0, Add queue: 0
[13:43:49.364] [DEBUG] [24424] [World.cpp:456] [Tetra::World::update] World stats - Loaded chunks: 1445, Deletion queue: 0, Add queue: 0
[13:43:49.365] [DEBUG] [24424] [World.cpp:456] [Tetra::World::update] World stats - Loaded chunks: 1445, Deletion queue: 0, Add queue: 0
[13:43:49.365] [DEBUG] [24424] [World.cpp:456] [Tetra::World::update] World stats - Loaded chunks: 1445, Deletion queue: 0, Add queue: 0
[13:43:49.365] [DEBUG] [24424] [World.cpp:456] [Tetra::World::update] World stats - Loaded chunks: 1445, Deletion queue: 0, Add queue: 0
[13:43:49.365] [DEBUG] [24424] [World.cpp:456] [Tetra::World::update] World stats - Loaded chunks: 1445, Deletion queue: 0, Add queue: 0
[13:43:49.366] [DEBUG] [24424] [World.cpp:456] [Tetra::World::update] World stats - Loaded chunks: 1445, Deletion queue: 0, Add queue: 0
[13:43:49.366] [DEBUG] [24424] [World.cpp:456] [Tetra::World::update] World stats - Loaded chunks: 1445, Deletion queue: 0, Add queue: 0
[13:43:49.366] [DEBUG] [24424] [World.cpp:456] [Tetra::World::update] World stats - Loaded chunks: 1445, Deletion queue: 0, Add queue: 0
[13:43:49.366] [DEBUG] [24424] [World.cpp:456] [Tetra::World::update] World stats - Loaded chunks: 1445, Deletion queue: 0, Add queue: 0
[13:43:49.366] [DEBUG] [24424] [World.cpp:456] [Tetra::World::update] World stats - Loaded chunks: 1445, Deletion queue: 0, Add queue: 0
[13:43:49.367] [DEBUG] [24424] [World.cpp:456] [Tetra::World::update] World stats - Loaded chunks: 1445, Deletion queue: 0, Add queue: 0
[13:43:49.367] [DEBUG] [24424] [World.cpp:456] [Tetra::World::update] World stats - Loaded chunks: 1445, Deletion queue: 0, Add queue: 0
[13:43:49.367] [DEBUG] [24424] [World.cpp:456] [Tetra::World::update] World stats - Loaded chunks: 1445, Deletion queue: 0, Add queue: 0
[13:43:49.367] [DEBUG] [24424] [World.cpp:456] [Tetra::World::update] World stats - Loaded chunks: 1445, Deletion queue: 0, Add queue: 0
[13:43:49.368] [DEBUG] [24424] [World.cpp:456] [Tetra::World::update] World stats - Loaded chunks: 1445, Deletion queue: 0, Add queue: 0
[13:43:49.368] [DEBUG] [24424] [World.cpp:456] [Tetra::World::update] World stats - Loaded chunks: 1445, Deletion queue: 0, Add queue: 0
[13:43:49.368] [DEBUG] [24424] [World.cpp:456] [Tetra::World::update] World stats - Loaded chunks: 1445, Deletion queue: 0, Add queue: 0
[13:43:49.368] [DEBUG] [24424] [World.cpp:456] [Tetra::World::update] World stats - Loaded chunks: 1445, Deletion queue: 0, Add queue: 0
[13:43:49.369] [DEBUG] [24424] [World.cpp:456] [Tetra::World::update] World stats - Loaded chunks: 1445, Deletion queue: 0, Add queue: 0
[13:43:49.369] [DEBUG] [24424] [World.cpp:456] [Tetra::World::update] World stats - Loaded chunks: 1445, Deletion queue: 0, Add queue: 0
[13:43:49.369] [DEBUG] [24424] [World.cpp:456] [Tetra::World::update] World stats - Loaded chunks: 1445, Deletion queue: 0, Add queue: 0
[13:43:49.369] [DEBUG] [24424] [World.cpp:456] [Tetra::World::update] World stats - Loaded chunks: 1445, Deletion queue: 0, Add queue: 0
[13:43:49.369] [DEBUG] [24424] [World.cpp:456] [Tetra::World::update] World stats - Loaded chunks: 1445, Deletion queue: 0, Add queue: 0
[13:43:49.370] [DEBUG] [24424] [World.cpp:456] [Tetra::World::update] World stats - Loaded chunks: 1445, Deletion queue: 0, Add queue: 0
[13:43:49.370] [DEBUG] [24424] [World.cpp:456] [Tetra::World::update] World stats - Loaded chunks: 1445, Deletion queue: 0, Add queue: 0
[13:43:49.370] [DEBUG] [24424] [World.cpp:456] [Tetra::World::update] World stats - Loaded chunks: 1445, Deletion queue: 0, Add queue: 0
[13:43:49.370] [DEBUG] [24424] [World.cpp:456] [Tetra::World::update] World stats - Loaded chunks: 1445, Deletion queue: 0, Add queue: 0
[13:43:49.371] [DEBUG] [24424] [World.cpp:456] [Tetra::World::update] World stats - Loaded chunks: 1445, Deletion queue: 0, Add queue: 0
[13:43:49.371] [DEBUG] [24424] [World.cpp:456] [Tetra::World::update] World stats - Loaded chunks: 1445, Deletion queue: 0, Add queue: 0
[13:43:49.371] [DEBUG] [24424] [World.cpp:456] [Tetra::World::update] World stats - Loaded chunks: 1445, Deletion queue: 0, Add queue: 0
[13:43:49.371] [DEBUG] [24424] [World.cpp:456] [Tetra::World::update] World stats - Loaded chunks: 1445, Deletion queue: 0, Add queue: 0
[13:43:49.372] [DEBUG] [24424] [World.cpp:456] [Tetra::World::update] World stats - Loaded chunks: 1445, Deletion queue: 0, Add queue: 0
[13:43:49.372] [DEBUG] [24424] [World.cpp:456] [Tetra::World::update] World stats - Loaded chunks: 1445, Deletion queue: 0, Add queue: 0
[13:43:49.372] [DEBUG] [24424] [World.cpp:456] [Tetra::World::update] World stats - Loaded chunks: 1445, Deletion queue: 0, Add queue: 0
[13:43:49.372] [DEBUG] [24424] [World.cpp:456] [Tetra::World::update] World stats - Loaded chunks: 1445, Deletion queue: 0, Add queue: 0
[13:43:49.373] [DEBUG] [24424] [World.cpp:456] [Tetra::World::update] World stats - Loaded chunks: 1445, Deletion queue: 0, Add queue: 0
[13:43:49.373] [DEBUG] [24424] [World.cpp:456] [Tetra::World::update] World stats - Loaded chunks: 1445, Deletion queue: 0, Add queue: 0
[13:43:49.373] [DEBUG] [24424] [World.cpp:456] [Tetra::World::update] World stats - Loaded chunks: 1445, Deletion queue: 0, Add queue: 0
[13:43:49.373] [DEBUG] [24424] [World.cpp:456] [Tetra::World::update] World stats - Loaded chunks: 1445, Deletion queue: 0, Add queue: 0
[13:43:49.374] [DEBUG] [24424] [World.cpp:456] [Tetra::World::update] World stats - Loaded chunks: 1445, Deletion queue: 0, Add queue: 0
[13:43:49.374] [DEBUG] [24424] [World.cpp:456] [Tetra::World::update] World stats - Loaded chunks: 1445, Deletion queue: 0, Add queue: 0
[13:43:49.374] [DEBUG] [24424] [World.cpp:456] [Tetra::World::update] World stats - Loaded chunks: 1445, Deletion queue: 0, Add queue: 0
[13:43:49.374] [DEBUG] [24424] [World.cpp:456] [Tetra::World::update] World stats - Loaded chunks: 1445, Deletion queue: 0, Add queue: 0
[13:43:49.374] [DEBUG] [24424] [World.cpp:456] [Tetra::World::update] World stats - Loaded chunks: 1445, Deletion queue: 0, Add queue: 0
[13:43:49.375] [DEBUG] [24424] [World.cpp:456] [Tetra::World::update] World stats - Loaded chunks: 1445, Deletion queue: 0, Add queue: 0
[13:43:49.375] [DEBUG] [24424] [World.cpp:456] [Tetra::World::update] World stats - Loaded chunks: 1445, Deletion queue: 0, Add queue: 0
[13:43:49.375] [DEBUG] [24424] [World.cpp:456] [Tetra::World::update] World stats - Loaded chunks: 1445, Deletion queue: 0, Add queue: 0
[13:43:49.375] [DEBUG] [24424] [World.cpp:456] [Tetra::World::update] World stats - Loaded chunks: 1445, Deletion queue: 0, Add queue: 0
[13:43:49.376] [DEBUG] [24424] [World.cpp:456] [Tetra::World::update] World stats - Loaded chunks: 1445, Deletion queue: 0, Add queue: 0
[13:43:49.376] [DEBUG] [24424] [World.cpp:456] [Tetra::World::update] World stats - Loaded chunks: 1445, Deletion queue: 0, Add queue: 0
[13:43:49.376] [DEBUG] [24424] [World.cpp:456] [Tetra::World::update] World stats - Loaded chunks: 1445, Deletion queue: 0, Add queue: 0
[13:43:49.376] [DEBUG] [24424] [World.cpp:456] [Tetra::World::update] World stats - Loaded chunks: 1445, Deletion queue: 0, Add queue: 0
[13:43:49.377] [DEBUG] [24424] [World.cpp:456] [Tetra::World::update] World stats - Loaded chunks: 1445, Deletion queue: 0, Add queue: 0
[13:43:49.377] [DEBUG] [24424] [World.cpp:456] [Tetra::World::update] World stats - Loaded chunks: 1445, Deletion queue: 0, Add queue: 0
[13:43:49.377] [DEBUG] [24424] [World.cpp:456] [Tetra::World::update] World stats - Loaded chunks: 1445, Deletion queue: 0, Add queue: 0
[13:43:49.377] [DEBUG] [24424] [World.cpp:456] [Tetra::World::update] World stats - Loaded chunks: 1445, Deletion queue: 0, Add queue: 0
[13:43:49.377] [DEBUG] [24424] [World.cpp:456] [Tetra::World::update] World stats - Loaded chunks: 1445, Deletion queue: 0, Add queue: 0
[13:43:49.378] [DEBUG] [24424] [World.cpp:456] [Tetra::World::update] World stats - Loaded chunks: 1445, Deletion queue: 0, Add queue: 0
[13:43:49.378] [DEBUG] [24424] [World.cpp:456] [Tetra::World::update] World stats - Loaded chunks: 1445, Deletion queue: 0, Add queue: 0
[13:43:49.378] [DEBUG] [24424] [World.cpp:456] [Tetra::World::update] World stats - Loaded chunks: 1445, Deletion queue: 0, Add queue: 0
[13:43:49.378] [DEBUG] [24424] [World.cpp:456] [Tetra::World::update] World stats - Loaded chunks: 1445, Deletion queue: 0, Add queue: 0
[13:43:49.379] [DEBUG] [24424] [World.cpp:456] [Tetra::World::update] World stats - Loaded chunks: 1445, Deletion queue: 0, Add queue: 0
[13:43:49.379] [DEBUG] [24424] [World.cpp:456] [Tetra::World::update] World stats - Loaded chunks: 1445, Deletion queue: 0, Add queue: 0
[13:43:49.379] [DEBUG] [24424] [World.cpp:456] [Tetra::World::update] World stats - Loaded chunks: 1445, Deletion queue: 0, Add queue: 0
[13:43:49.379] [DEBUG] [24424] [World.cpp:456] [Tetra::World::update] World stats - Loaded chunks: 1445, Deletion queue: 0, Add queue: 0
[13:43:49.380] [DEBUG] [24424] [World.cpp:456] [Tetra::World::update] World stats - Loaded chunks: 1445, Deletion queue: 0, Add queue: 0
[13:43:49.380] [DEBUG] [24424] [World.cpp:456] [Tetra::World::update] World stats - Loaded chunks: 1445, Deletion queue: 0, Add queue: 0
[13:43:49.380] [DEBUG] [24424] [World.cpp:456] [Tetra::World::update] World stats - Loaded chunks: 1445, Deletion queue: 0, Add queue: 0
[13:43:49.380] [DEBUG] [24424] [World.cpp:456] [Tetra::World::update] World stats - Loaded chunks: 1445, Deletion queue: 0, Add queue: 0
[13:43:49.381] [DEBUG] [24424] [World.cpp:456] [Tetra::World::update] World stats - Loaded chunks: 1445, Deletion queue: 0, Add queue: 0
[13:43:49.381] [DEBUG] [24424] [World.cpp:456] [Tetra::World::update] World stats - Loaded chunks: 1445, Deletion queue: 0, Add queue: 0
[13:43:49.381] [DEBUG] [24424] [World.cpp:456] [Tetra::World::update] World stats - Loaded chunks: 1445, Deletion queue: 0, Add queue: 0
[13:43:49.381] [DEBUG] [24424] [World.cpp:456] [Tetra::World::update] World stats - Loaded chunks: 1445, Deletion queue: 0, Add queue: 0
[13:43:49.381] [DEBUG] [24424] [World.cpp:456] [Tetra::World::update] World stats - Loaded chunks: 1445, Deletion queue: 0, Add queue: 0
[13:43:49.382] [DEBUG] [24424] [World.cpp:456] [Tetra::World::update] World stats - Loaded chunks: 1445, Deletion queue: 0, Add queue: 0
[13:43:49.382] [DEBUG] [24424] [World.cpp:456] [Tetra::World::update] World stats - Loaded chunks: 1445, Deletion queue: 0, Add queue: 0
[13:43:49.382] [DEBUG] [24424] [World.cpp:456] [Tetra::World::update] World stats - Loaded chunks: 1445, Deletion queue: 0, Add queue: 0
[13:43:49.382] [DEBUG] [24424] [World.cpp:456] [Tetra::World::update] World stats - Loaded chunks: 1445, Deletion queue: 0, Add queue: 0
[13:43:49.383] [DEBUG] [24424] [World.cpp:456] [Tetra::World::update] World stats - Loaded chunks: 1445, Deletion queue: 0, Add queue: 0
[13:43:49.383] [DEBUG] [24424] [World.cpp:456] [Tetra::World::update] World stats - Loaded chunks: 1445, Deletion queue: 0, Add queue: 0
[13:43:49.383] [DEBUG] [24424] [World.cpp:456] [Tetra::World::update] World stats - Loaded chunks: 1445, Deletion queue: 0, Add queue: 0
[13:43:49.383] [DEBUG] [24424] [World.cpp:456] [Tetra::World::update] World stats - Loaded chunks: 1445, Deletion queue: 0, Add queue: 0
[13:43:49.384] [DEBUG] [24424] [World.cpp:456] [Tetra::World::update] World stats - Loaded chunks: 1445, Deletion queue: 0, Add queue: 0
[13:43:49.384] [DEBUG] [24424] [World.cpp:456] [Tetra::World::update] World stats - Loaded chunks: 1445, Deletion queue: 0, Add queue: 0
[13:43:49.384] [DEBUG] [24424] [World.cpp:456] [Tetra::World::update] World stats - Loaded chunks: 1445, Deletion queue: 0, Add queue: 0
[13:43:49.384] [DEBUG] [24424] [World.cpp:456] [Tetra::World::update] World stats - Loaded chunks: 1445, Deletion queue: 0, Add queue: 0
[13:43:49.385] [DEBUG] [24424] [World.cpp:456] [Tetra::World::update] World stats - Loaded chunks: 1445, Deletion queue: 0, Add queue: 0
[13:43:49.385] [DEBUG] [24424] [World.cpp:456] [Tetra::World::update] World stats - Loaded chunks: 1445, Deletion queue: 0, Add queue: 0
[13:43:49.385] [DEBUG] [24424] [World.cpp:456] [Tetra::World::update] World stats - Loaded chunks: 1445, Deletion queue: 0, Add queue: 0
[13:43:49.385] [DEBUG] [24424] [World.cpp:456] [Tetra::World::update] World stats - Loaded chunks: 1445, Deletion queue: 0, Add queue: 0
[13:43:49.386] [DEBUG] [24424] [World.cpp:456] [Tetra::World::update] World stats - Loaded chunks: 1445, Deletion queue: 0, Add queue: 0
[13:43:49.386] [DEBUG] [24424] [World.cpp:456] [Tetra::World::update] World stats - Loaded chunks: 1445, Deletion queue: 0, Add queue: 0
[13:43:49.386] [DEBUG] [24424] [World.cpp:456] [Tetra::World::update] World stats - Loaded chunks: 1445, Deletion queue: 0, Add queue: 0
[13:43:49.386] [DEBUG] [24424] [World.cpp:456] [Tetra::World::update] World stats - Loaded chunks: 1445, Deletion queue: 0, Add queue: 0
[13:43:49.386] [DEBUG] [24424] [World.cpp:456] [Tetra::World::update] World stats - Loaded chunks: 1445, Deletion queue: 0, Add queue: 0
[13:43:49.387] [DEBUG] [24424] [World.cpp:456] [Tetra::World::update] World stats - Loaded chunks: 1445, Deletion queue: 0, Add queue: 0
[13:43:49.387] [DEBUG] [24424] [World.cpp:456] [Tetra::World::update] World stats - Loaded chunks: 1445, Deletion queue: 0, Add queue: 0
[13:43:49.387] [DEBUG] [24424] [World.cpp:456] [Tetra::World::update] World stats - Loaded chunks: 1445, Deletion queue: 0, Add queue: 0
[13:43:49.387] [DEBUG] [24424] [World.cpp:456] [Tetra::World::update] World stats - Loaded chunks: 1445, Deletion queue: 0, Add queue: 0
[13:43:49.388] [DEBUG] [24424] [World.cpp:456] [Tetra::World::update] World stats - Loaded chunks: 1445, Deletion queue: 0, Add queue: 0
[13:43:49.388] [DEBUG] [24424] [World.cpp:456] [Tetra::World::update] World stats - Loaded chunks: 1445, Deletion queue: 0, Add queue: 0
[13:43:49.388] [DEBUG] [24424] [World.cpp:456] [Tetra::World::update] World stats - Loaded chunks: 1445, Deletion queue: 0, Add queue: 0
[13:43:49.389] [DEBUG] [24424] [World.cpp:456] [Tetra::World::update] World stats - Loaded chunks: 1445, Deletion queue: 0, Add queue: 0
[13:43:49.389] [DEBUG] [24424] [World.cpp:456] [Tetra::World::update] World stats - Loaded chunks: 1445, Deletion queue: 0, Add queue: 0
[13:43:49.389] [DEBUG] [24424] [World.cpp:456] [Tetra::World::update] World stats - Loaded chunks: 1445, Deletion queue: 0, Add queue: 0
[13:43:49.389] [DEBUG] [24424] [World.cpp:456] [Tetra::World::update] World stats - Loaded chunks: 1445, Deletion queue: 0, Add queue: 0
[13:43:49.390] [DEBUG] [24424] [World.cpp:456] [Tetra::World::update] World stats - Loaded chunks: 1445, Deletion queue: 0, Add queue: 0
[13:43:49.390] [DEBUG] [24424] [World.cpp:456] [Tetra::World::update] World stats - Loaded chunks: 1445, Deletion queue: 0, Add queue: 0
[13:43:49.390] [DEBUG] [24424] [World.cpp:456] [Tetra::World::update] World stats - Loaded chunks: 1445, Deletion queue: 0, Add queue: 0
[13:43:49.390] [DEBUG] [24424] [World.cpp:456] [Tetra::World::update] World stats - Loaded chunks: 1445, Deletion queue: 0, Add queue: 0
[13:43:49.391] [DEBUG] [24424] [World.cpp:456] [Tetra::World::update] World stats - Loaded chunks: 1445, Deletion queue: 0, Add queue: 0
[13:43:49.391] [DEBUG] [24424] [World.cpp:456] [Tetra::World::update] World stats - Loaded chunks: 1445, Deletion queue: 0, Add queue: 0
[13:43:49.391] [DEBUG] [24424] [World.cpp:456] [Tetra::World::update] World stats - Loaded chunks: 1445, Deletion queue: 0, Add queue: 0
[13:43:49.391] [DEBUG] [24424] [World.cpp:456] [Tetra::World::update] World stats - Loaded chunks: 1445, Deletion queue: 0, Add queue: 0
[13:43:49.392] [DEBUG] [24424] [World.cpp:456] [Tetra::World::update] World stats - Loaded chunks: 1445, Deletion queue: 0, Add queue: 0
[13:43:49.392] [DEBUG] [24424] [World.cpp:456] [Tetra::World::update] World stats - Loaded chunks: 1445, Deletion queue: 0, Add queue: 0
[13:43:49.392] [DEBUG] [24424] [World.cpp:456] [Tetra::World::update] World stats - Loaded chunks: 1445, Deletion queue: 0, Add queue: 0
[13:43:49.392] [DEBUG] [24424] [World.cpp:456] [Tetra::World::update] World stats - Loaded chunks: 1445, Deletion queue: 0, Add queue: 0
[13:43:49.392] [DEBUG] [24424] [World.cpp:456] [Tetra::World::update] World stats - Loaded chunks: 1445, Deletion queue: 0, Add queue: 0
[13:43:49.393] [DEBUG] [24424] [World.cpp:456] [Tetra::World::update] World stats - Loaded chunks: 1445, Deletion queue: 0, Add queue: 0
[13:43:49.393] [DEBUG] [24424] [World.cpp:456] [Tetra::World::update] World stats - Loaded chunks: 1445, Deletion queue: 0, Add queue: 0
[13:43:49.393] [DEBUG] [24424] [World.cpp:456] [Tetra::World::update] World stats - Loaded chunks: 1445, Deletion queue: 0, Add queue: 0
[13:43:49.393] [DEBUG] [24424] [World.cpp:456] [Tetra::World::update] World stats - Loaded chunks: 1445, Deletion queue: 0, Add queue: 0
[13:43:49.394] [DEBUG] [24424] [World.cpp:456] [Tetra::World::update] World stats - Loaded chunks: 1445, Deletion queue: 0, Add queue: 0
[13:43:49.394] [DEBUG] [24424] [World.cpp:456] [Tetra::World::update] World stats - Loaded chunks: 1445, Deletion queue: 0, Add queue: 0
[13:43:49.394] [DEBUG] [24424] [World.cpp:456] [Tetra::World::update] World stats - Loaded chunks: 1445, Deletion queue: 0, Add queue: 0
[13:43:49.394] [DEBUG] [24424] [World.cpp:456] [Tetra::World::update] World stats - Loaded chunks: 1445, Deletion queue: 0, Add queue: 0
[13:43:49.395] [DEBUG] [24424] [World.cpp:456] [Tetra::World::update] World stats - Loaded chunks: 1445, Deletion queue: 0, Add queue: 0
[13:43:49.395] [DEBUG] [24424] [World.cpp:456] [Tetra::World::update] World stats - Loaded chunks: 1445, Deletion queue: 0, Add queue: 0
[13:43:49.395] [DEBUG] [24424] [World.cpp:456] [Tetra::World::update] World stats - Loaded chunks: 1445, Deletion queue: 0, Add queue: 0
[13:43:49.395] [DEBUG] [24424] [World.cpp:456] [Tetra::World::update] World stats - Loaded chunks: 1445, Deletion queue: 0, Add queue: 0
[13:43:49.396] [DEBUG] [24424] [World.cpp:456] [Tetra::World::update] World stats - Loaded chunks: 1445, Deletion queue: 0, Add queue: 0
[13:43:49.396] [DEBUG] [24424] [World.cpp:456] [Tetra::World::update] World stats - Loaded chunks: 1445, Deletion queue: 0, Add queue: 0
[13:43:49.396] [DEBUG] [24424] [World.cpp:456] [Tetra::World::update] World stats - Loaded chunks: 1445, Deletion queue: 0, Add queue: 0
[13:43:49.396] [DEBUG] [24424] [World.cpp:456] [Tetra::World::update] World stats - Loaded chunks: 1445, Deletion queue: 0, Add queue: 0
[13:43:49.396] [DEBUG] [24424] [World.cpp:456] [Tetra::World::update] World stats - Loaded chunks: 1445, Deletion queue: 0, Add queue: 0
[13:43:49.397] [DEBUG] [24424] [World.cpp:456] [Tetra::World::update] World stats - Loaded chunks: 1445, Deletion queue: 0, Add queue: 0
[13:43:49.397] [DEBUG] [24424] [World.cpp:456] [Tetra::World::update] World stats - Loaded chunks: 1445, Deletion queue: 0, Add queue: 0
[13:43:49.397] [DEBUG] [24424] [World.cpp:456] [Tetra::World::update] World stats - Loaded chunks: 1445, Deletion queue: 0, Add queue: 0
[13:43:49.397] [DEBUG] [24424] [World.cpp:456] [Tetra::World::update] World stats - Loaded chunks: 1445, Deletion queue: 0, Add queue: 0
[13:43:49.398] [DEBUG] [24424] [World.cpp:456] [Tetra::World::update] World stats - Loaded chunks: 1445, Deletion queue: 0, Add queue: 0
[13:43:49.398] [DEBUG] [24424] [World.cpp:456] [Tetra::World::update] World stats - Loaded chunks: 1445, Deletion queue: 0, Add queue: 0
[13:43:49.398] [DEBUG] [24424] [World.cpp:456] [Tetra::World::update] World stats - Loaded chunks: 1445, Deletion queue: 0, Add queue: 0
[13:43:49.398] [DEBUG] [24424] [World.cpp:456] [Tetra::World::update] World stats - Loaded chunks: 1445, Deletion queue: 0, Add queue: 0
[13:43:49.399] [DEBUG] [24424] [World.cpp:456] [Tetra::World::update] World stats - Loaded chunks: 1445, Deletion queue: 0, Add queue: 0
[13:43:49.399] [DEBUG] [24424] [World.cpp:456] [Tetra::World::update] World stats - Loaded chunks: 1445, Deletion queue: 0, Add queue: 0
[13:43:49.399] [DEBUG] [24424] [World.cpp:456] [Tetra::World::update] World stats - Loaded chunks: 1445, Deletion queue: 0, Add queue: 0
[13:43:49.399] [DEBUG] [24424] [World.cpp:456] [Tetra::World::update] World stats - Loaded chunks: 1445, Deletion queue: 0, Add queue: 0
[13:43:49.400] [DEBUG] [24424] [World.cpp:456] [Tetra::World::update] World stats - Loaded chunks: 1445, Deletion queue: 0, Add queue: 0
[13:43:49.400] [DEBUG] [24424] [World.cpp:456] [Tetra::World::update] World stats - Loaded chunks: 1445, Deletion queue: 0, Add queue: 0
[13:43:49.400] [DEBUG] [24424] [World.cpp:456] [Tetra::World::update] World stats - Loaded chunks: 1445, Deletion queue: 0, Add queue: 0
[13:43:49.400] [DEBUG] [24424] [World.cpp:456] [Tetra::World::update] World stats - Loaded chunks: 1445, Deletion queue: 0, Add queue: 0
[13:43:49.401] [DEBUG] [24424] [World.cpp:456] [Tetra::World::update] World stats - Loaded chunks: 1445, Deletion queue: 0, Add queue: 0
[13:43:49.401] [DEBUG] [24424] [World.cpp:456] [Tetra::World::update] World stats - Loaded chunks: 1445, Deletion queue: 0, Add queue: 0
[13:43:49.401] [DEBUG] [24424] [World.cpp:456] [Tetra::World::update] World stats - Loaded chunks: 1445, Deletion queue: 0, Add queue: 0
[13:43:49.401] [DEBUG] [24424] [World.cpp:456] [Tetra::World::update] World stats - Loaded chunks: 1445, Deletion queue: 0, Add queue: 0
[13:43:49.402] [DEBUG] [24424] [World.cpp:456] [Tetra::World::update] World stats - Loaded chunks: 1445, Deletion queue: 0, Add queue: 0
[13:43:49.402] [DEBUG] [24424] [World.cpp:456] [Tetra::World::update] World stats - Loaded chunks: 1445, Deletion queue: 0, Add queue: 0
[13:43:49.402] [DEBUG] [24424] [World.cpp:456] [Tetra::World::update] World stats - Loaded chunks: 1445, Deletion queue: 0, Add queue: 0
[13:43:49.402] [DEBUG] [24424] [World.cpp:456] [Tetra::World::update] World stats - Loaded chunks: 1445, Deletion queue: 0, Add queue: 0
[13:43:49.402] [DEBUG] [24424] [World.cpp:456] [Tetra::World::update] World stats - Loaded chunks: 1445, Deletion queue: 0, Add queue: 0
[13:43:49.403] [DEBUG] [24424] [World.cpp:456] [Tetra::World::update] World stats - Loaded chunks: 1445, Deletion queue: 0, Add queue: 0
[13:43:49.403] [DEBUG] [24424] [World.cpp:456] [Tetra::World::update] World stats - Loaded chunks: 1445, Deletion queue: 0, Add queue: 0
[13:43:49.403] [DEBUG] [24424] [World.cpp:456] [Tetra::World::update] World stats - Loaded chunks: 1445, Deletion queue: 0, Add queue: 0
[13:43:49.403] [DEBUG] [24424] [World.cpp:456] [Tetra::World::update] World stats - Loaded chunks: 1445, Deletion queue: 0, Add queue: 0
[13:43:49.404] [DEBUG] [24424] [World.cpp:456] [Tetra::World::update] World stats - Loaded chunks: 1445, Deletion queue: 0, Add queue: 0
[13:43:49.404] [DEBUG] [24424] [World.cpp:456] [Tetra::World::update] World stats - Loaded chunks: 1445, Deletion queue: 0, Add queue: 0
[13:43:49.404] [DEBUG] [24424] [World.cpp:456] [Tetra::World::update] World stats - Loaded chunks: 1445, Deletion queue: 0, Add queue: 0
[13:43:49.405] [DEBUG] [24424] [World.cpp:456] [Tetra::World::update] World stats - Loaded chunks: 1445, Deletion queue: 0, Add queue: 0
[13:43:49.405] [DEBUG] [24424] [World.cpp:456] [Tetra::World::update] World stats - Loaded chunks: 1445, Deletion queue: 0, Add queue: 0
[13:43:49.405] [DEBUG] [24424] [World.cpp:456] [Tetra::World::update] World stats - Loaded chunks: 1445, Deletion queue: 0, Add queue: 0
[13:43:49.405] [DEBUG] [24424] [World.cpp:456] [Tetra::World::update] World stats - Loaded chunks: 1445, Deletion queue: 0, Add queue: 0
[13:43:49.406] [DEBUG] [24424] [World.cpp:456] [Tetra::World::update] World stats - Loaded chunks: 1445, Deletion queue: 0, Add queue: 0
[13:43:49.406] [DEBUG] [24424] [World.cpp:456] [Tetra::World::update] World stats - Loaded chunks: 1445, Deletion queue: 0, Add queue: 0
[13:43:49.406] [DEBUG] [24424] [World.cpp:456] [Tetra::World::update] World stats - Loaded chunks: 1445, Deletion queue: 0, Add queue: 0
[13:43:49.406] [DEBUG] [24424] [World.cpp:456] [Tetra::World::update] World stats - Loaded chunks: 1445, Deletion queue: 0, Add queue: 0
[13:43:49.407] [DEBUG] [24424] [World.cpp:456] [Tetra::World::update] World stats - Loaded chunks: 1445, Deletion queue: 0, Add queue: 0
[13:43:49.407] [DEBUG] [24424] [World.cpp:456] [Tetra::World::update] World stats - Loaded chunks: 1445, Deletion queue: 0, Add queue: 0
[13:43:49.407] [DEBUG] [24424] [World.cpp:456] [Tetra::World::update] World stats - Loaded chunks: 1445, Deletion queue: 0, Add queue: 0
[13:43:49.407] [DEBUG] [24424] [World.cpp:456] [Tetra::World::update] World stats - Loaded chunks: 1445, Deletion queue: 0, Add queue: 0
[13:43:49.408] [DEBUG] [24424] [World.cpp:456] [Tetra::World::update] World stats - Loaded chunks: 1445, Deletion queue: 0, Add queue: 0
[13:43:49.408] [DEBUG] [24424] [World.cpp:456] [Tetra::World::update] World stats - Loaded chunks: 1445, Deletion queue: 0, Add queue: 0
[13:43:49.408] [DEBUG] [24424] [World.cpp:456] [Tetra::World::update] World stats - Loaded chunks: 1445, Deletion queue: 0, Add queue: 0
[13:43:49.408] [DEBUG] [24424] [World.cpp:456] [Tetra::World::update] World stats - Loaded chunks: 1445, Deletion queue: 0, Add queue: 0
[13:43:49.409] [DEBUG] [24424] [World.cpp:456] [Tetra::World::update] World stats - Loaded chunks: 1445, Deletion queue: 0, Add queue: 0
[13:43:49.409] [DEBUG] [24424] [World.cpp:456] [Tetra::World::update] World stats - Loaded chunks: 1445, Deletion queue: 0, Add queue: 0
[13:43:49.409] [DEBUG] [24424] [World.cpp:456] [Tetra::World::update] World stats - Loaded chunks: 1445, Deletion queue: 0, Add queue: 0
[13:43:49.409] [DEBUG] [24424] [World.cpp:456] [Tetra::World::update] World stats - Loaded chunks: 1445, Deletion queue: 0, Add queue: 0
[13:43:49.410] [DEBUG] [24424] [World.cpp:456] [Tetra::World::update] World stats - Loaded chunks: 1445, Deletion queue: 0, Add queue: 0
[13:43:49.410] [DEBUG] [24424] [World.cpp:456] [Tetra::World::update] World stats - Loaded chunks: 1445, Deletion queue: 0, Add queue: 0
[13:43:49.410] [DEBUG] [24424] [World.cpp:456] [Tetra::World::update] World stats - Loaded chunks: 1445, Deletion queue: 0, Add queue: 0
[13:43:49.410] [DEBUG] [24424] [World.cpp:456] [Tetra::World::update] World stats - Loaded chunks: 1445, Deletion queue: 0, Add queue: 0
[13:43:49.411] [DEBUG] [24424] [World.cpp:456] [Tetra::World::update] World stats - Loaded chunks: 1445, Deletion queue: 0, Add queue: 0
[13:43:49.411] [DEBUG] [24424] [World.cpp:456] [Tetra::World::update] World stats - Loaded chunks: 1445, Deletion queue: 0, Add queue: 0
[13:43:49.411] [DEBUG] [24424] [World.cpp:456] [Tetra::World::update] World stats - Loaded chunks: 1445, Deletion queue: 0, Add queue: 0
[13:43:49.411] [DEBUG] [24424] [World.cpp:456] [Tetra::World::update] World stats - Loaded chunks: 1445, Deletion queue: 0, Add queue: 0
[13:43:49.412] [DEBUG] [24424] [World.cpp:456] [Tetra::World::update] World stats - Loaded chunks: 1445, Deletion queue: 0, Add queue: 0
[13:43:49.412] [DEBUG] [24424] [World.cpp:456] [Tetra::World::update] World stats - Loaded chunks: 1445, Deletion queue: 0, Add queue: 0
[13:43:49.412] [DEBUG] [24424] [World.cpp:456] [Tetra::World::update] World stats - Loaded chunks: 1445, Deletion queue: 0, Add queue: 0
[13:43:49.412] [DEBUG] [24424] [World.cpp:456] [Tetra::World::update] World stats - Loaded chunks: 1445, Deletion queue: 0, Add queue: 0
[13:43:49.413] [DEBUG] [24424] [World.cpp:456] [Tetra::World::update] World stats - Loaded chunks: 1445, Deletion queue: 0, Add queue: 0
[13:43:49.413] [TRACE] [16120] [World.cpp:482] [Tetra::World::simplex] Allocated 8388608 bytes for FastNoiseSIMD
[13:43:49.413] [DEBUG] [24424] [World.cpp:456] [Tetra::World::update] World stats - Loaded chunks: 1445, Deletion queue: 0, Add queue: 0
[13:43:49.413] [TRACE] [16120] [World.cpp:482] [Tetra::World::simplex] Allocated 65536 bytes for FastNoiseSIMD
[13:43:49.413] [DEBUG] [24424] [World.cpp:456] [Tetra::World::update] World stats - Loaded chunks: 1445, Deletion queue: 0, Add queue: 0
[13:43:49.413] [TRACE] [15164] [World.cpp:482] [Tetra::World::simplex] Allocated 8388608 bytes for FastNoiseSIMD
[13:43:49.413] [TRACE] [20856] [World.cpp:482] [Tetra::World::simplex] Allocated 8388608 bytes for FastNoiseSIMD
[13:43:49.413] [DEBUG] [24424] [World.cpp:456] [Tetra::World::update] World stats - Loaded chunks: 1445, Deletion queue: 0, Add queue: 0
[13:43:49.414] [TRACE] [15164] [World.cpp:482] [Tetra::World::simplex] Allocated 65536 bytes for FastNoiseSIMD
[13:43:49.414] [DEBUG] [24424] [World.cpp:456] [Tetra::World::update] World stats - Loaded chunks: 1445, Deletion queue: 0, Add queue: 0
[13:43:49.414] [TRACE] [20856] [World.cpp:482] [Tetra::World::simplex] Allocated 65536 bytes for FastNoiseSIMD
[13:43:49.414] [DEBUG] [24424] [World.cpp:456] [Tetra::World::update] World stats - Loaded chunks: 1445, Deletion queue: 0, Add queue: 0
[13:43:49.414] [DEBUG] [24424] [World.cpp:456] [Tetra::World::update] World stats - Loaded chunks: 1445, Deletion queue: 0, Add queue: 0
[13:43:49.414] [DEBUG] [24424] [World.cpp:456] [Tetra::World::update] World stats - Loaded chunks: 1445, Deletion queue: 0, Add queue: 0
[13:43:49.415] [DEBUG] [24424] [World.cpp:456] [Tetra::World::update] World stats - Loaded chunks: 1445, Deletion queue: 0, Add queue: 0
[13:43:49.415] [DEBUG] [24424] [World.cpp:456] [Tetra::World::update] World stats - Loaded chunks: 1445, Deletion queue: 0, Add queue: 0
[13:43:49.415] [TRACE] [28408] [World.cpp:482] [Tetra::World::simplex] Allocated 8388608 bytes for FastNoiseSIMD
[13:43:49.415] [DEBUG] [24424] [World.cpp:456] [Tetra::World::update] World stats - Loaded chunks: 1445, Deletion queue: 0, Add queue: 0
[13:43:49.415] [TRACE] [28408] [World.cpp:482] [Tetra::World::simplex] Allocated 65536 bytes for FastNoiseSIMD
[13:43:49.415] [DEBUG] [24424] [World.cpp:456] [Tetra::World::update] World stats - Loaded chunks: 1445, Deletion queue: 0, Add queue: 0
[13:43:49.416] [DEBUG] [24424] [World.cpp:456] [Tetra::World::update] World stats - Loaded chunks: 1445, Deletion queue: 0, Add queue: 0
[13:43:49.416] [DEBUG] [24424] [World.cpp:456] [Tetra::World::update] World stats - Loaded chunks: 1445, Deletion queue: 0, Add queue: 0
[13:43:49.416] [DEBUG] [24424] [World.cpp:456] [Tetra::World::update] World stats - Loaded chunks: 1445, Deletion queue: 0, Add queue: 0
[13:43:49.416] [DEBUG] [24424] [World.cpp:456] [Tetra::World::update] World stats - Loaded chunks: 1445, Deletion queue: 0, Add queue: 0
[13:43:49.417] [DEBUG] [24424] [World.cpp:456] [Tetra::World::update] World stats - Loaded chunks: 1445, Deletion queue: 0, Add queue: 0
[13:43:49.417] [DEBUG] [24424] [World.cpp:456] [Tetra::World::update] World stats - Loaded chunks: 1445, Deletion queue: 0, Add queue: 0
[13:43:49.417] [DEBUG] [24424] [World.cpp:456] [Tetra::World::update] World stats - Loaded chunks: 1445, Deletion queue: 0, Add queue: 0
[13:43:49.417] [DEBUG] [24424] [World.cpp:456] [Tetra::World::update] World stats - Loaded chunks: 1445, Deletion queue: 0, Add queue: 0
[13:43:49.418] [DEBUG] [24424] [World.cpp:456] [Tetra::World::update] World stats - Loaded chunks: 1445, Deletion queue: 0, Add queue: 0
[13:43:49.418] [DEBUG] [24424] [World.cpp:456] [Tetra::World::update] World stats - Loaded chunks: 1445, Deletion queue: 0, Add queue: 0
[13:43:49.418] [DEBUG] [24424] [World.cpp:456] [Tetra::World::update] World stats - Loaded chunks: 1445, Deletion queue: 0, Add queue: 0
[13:43:49.418] [TRACE] [16120] [World.cpp:541] [Tetra::World::populate_chunk_pass_1] Deallocated 65536 bytes for FastNoiseSIMD
[13:43:49.418] [TRACE] [16120] [World.cpp:544] [Tetra::World::populate_chunk_pass_1] Deallocated 8388608 bytes for FastNoiseSIMD
[13:43:49.418] [DEBUG] [24424] [World.cpp:456] [Tetra::World::update] World stats - Loaded chunks: 1445, Deletion queue: 0, Add queue: 0
[13:43:49.419] [DEBUG] [24424] [World.cpp:456] [Tetra::World::update] World stats - Loaded chunks: 1445, Deletion queue: 0, Add queue: 0
[13:43:49.419] [TRACE] [20856] [World.cpp:541] [Tetra::World::populate_chunk_pass_1] Deallocated 65536 bytes for FastNoiseSIMD
[13:43:49.419] [TRACE] [20856] [World.cpp:544] [Tetra::World::populate_chunk_pass_1] Deallocated 8388608 bytes for FastNoiseSIMD
[13:43:49.419] [TRACE] [16120] [World.cpp:547] [Tetra::World::populate_chunk_pass_1] Deallocated 65536 bytes for FastNoiseSIMD
[13:43:49.419] [TRACE] [16120] [World.cpp:550] [Tetra::World::populate_chunk_pass_1] Deallocated 65536 bytes for FastNoiseSIMD
[13:43:49.419] [TRACE] [16120] [World.cpp:553] [Tetra::World::populate_chunk_pass_1] Deallocated 65536 bytes for FastNoiseSIMD
[13:43:49.419] [DEBUG] [24424] [World.cpp:456] [Tetra::World::update] World stats - Loaded chunks: 1445, Deletion queue: 0, Add queue: 0
[13:43:49.419] [TRACE] [16120] [World.cpp:556] [Tetra::World::populate_chunk_pass_1] Deallocated 65536 bytes for FastNoiseSIMD
[13:43:49.419] [DEBUG] [16120] [World.cpp:229] [Tetra::World::population_pass_1] Timer 'Population pass 1' completed in 90818 microseconds
[13:43:49.419] [DEBUG] [10312] [World.cpp:229] [Tetra::World::population_pass_1] Timer 'Population pass 1' started
[13:43:49.419] [TRACE] [15164] [World.cpp:541] [Tetra::World::populate_chunk_pass_1] Deallocated 65536 bytes for FastNoiseSIMD
[13:43:49.419] [TRACE] [15164] [World.cpp:544] [Tetra::World::populate_chunk_pass_1] Deallocated 8388608 bytes for FastNoiseSIMD
[13:43:49.420] [DEBUG] [24424] [World.cpp:456] [Tetra::World::update] World stats - Loaded chunks: 1445, Deletion queue: 0, Add queue: 0
[13:43:49.420] [TRACE] [20856] [World.cpp:547] [Tetra::World::populate_chunk_pass_1] Deallocated 65536 bytes for FastNoiseSIMD
[13:43:49.420] [TRACE] [20856] [World.cpp:550] [Tetra::World::populate_chunk_pass_1] Deallocated 65536 bytes for FastNoiseSIMD
[13:43:49.420] [TRACE] [20856] [World.cpp:553] [Tetra::World::populate_chunk_pass_1] Deallocated 65536 bytes for FastNoiseSIMD
[13:43:49.420] [TRACE] [20856] [World.cpp:556] [Tetra::World::populate_chunk_pass_1] Deallocated 65536 bytes for FastNoiseSIMD
[13:43:49.420] [DEBUG] [20856] [World.cpp:229] [Tetra::World::population_pass_1] Timer 'Population pass 1' completed in 92143 microseconds
[13:43:49.420] [TRACE] [10312] [World.cpp:482] [Tetra::World::simplex] Allocated 65536 bytes for FastNoiseSIMD
[13:43:49.420] [DEBUG] [26804] [World.cpp:229] [Tetra::World::population_pass_1] Timer 'Population pass 1' started
[13:43:49.420] [DEBUG] [24424] [World.cpp:456] [Tetra::World::update] World stats - Loaded chunks: 1445, Deletion queue: 0, Add queue: 0
[13:43:49.420] [TRACE] [10312] [World.cpp:482] [Tetra::World::simplex] Allocated 65536 bytes for FastNoiseSIMD
[13:43:49.420] [TRACE] [15164] [World.cpp:547] [Tetra::World::populate_chunk_pass_1] Deallocated 65536 bytes for FastNoiseSIMD
[13:43:49.420] [TRACE] [15164] [World.cpp:550] [Tetra::World::populate_chunk_pass_1] Deallocated 65536 bytes for FastNoiseSIMD
[13:43:49.421] [TRACE] [15164] [World.cpp:553] [Tetra::World::populate_chunk_pass_1] Deallocated 65536 bytes for FastNoiseSIMD
[13:43:49.421] [TRACE] [15164] [World.cpp:556] [Tetra::World::populate_chunk_pass_1] Deallocated 65536 bytes for FastNoiseSIMD
[13:43:49.421] [DEBUG] [15164] [World.cpp:229] [Tetra::World::population_pass_1] Timer 'Population pass 1' completed in 92669 microseconds
[13:43:49.421] [DEBUG] [18448] [World.cpp:229] [Tetra::World::population_pass_1] Timer 'Population pass 1' started
[13:43:49.421] [TRACE] [10312] [World.cpp:482] [Tetra::World::simplex] Allocated 65536 bytes for FastNoiseSIMD
[13:43:49.421] [DEBUG] [24424] [World.cpp:456] [Tetra::World::update] World stats - Loaded chunks: 1445, Deletion queue: 0, Add queue: 0
[13:43:49.421] [TRACE] [26804] [World.cpp:482] [Tetra::World::simplex] Allocated 65536 bytes for FastNoiseSIMD
[13:43:49.421] [TRACE] [10312] [World.cpp:482] [Tetra::World::simplex] Allocated 65536 bytes for FastNoiseSIMD
[13:43:49.421] [TRACE] [28408] [World.cpp:541] [Tetra::World::populate_chunk_pass_1] Deallocated 65536 bytes for FastNoiseSIMD
[13:43:49.421] [TRACE] [28408] [World.cpp:544] [Tetra::World::populate_chunk_pass_1] Deallocated 8388608 bytes for FastNoiseSIMD
[13:43:49.421] [DEBUG] [24424] [World.cpp:456] [Tetra::World::update] World stats - Loaded chunks: 1445, Deletion queue: 0, Add queue: 0
[13:43:49.421] [TRACE] [26804] [World.cpp:482] [Tetra::World::simplex] Allocated 65536 bytes for FastNoiseSIMD
[13:43:49.421] [TRACE] [18448] [World.cpp:482] [Tetra::World::simplex] Allocated 65536 bytes for FastNoiseSIMD
[13:43:49.422] [TRACE] [18448] [World.cpp:482] [Tetra::World::simplex] Allocated 65536 bytes for FastNoiseSIMD
[13:43:49.422] [DEBUG] [24424] [World.cpp:456] [Tetra::World::update] World stats - Loaded chunks: 1445, Deletion queue: 0, Add queue: 0
[13:43:49.422] [TRACE] [26804] [World.cpp:482] [Tetra::World::simplex] Allocated 65536 bytes for FastNoiseSIMD
[13:43:49.422] [TRACE] [18448] [World.cpp:482] [Tetra::World::simplex] Allocated 65536 bytes for FastNoiseSIMD
[13:43:49.422] [TRACE] [18448] [World.cpp:482] [Tetra::World::simplex] Allocated 65536 bytes for FastNoiseSIMD
[13:43:49.422] [TRACE] [26804] [World.cpp:482] [Tetra::World::simplex] Allocated 65536 bytes for FastNoiseSIMD
[13:43:49.422] [TRACE] [28408] [World.cpp:547] [Tetra::World::populate_chunk_pass_1] Deallocated 65536 bytes for FastNoiseSIMD
[13:43:49.422] [TRACE] [28408] [World.cpp:550] [Tetra::World::populate_chunk_pass_1] Deallocated 65536 bytes for FastNoiseSIMD
[13:43:49.422] [DEBUG] [24424] [World.cpp:456] [Tetra::World::update] World stats - Loaded chunks: 1445, Deletion queue: 0, Add queue: 0
[13:43:49.422] [TRACE] [28408] [World.cpp:553] [Tetra::World::populate_chunk_pass_1] Deallocated 65536 bytes for FastNoiseSIMD
[13:43:49.422] [TRACE] [28408] [World.cpp:556] [Tetra::World::populate_chunk_pass_1] Deallocated 65536 bytes for FastNoiseSIMD
[13:43:49.422] [DEBUG] [28408] [World.cpp:229] [Tetra::World::population_pass_1] Timer 'Population pass 1' completed in 94742 microseconds
[13:43:49.423] [DEBUG] [20672] [World.cpp:229] [Tetra::World::population_pass_1] Timer 'Population pass 1' started
[13:43:49.423] [DEBUG] [24424] [World.cpp:456] [Tetra::World::update] World stats - Loaded chunks: 1445, Deletion queue: 0, Add queue: 0
[13:43:49.423] [TRACE] [20672] [World.cpp:482] [Tetra::World::simplex] Allocated 65536 bytes for FastNoiseSIMD
[13:43:49.423] [DEBUG] [24424] [World.cpp:456] [Tetra::World::update] World stats - Loaded chunks: 1445, Deletion queue: 0, Add queue: 0
[13:43:49.424] [TRACE] [20672] [World.cpp:482] [Tetra::World::simplex] Allocated 65536 bytes for FastNoiseSIMD
[13:43:49.424] [TRACE] [20672] [World.cpp:482] [Tetra::World::simplex] Allocated 65536 bytes for FastNoiseSIMD
[13:43:49.424] [DEBUG] [24424] [World.cpp:456] [Tetra::World::update] World stats - Loaded chunks: 1445, Deletion queue: 0, Add queue: 0
[13:43:49.424] [TRACE] [20672] [World.cpp:482] [Tetra::World::simplex] Allocated 65536 bytes for FastNoiseSIMD
[13:43:49.424] [DEBUG] [24424] [World.cpp:456] [Tetra::World::update] World stats - Loaded chunks: 1445, Deletion queue: 0, Add queue: 0
[13:43:49.425] [DEBUG] [24424] [World.cpp:456] [Tetra::World::update] World stats - Loaded chunks: 1445, Deletion queue: 0, Add queue: 0
[13:43:49.425] [DEBUG] [24424] [World.cpp:456] [Tetra::World::update] World stats - Loaded chunks: 1445, Deletion queue: 0, Add queue: 0
[13:43:49.426] [DEBUG] [24424] [World.cpp:456] [Tetra::World::update] World stats - Loaded chunks: 1445, Deletion queue: 0, Add queue: 0
[13:43:49.426] [DEBUG] [24424] [World.cpp:456] [Tetra::World::update] World stats - Loaded chunks: 1445, Deletion queue: 0, Add queue: 0
[13:43:49.426] [DEBUG] [24424] [World.cpp:456] [Tetra::World::update] World stats - Loaded chunks: 1445, Deletion queue: 0, Add queue: 0
[13:43:49.427] [DEBUG] [24424] [World.cpp:456] [Tetra::World::update] World stats - Loaded chunks: 1445, Deletion queue: 0, Add queue: 0
[13:43:49.427] [DEBUG] [24424] [World.cpp:456] [Tetra::World::update] World stats - Loaded chunks: 1445, Deletion queue: 0, Add queue: 0
[13:43:49.428] [DEBUG] [24424] [World.cpp:456] [Tetra::World::update] World stats - Loaded chunks: 1445, Deletion queue: 0, Add queue: 0
[13:43:49.428] [DEBUG] [24424] [World.cpp:456] [Tetra::World::update] World stats - Loaded chunks: 1445, Deletion queue: 0, Add queue: 0
[13:43:49.429] [DEBUG] [24424] [World.cpp:456] [Tetra::World::update] World stats - Loaded chunks: 1445, Deletion queue: 0, Add queue: 0
[13:43:49.429] [DEBUG] [24424] [World.cpp:456] [Tetra::World::update] World stats - Loaded chunks: 1445, Deletion queue: 0, Add queue: 0
[13:43:49.430] [DEBUG] [24424] [World.cpp:456] [Tetra::World::update] World stats - Loaded chunks: 1445, Deletion queue: 0, Add queue: 0
[13:43:49.430] [DEBUG] [24424] [World.cpp:456] [Tetra::World::update] World stats - Loaded chunks: 1445, Deletion queue: 0, Add queue: 0
[13:43:49.431] [DEBUG] [24424] [World.cpp:456] [Tetra::World::update] World stats - Loaded chunks: 1445, Deletion queue: 0, Add queue: 0
[13:43:49.431] [DEBUG] [24424] [World.cpp:456] [Tetra::World::update] World stats - Loaded chunks: 1445, Deletion queue: 0, Add queue: 0
[13:43:49.431] [DEBUG] [24424] [World.cpp:456] [Tetra::World::update] World stats - Loaded chunks: 1445, Deletion queue: 0, Add queue: 0
[13:43:49.432] [DEBUG] [24424] [World.cpp:456] [Tetra::World::update] World stats - Loaded chunks: 1445, Deletion queue: 0, Add queue: 0
[13:43:49.432] [DEBUG] [24424] [World.cpp:456] [Tetra::World::update] World stats - Loaded chunks: 1445, Deletion queue: 0, Add queue: 0
[13:43:49.433] [DEBUG] [24424] [World.cpp:456] [Tetra::World::update] World stats - Loaded chunks: 1445, Deletion queue: 0, Add queue: 0
[13:43:49.433] [DEBUG] [24424] [World.cpp:456] [Tetra::World::update] World stats - Loaded chunks: 1445, Deletion queue: 0, Add queue: 0
[13:43:49.434] [DEBUG] [24424] [World.cpp:456] [Tetra::World::update] World stats - Loaded chunks: 1445, Deletion queue: 0, Add queue: 0
[13:43:49.434] [DEBUG] [24424] [World.cpp:456] [Tetra::World::update] World stats - Loaded chunks: 1445, Deletion queue: 0, Add queue: 0
[13:43:49.435] [DEBUG] [24424] [World.cpp:456] [Tetra::World::update] World stats - Loaded chunks: 1445, Deletion queue: 0, Add queue: 0
[13:43:49.435] [DEBUG] [24424] [World.cpp:456] [Tetra::World::update] World stats - Loaded chunks: 1445, Deletion queue: 0, Add queue: 0
[13:43:49.436] [DEBUG] [24424] [World.cpp:456] [Tetra::World::update] World stats - Loaded chunks: 1445, Deletion queue: 0, Add queue: 0
[13:43:49.436] [DEBUG] [24424] [World.cpp:456] [Tetra::World::update] World stats - Loaded chunks: 1445, Deletion queue: 0, Add queue: 0
[13:43:49.437] [DEBUG] [24424] [World.cpp:456] [Tetra::World::update] World stats - Loaded chunks: 1445, Deletion queue: 0, Add queue: 0
[13:43:49.437] [DEBUG] [24424] [World.cpp:456] [Tetra::World::update] World stats - Loaded chunks: 1445, Deletion queue: 0, Add queue: 0
[13:43:49.437] [DEBUG] [24424] [World.cpp:456] [Tetra::World::update] World stats - Loaded chunks: 1445, Deletion queue: 0, Add queue: 0
[13:43:49.438] [DEBUG] [24424] [World.cpp:456] [Tetra::World::update] World stats - Loaded chunks: 1445, Deletion queue: 0, Add queue: 0
[13:43:49.438] [DEBUG] [24424] [World.cpp:456] [Tetra::World::update] World stats - Loaded chunks: 1445, Deletion queue: 0, Add queue: 0
[13:43:49.439] [DEBUG] [24424] [World.cpp:456] [Tetra::World::update] World stats - Loaded chunks: 1445, Deletion queue: 0, Add queue: 0
[13:43:49.439] [DEBUG] [24424] [World.cpp:456] [Tetra::World::update] World stats - Loaded chunks: 1445, Deletion queue: 0, Add queue: 0
[13:43:49.440] [DEBUG] [24424] [World.cpp:456] [Tetra::World::update] World stats - Loaded chunks: 1445, Deletion queue: 0, Add queue: 0
[13:43:49.440] [DEBUG] [24424] [World.cpp:456] [Tetra::World::update] World stats - Loaded chunks: 1445, Deletion queue: 0, Add queue: 0
[13:43:49.441] [DEBUG] [24424] [World.cpp:456] [Tetra::World::update] World stats - Loaded chunks: 1445, Deletion queue: 0, Add queue: 0
[13:43:49.441] [DEBUG] [24424] [World.cpp:456] [Tetra::World::update] World stats - Loaded chunks: 1445, Deletion queue: 0, Add queue: 0
[13:43:49.442] [DEBUG] [24424] [World.cpp:456] [Tetra::World::update] World stats - Loaded chunks: 1445, Deletion queue: 0, Add queue: 0
[13:43:49.442] [DEBUG] [24424] [World.cpp:456] [Tetra::World::update] World stats - Loaded chunks: 1445, Deletion queue: 0, Add queue: 0
[13:43:49.443] [DEBUG] [24424] [World.cpp:456] [Tetra::World::update] World stats - Loaded chunks: 1445, Deletion queue: 0, Add queue: 0
[13:43:49.443] [DEBUG] [24424] [World.cpp:456] [Tetra::World::update] World stats - Loaded chunks: 1445, Deletion queue: 0, Add queue: 0
[13:43:49.444] [DEBUG] [24424] [World.cpp:456] [Tetra::World::update] World stats - Loaded chunks: 1445, Deletion queue: 0, Add queue: 0
[13:43:49.444] [DEBUG] [24424] [World.cpp:456] [Tetra::World::update] World stats - Loaded chunks: 1445, Deletion queue: 0, Add queue: 0
[13:43:49.445] [DEBUG] [24424] [World.cpp:456] [Tetra::World::update] World stats - Loaded chunks: 1445, Deletion queue: 0, Add queue: 0
[13:43:49.445] [DEBUG] [24424] [World.cpp:456] [Tetra::World::update] World stats - Loaded chunks: 1445, Deletion queue: 0, Add queue: 0
[13:43:49.445] [DEBUG] [24424] [World.cpp:456] [Tetra::World::update] World stats - Loaded chunks: 1445, Deletion queue: 0, Add queue: 0
[13:43:49.446] [DEBUG] [24424] [World.cpp:456] [Tetra::World::update] World stats - Loaded chunks: 1445, Deletion queue: 0, Add queue: 0
[13:43:49.446] [DEBUG] [24424] [World.cpp:456] [Tetra::World::update] World stats - Loaded chunks: 1445, Deletion queue: 0, Add queue: 0
[13:43:49.447] [DEBUG] [24424] [World.cpp:456] [Tetra::World::update] World stats - Loaded chunks: 1445, Deletion queue: 0, Add queue: 0
[13:43:49.447] [DEBUG] [24424] [World.cpp:456] [Tetra::World::update] World stats - Loaded chunks: 1445, Deletion queue: 0, Add queue: 0
[13:43:49.448] [DEBUG] [24424] [World.cpp:456] [Tetra::World::update] World stats - Loaded chunks: 1445, Deletion queue: 0, Add queue: 0
[13:43:49.448] [DEBUG] [24424] [World.cpp:456] [Tetra::World::update] World stats - Loaded chunks: 1445, Deletion queue: 0, Add queue: 0
[13:43:49.449] [DEBUG] [24424] [World.cpp:456] [Tetra::World::update] World stats - Loaded chunks: 1445, Deletion queue: 0, Add queue: 0
[13:43:49.449] [DEBUG] [24424] [World.cpp:456] [Tetra::World::update] World stats - Loaded chunks: 1445, Deletion queue: 0, Add queue: 0
[13:43:49.450] [DEBUG] [24424] [World.cpp:456] [Tetra::World::update] World stats - Loaded chunks: 1445, Deletion queue: 0, Add queue: 0
[13:43:49.450] [DEBUG] [24424] [World.cpp:456] [Tetra::World::update] World stats - Loaded chunks: 1445, Deletion queue: 0, Add queue: 0
[13:43:49.451] [DEBUG] [24424] [World.cpp:456] [Tetra::World::update] World stats - Loaded chunks: 1445, Deletion queue: 0, Add queue: 0
[13:43:49.451] [DEBUG] [24424] [World.cpp:456] [Tetra::World::update] World stats - Loaded chunks: 1445, Deletion queue: 0, Add queue: 0
[13:43:49.452] [DEBUG] [24424] [World.cpp:456] [Tetra::World::update] World stats - Loaded chunks: 1445, Deletion queue: 0, Add queue: 0
[13:43:49.452] [DEBUG] [24424] [World.cpp:456] [Tetra::World::update] World stats - Loaded chunks: 1445, Deletion queue: 0, Add queue: 0
[13:43:49.453] [DEBUG] [24424] [World.cpp:456] [Tetra::World::update] World stats - Loaded chunks: 1445, Deletion queue: 0, Add queue: 0
[13:43:49.453] [DEBUG] [24424] [World.cpp:456] [Tetra::World::update] World stats - Loaded chunks: 1445, Deletion queue: 0, Add queue: 0
[13:43:49.454] [DEBUG] [24424] [World.cpp:456] [Tetra::World::update] World stats - Loaded chunks: 1445, Deletion queue: 0, Add queue: 0
[13:43:49.454] [DEBUG] [24424] [World.cpp:456] [Tetra::World::update] World stats - Loaded chunks: 1445, Deletion queue: 0, Add queue: 0
[13:43:49.455] [DEBUG] [24424] [World.cpp:456] [Tetra::World::update] World stats - Loaded chunks: 1445, Deletion queue: 0, Add queue: 0
[13:43:49.455] [DEBUG] [24424] [World.cpp:456] [Tetra::World::update] World stats - Loaded chunks: 1445, Deletion queue: 0, Add queue: 0
[13:43:49.456] [DEBUG] [24424] [World.cpp:456] [Tetra::World::update] World stats - Loaded chunks: 1445, Deletion queue: 0, Add queue: 0
[13:43:49.456] [DEBUG] [24424] [World.cpp:456] [Tetra::World::update] World stats - Loaded chunks: 1445, Deletion queue: 0, Add queue: 0
[13:43:49.457] [DEBUG] [24424] [World.cpp:456] [Tetra::World::update] World stats - Loaded chunks: 1445, Deletion queue: 0, Add queue: 0
[13:43:49.457] [DEBUG] [24424] [World.cpp:456] [Tetra::World::update] World stats - Loaded chunks: 1445, Deletion queue: 0, Add queue: 0
[13:43:49.458] [DEBUG] [24424] [World.cpp:456] [Tetra::World::update] World stats - Loaded chunks: 1445, Deletion queue: 0, Add queue: 0
[13:43:49.458] [DEBUG] [24424] [World.cpp:456] [Tetra::World::update] World stats - Loaded chunks: 1445, Deletion queue: 0, Add queue: 0
[13:43:49.458] [DEBUG] [24424] [World.cpp:456] [Tetra::World::update] World stats - Loaded chunks: 1445, Deletion queue: 0, Add queue: 0
[13:43:49.459] [DEBUG] [24424] [World.cpp:456] [Tetra::World::update] World stats - Loaded chunks: 1445, Deletion queue: 0, Add queue: 0
[13:43:49.459] [DEBUG] [24424] [World.cpp:456] [Tetra::World::update] World stats - Loaded chunks: 1445, Deletion queue: 0, Add queue: 0
[13:43:49.460] [DEBUG] [24424] [World.cpp:456] [Tetra::World::update] World stats - Loaded chunks: 1445, Deletion queue: 0, Add queue: 0
[13:43:49.460] [DEBUG] [24424] [World.cpp:456] [Tetra::World::update] World stats - Loaded chunks: 1445, Deletion queue: 0, Add queue: 0
[13:43:49.461] [DEBUG] [24424] [World.cpp:456] [Tetra::World::update] World stats - Loaded chunks: 1445, Deletion queue: 0, Add queue: 0
[13:43:49.461] [DEBUG] [24424] [World.cpp:456] [Tetra::World::update] World stats - Loaded chunks: 1445, Deletion queue: 0, Add queue: 0
[13:43:49.462] [DEBUG] [24424] [World.cpp:456] [Tetra::World::update] World stats - Loaded chunks: 1445, Deletion queue: 0, Add queue: 0
[13:43:49.462] [DEBUG] [24424] [World.cpp:456] [Tetra::World::update] World stats - Loaded chunks: 1445, Deletion queue: 0, Add queue: 0
[13:43:49.463] [DEBUG] [24424] [World.cpp:456] [Tetra::World::update] World stats - Loaded chunks: 1445, Deletion queue: 0, Add queue: 0
[13:43:49.463] [DEBUG] [24424] [World.cpp:456] [Tetra::World::update] World stats - Loaded chunks: 1445, Deletion queue: 0, Add queue: 0
[13:43:49.464] [DEBUG] [24424] [World.cpp:456] [Tetra::World::update] World stats - Loaded chunks: 1445, Deletion queue: 0, Add queue: 0
[13:43:49.464] [DEBUG] [24424] [World.cpp:456] [Tetra::World::update] World stats - Loaded chunks: 1445, Deletion queue: 0, Add queue: 0
[13:43:49.465] [DEBUG] [24424] [World.cpp:456] [Tetra::World::update] World stats - Loaded chunks: 1445, Deletion queue: 0, Add queue: 0
[13:43:49.465] [DEBUG] [24424] [World.cpp:456] [Tetra::World::update] World stats - Loaded chunks: 1445, Deletion queue: 0, Add queue: 0
[13:43:49.466] [DEBUG] [24424] [World.cpp:456] [Tetra::World::update] World stats - Loaded chunks: 1445, Deletion queue: 0, Add queue: 0
[13:43:49.466] [DEBUG] [24424] [World.cpp:456] [Tetra::World::update] World stats - Loaded chunks: 1445, Deletion queue: 0, Add queue: 0
[13:43:49.467] [DEBUG] [24424] [World.cpp:456] [Tetra::World::update] World stats - Loaded chunks: 1445, Deletion queue: 0, Add queue: 0
[13:43:49.467] [DEBUG] [24424] [World.cpp:456] [Tetra::World::update] World stats - Loaded chunks: 1445, Deletion queue: 0, Add queue: 0
[13:43:49.468] [DEBUG] [24424] [World.cpp:456] [Tetra::World::update] World stats - Loaded chunks: 1445, Deletion queue: 0, Add queue: 0
[13:43:49.468] [DEBUG] [24424] [World.cpp:456] [Tetra::World::update] World stats - Loaded chunks: 1445, Deletion queue: 0, Add queue: 0
[13:43:49.468] [DEBUG] [24424] [World.cpp:456] [Tetra::World::update] World stats - Loaded chunks: 1445, Deletion queue: 0, Add queue: 0
[13:43:49.469] [DEBUG] [24424] [World.cpp:456] [Tetra::World::update] World stats - Loaded chunks: 1445, Deletion queue: 0, Add queue: 0
[13:43:49.469] [DEBUG] [24424] [World.cpp:456] [Tetra::World::update] World stats - Loaded chunks: 1445, Deletion queue: 0, Add queue: 0
[13:43:49.470] [DEBUG] [24424] [World.cpp:456] [Tetra::World::update] World stats - Loaded chunks: 1445, Deletion queue: 0, Add queue: 0
[13:43:49.470] [DEBUG] [24424] [World.cpp:456] [Tetra::World::update] World stats - Loaded chunks: 1445, Deletion queue: 0, Add queue: 0
[13:43:49.471] [DEBUG] [24424] [World.cpp:456] [Tetra::World::update] World stats - Loaded chunks: 1445, Deletion queue: 0, Add queue: 0
[13:43:49.471] [DEBUG] [24424] [World.cpp:456] [Tetra::World::update] World stats - Loaded chunks: 1445, Deletion queue: 0, Add queue: 0
[13:43:49.472] [DEBUG] [24424] [World.cpp:456] [Tetra::World::update] World stats - Loaded chunks: 1445, Deletion queue: 0, Add queue: 0
[13:43:49.472] [DEBUG] [24424] [World.cpp:456] [Tetra::World::update] World stats - Loaded chunks: 1445, Deletion queue: 0, Add queue: 0
[13:43:49.473] [DEBUG] [24424] [World.cpp:456] [Tetra::World::update] World stats - Loaded chunks: 1445, Deletion queue: 0, Add queue: 0
[13:43:49.473] [DEBUG] [24424] [World.cpp:456] [Tetra::World::update] World stats - Loaded chunks: 1445, Deletion queue: 0, Add queue: 0
[13:43:49.474] [DEBUG] [24424] [World.cpp:456] [Tetra::World::update] World stats - Loaded chunks: 1445, Deletion queue: 0, Add queue: 0
[13:43:49.474] [DEBUG] [24424] [World.cpp:456] [Tetra::World::update] World stats - Loaded chunks: 1445, Deletion queue: 0, Add queue: 0
[13:43:49.475] [DEBUG] [24424] [World.cpp:456] [Tetra::World::update] World stats - Loaded chunks: 1445, Deletion queue: 0, Add queue: 0
[13:43:49.475] [DEBUG] [24424] [World.cpp:456] [Tetra::World::update] World stats - Loaded chunks: 1445, Deletion queue: 0, Add queue: 0
[13:43:49.476] [DEBUG] [24424] [World.cpp:456] [Tetra::World::update] World stats - Loaded chunks: 1445, Deletion queue: 0, Add queue: 0
[13:43:49.476] [DEBUG] [24424] [World.cpp:456] [Tetra::World::update] World stats - Loaded chunks: 1445, Deletion queue: 0, Add queue: 0
[13:43:49.477] [DEBUG] [24424] [World.cpp:456] [Tetra::World::update] World stats - Loaded chunks: 1445, Deletion queue: 0, Add queue: 0
[13:43:49.477] [DEBUG] [24424] [World.cpp:456] [Tetra::World::update] World stats - Loaded chunks: 1445, Deletion queue: 0, Add queue: 0
[13:43:49.478] [DEBUG] [24424] [World.cpp:456] [Tetra::World::update] World stats - Loaded chunks: 1445, Deletion queue: 0, Add queue: 0
[13:43:49.478] [DEBUG] [24424] [World.cpp:456] [Tetra::World::update] World stats - Loaded chunks: 1445, Deletion queue: 0, Add queue: 0
[13:43:49.479] [DEBUG] [24424] [World.cpp:456] [Tetra::World::update] World stats - Loaded chunks: 1445, Deletion queue: 0, Add queue: 0
[13:43:49.479] [DEBUG] [24424] [World.cpp:456] [Tetra::World::update] World stats - Loaded chunks: 1445, Deletion queue: 0, Add queue: 0
[13:43:49.480] [DEBUG] [24424] [World.cpp:456] [Tetra::World::update] World stats - Loaded chunks: 1445, Deletion queue: 0, Add queue: 0
[13:43:49.480] [DEBUG] [24424] [World.cpp:456] [Tetra::World::update] World stats - Loaded chunks: 1445, Deletion queue: 0, Add queue: 0
[13:43:49.481] [DEBUG] [24424] [World.cpp:456] [Tetra::World::update] World stats - Loaded chunks: 1445, Deletion queue: 0, Add queue: 0
[13:43:49.481] [DEBUG] [24424] [World.cpp:456] [Tetra::World::update] World stats - Loaded chunks: 1445, Deletion queue: 0, Add queue: 0
[13:43:49.481] [DEBUG] [24424] [World.cpp:456] [Tetra::World::update] World stats - Loaded chunks: 1445, Deletion queue: 0, Add queue: 0
[13:43:49.482] [DEBUG] [24424] [World.cpp:456] [Tetra::World::update] World stats - Loaded chunks: 1445, Deletion queue: 0, Add queue: 0
[13:43:49.482] [DEBUG] [24424] [World.cpp:456] [Tetra::World::update] World stats - Loaded chunks: 1445, Deletion queue: 0, Add queue: 0
[13:43:49.483] [DEBUG] [24424] [World.cpp:456] [Tetra::World::update] World stats - Loaded chunks: 1445, Deletion queue: 0, Add queue: 0
[13:43:49.483] [DEBUG] [24424] [World.cpp:456] [Tetra::World::update] World stats - Loaded chunks: 1445, Deletion queue: 0, Add queue: 0
[13:43:49.484] [DEBUG] [24424] [World.cpp:456] [Tetra::World::update] World stats - Loaded chunks: 1445, Deletion queue: 0, Add queue: 0
[13:43:49.484] [DEBUG] [24424] [World.cpp:456] [Tetra::World::update] World stats - Loaded chunks: 1445, Deletion queue: 0, Add queue: 0
[13:43:49.485] [DEBUG] [24424] [World.cpp:456] [Tetra::World::update] World stats - Loaded chunks: 1445, Deletion queue: 0, Add queue: 0
[13:43:49.485] [DEBUG] [24424] [World.cpp:456] [Tetra::World::update] World stats - Loaded chunks: 1445, Deletion queue: 0, Add queue: 0
[13:43:49.486] [DEBUG] [24424] [World.cpp:456] [Tetra::World::update] World stats - Loaded chunks: 1445, Deletion queue: 0, Add queue: 0
[13:43:49.486] [DEBUG] [24424] [World.cpp:456] [Tetra::World::update] World stats - Loaded chunks: 1445, Deletion queue: 0, Add queue: 0
[13:43:49.487] [DEBUG] [24424] [World.cpp:456] [Tetra::World::update] World stats - Loaded chunks: 1445, Deletion queue: 0, Add queue: 0
[13:43:49.487] [DEBUG] [24424] [World.cpp:456] [Tetra::World::update] World stats - Loaded chunks: 1445, Deletion queue: 0, Add queue: 0
[13:43:49.488] [DEBUG] [24424] [World.cpp:456] [Tetra::World::update] World stats - Loaded chunks: 1445, Deletion queue: 0, Add queue: 0
[13:43:49.488] [DEBUG] [24424] [World.cpp:456] [Tetra::World::update] World stats - Loaded chunks: 1445, Deletion queue: 0, Add queue: 0
[13:43:49.489] [DEBUG] [24424] [World.cpp:456] [Tetra::World::update] World stats - Loaded chunks: 1445, Deletion queue: 0, Add queue: 0
[13:43:49.489] [DEBUG] [24424] [World.cpp:456] [Tetra::World::update] World stats - Loaded chunks: 1445, Deletion queue: 0, Add queue: 0
[13:43:49.490] [DEBUG] [24424] [World.cpp:456] [Tetra::World::update] World stats - Loaded chunks: 1445, Deletion queue: 0, Add queue: 0
[13:43:49.490] [DEBUG] [24424] [World.cpp:456] [Tetra::World::update] World stats - Loaded chunks: 1445, Deletion queue: 0, Add queue: 0
[13:43:49.491] [DEBUG] [24424] [World.cpp:456] [Tetra::World::update] World stats - Loaded chunks: 1445, Deletion queue: 0, Add queue: 0
[13:43:49.491] [DEBUG] [24424] [World.cpp:456] [Tetra::World::update] World stats - Loaded chunks: 1445, Deletion queue: 0, Add queue: 0
[13:43:49.491] [DEBUG] [24424] [World.cpp:456] [Tetra::World::update] World stats - Loaded chunks: 1445, Deletion queue: 0, Add queue: 0
[13:43:49.492] [DEBUG] [24424] [World.cpp:456] [Tetra::World::update] World stats - Loaded chunks: 1445, Deletion queue: 0, Add queue: 0
[13:43:49.492] [DEBUG] [24424] [World.cpp:456] [Tetra::World::update] World stats - Loaded chunks: 1445, Deletion queue: 0, Add queue: 0
[13:43:49.493] [DEBUG] [24424] [World.cpp:456] [Tetra::World::update] World stats - Loaded chunks: 1445, Deletion queue: 0, Add queue: 0
[13:43:49.493] [DEBUG] [24424] [World.cpp:456] [Tetra::World::update] World stats - Loaded chunks: 1445, Deletion queue: 0, Add queue: 0
[13:43:49.494] [DEBUG] [24424] [World.cpp:456] [Tetra::World::update] World stats - Loaded chunks: 1445, Deletion queue: 0, Add queue: 0
[13:43:49.494] [DEBUG] [24424] [World.cpp:456] [Tetra::World::update] World stats - Loaded chunks: 1445, Deletion queue: 0, Add queue: 0
[13:43:49.495] [DEBUG] [24424] [World.cpp:456] [Tetra::World::update] World stats - Loaded chunks: 1445, Deletion queue: 0, Add queue: 0
[13:43:49.495] [DEBUG] [24424] [World.cpp:456] [Tetra::World::update] World stats - Loaded chunks: 1445, Deletion queue: 0, Add queue: 0
[13:43:49.496] [DEBUG] [24424] [World.cpp:456] [Tetra::World::update] World stats - Loaded chunks: 1445, Deletion queue: 0, Add queue: 0
[13:43:49.496] [DEBUG] [24424] [World.cpp:456] [Tetra::World::update] World stats - Loaded chunks: 1445, Deletion queue: 0, Add queue: 0
[13:43:49.497] [DEBUG] [24424] [World.cpp:456] [Tetra::World::update] World stats - Loaded chunks: 1445, Deletion queue: 0, Add queue: 0
[13:43:49.497] [DEBUG] [24424] [World.cpp:456] [Tetra::World::update] World stats - Loaded chunks: 1445, Deletion queue: 0, Add queue: 0
[13:43:49.498] [DEBUG] [24424] [World.cpp:456] [Tetra::World::update] World stats - Loaded chunks: 1445, Deletion queue: 0, Add queue: 0
[13:43:49.498] [DEBUG] [24424] [World.cpp:456] [Tetra::World::update] World stats - Loaded chunks: 1445, Deletion queue: 0, Add queue: 0
[13:43:49.499] [DEBUG] [24424] [World.cpp:456] [Tetra::World::update] World stats - Loaded chunks: 1445, Deletion queue: 0, Add queue: 0
[13:43:49.499] [DEBUG] [24424] [World.cpp:456] [Tetra::World::update] World stats - Loaded chunks: 1445, Deletion queue: 0, Add queue: 0
[13:43:49.500] [DEBUG] [24424] [World.cpp:456] [Tetra::World::update] World stats - Loaded chunks: 1445, Deletion queue: 0, Add queue: 0
[13:43:49.500] [DEBUG] [24424] [World.cpp:456] [Tetra::World::update] World stats - Loaded chunks: 1445, Deletion queue: 0, Add queue: 0
[13:43:49.501] [DEBUG] [24424] [World.cpp:456] [Tetra::World::update] World stats - Loaded chunks: 1445, Deletion queue: 0, Add queue: 0
[13:43:49.501] [DEBUG] [24424] [World.cpp:456] [Tetra::World::update] World stats - Loaded chunks: 1445, Deletion queue: 0, Add queue: 0
[13:43:49.501] [DEBUG] [24424] [World.cpp:456] [Tetra::World::update] World stats - Loaded chunks: 1445, Deletion queue: 0, Add queue: 0
[13:43:49.502] [DEBUG] [24424] [World.cpp:456] [Tetra::World::update] World stats - Loaded chunks: 1445, Deletion queue: 0, Add queue: 0
[13:43:49.502] [DEBUG] [24424] [World.cpp:456] [Tetra::World::update] World stats - Loaded chunks: 1445, Deletion queue: 0, Add queue: 0
[13:43:49.503] [DEBUG] [24424] [World.cpp:456] [Tetra::World::update] World stats - Loaded chunks: 1445, Deletion queue: 0, Add queue: 0
[13:43:49.503] [DEBUG] [24424] [World.cpp:456] [Tetra::World::update] World stats - Loaded chunks: 1445, Deletion queue: 0, Add queue: 0
[13:43:49.504] [DEBUG] [24424] [World.cpp:456] [Tetra::World::update] World stats - Loaded chunks: 1445, Deletion queue: 0, Add queue: 0
[13:43:49.504] [DEBUG] [24424] [World.cpp:456] [Tetra::World::update] World stats - Loaded chunks: 1445, Deletion queue: 0, Add queue: 0
[13:43:49.505] [DEBUG] [24424] [World.cpp:456] [Tetra::World::update] World stats - Loaded chunks: 1445, Deletion queue: 0, Add queue: 0
[13:43:49.505] [DEBUG] [24424] [World.cpp:456] [Tetra::World::update] World stats - Loaded chunks: 1445, Deletion queue: 0, Add queue: 0
[13:43:49.506] [DEBUG] [24424] [World.cpp:456] [Tetra::World::update] World stats - Loaded chunks: 1445, Deletion queue: 0, Add queue: 0
[13:43:49.506] [DEBUG] [24424] [World.cpp:456] [Tetra::World::update] World stats - Loaded chunks: 1445, Deletion queue: 0, Add queue: 0
[13:43:49.507] [DEBUG] [24424] [World.cpp:456] [Tetra::World::update] World stats - Loaded chunks: 1445, Deletion queue: 0, Add queue: 0
[13:43:49.507] [DEBUG] [24424] [World.cpp:456] [Tetra::World::update] World stats - Loaded chunks: 1445, Deletion queue: 0, Add queue: 0
[13:43:49.508] [DEBUG] [24424] [World.cpp:456] [Tetra::World::update] World stats - Loaded chunks: 1445, Deletion queue: 0, Add queue: 0
[13:43:49.508] [DEBUG] [24424] [World.cpp:456] [Tetra::World::update] World stats - Loaded chunks: 1445, Deletion queue: 0, Add queue: 0
[13:43:49.509] [DEBUG] [24424] [World.cpp:456] [Tetra::World::update] World stats - Loaded chunks: 1445, Deletion queue: 0, Add queue: 0
[13:43:49.509] [DEBUG] [24424] [World.cpp:456] [Tetra::World::update] World stats - Loaded chunks: 1445, Deletion queue: 0, Add queue: 0
[13:43:49.510] [DEBUG] [24424] [World.cpp:456] [Tetra::World::update] World stats - Loaded chunks: 1445, Deletion queue: 0, Add queue: 0
[13:43:49.510] [DEBUG] [24424] [World.cpp:456] [Tetra::World::update] World stats - Loaded chunks: 1445, Deletion queue: 0, Add queue: 0
[13:43:49.511] [DEBUG] [24424] [World.cpp:456] [Tetra::World::update] World stats - Loaded chunks: 1445, Deletion queue: 0, Add queue: 0
[13:43:49.511] [DEBUG] [24424] [World.cpp:456] [Tetra::World::update] World stats - Loaded chunks: 1445, Deletion queue: 0, Add queue: 0
[13:43:49.512] [DEBUG] [24424] [World.cpp:456] [Tetra::World::update] World stats - Loaded chunks: 1445, Deletion queue: 0, Add queue: 0
[13:43:49.512] [DEBUG] [24424] [World.cpp:456] [Tetra::World::update] World stats - Loaded chunks: 1445, Deletion queue: 0, Add queue: 0
[13:43:49.513] [DEBUG] [24424] [World.cpp:456] [Tetra::World::update] World stats - Loaded chunks: 1445, Deletion queue: 0, Add queue: 0
[13:43:49.513] [DEBUG] [24424] [World.cpp:456] [Tetra::World::update] World stats - Loaded chunks: 1445, Deletion queue: 0, Add queue: 0
[13:43:49.514] [DEBUG] [24424] [World.cpp:456] [Tetra::World::update] World stats - Loaded chunks: 1445, Deletion queue: 0, Add queue: 0
[13:43:49.514] [TRACE] [18448] [World.cpp:482] [Tetra::World::simplex] Allocated 8388608 bytes for FastNoiseSIMD
[13:43:49.514] [DEBUG] [24424] [World.cpp:456] [Tetra::World::update] World stats - Loaded chunks: 1445, Deletion queue: 0, Add queue: 0
[13:43:49.514] [TRACE] [18448] [World.cpp:482] [Tetra::World::simplex] Allocated 65536 bytes for FastNoiseSIMD
[13:43:49.515] [DEBUG] [24424] [World.cpp:456] [Tetra::World::update] World stats - Loaded chunks: 1445, Deletion queue: 0, Add queue: 0
[13:43:49.515] [DEBUG] [24424] [World.cpp:456] [Tetra::World::update] World stats - Loaded chunks: 1445, Deletion queue: 0, Add queue: 0
[13:43:49.515] [DEBUG] [24424] [World.cpp:456] [Tetra::World::update] World stats - Loaded chunks: 1445, Deletion queue: 0, Add queue: 0
[13:43:49.516] [DEBUG] [24424] [World.cpp:456] [Tetra::World::update] World stats - Loaded chunks: 1445, Deletion queue: 0, Add queue: 0
[13:43:49.516] [DEBUG] [24424] [World.cpp:456] [Tetra::World::update] World stats - Loaded chunks: 1445, Deletion queue: 0, Add queue: 0
[13:43:49.517] [DEBUG] [24424] [World.cpp:456] [Tetra::World::update] World stats - Loaded chunks: 1445, Deletion queue: 0, Add queue: 0
[13:43:49.517] [DEBUG] [24424] [World.cpp:456] [Tetra::World::update] World stats - Loaded chunks: 1445, Deletion queue: 0, Add queue: 0
[13:43:49.518] [TRACE] [20672] [World.cpp:482] [Tetra::World::simplex] Allocated 8388608 bytes for FastNoiseSIMD
[13:43:49.518] [TRACE] [20672] [World.cpp:482] [Tetra::World::simplex] Allocated 65536 bytes for FastNoiseSIMD
[13:43:49.518] [DEBUG] [24424] [World.cpp:456] [Tetra::World::update] World stats - Loaded chunks: 1445, Deletion queue: 0, Add queue: 0
[13:43:49.518] [DEBUG] [24424] [World.cpp:456] [Tetra::World::update] World stats - Loaded chunks: 1445, Deletion queue: 0, Add queue: 0
[13:43:49.519] [DEBUG] [24424] [World.cpp:456] [Tetra::World::update] World stats - Loaded chunks: 1445, Deletion queue: 0, Add queue: 0
[13:43:49.519] [DEBUG] [24424] [World.cpp:456] [Tetra::World::update] World stats - Loaded chunks: 1445, Deletion queue: 0, Add queue: 0
[13:43:49.520] [DEBUG] [24424] [World.cpp:456] [Tetra::World::update] World stats - Loaded chunks: 1445, Deletion queue: 0, Add queue: 0
[13:43:49.520] [DEBUG] [24424] [World.cpp:456] [Tetra::World::update] World stats - Loaded chunks: 1445, Deletion queue: 0, Add queue: 0
[13:43:49.521] [DEBUG] [24424] [World.cpp:456] [Tetra::World::update] World stats - Loaded chunks: 1445, Deletion queue: 0, Add queue: 0
[13:43:49.521] [TRACE] [18448] [World.cpp:541] [Tetra::World::populate_chunk_pass_1] Deallocated 65536 bytes for FastNoiseSIMD
[13:43:49.521] [TRACE] [18448] [World.cpp:544] [Tetra::World::populate_chunk_pass_1] Deallocated 8388608 bytes for FastNoiseSIMD
[13:43:49.521] [DEBUG] [24424] [World.cpp:456] [Tetra::World::update] World stats - Loaded chunks: 1445, Deletion queue: 0, Add queue: 0
[13:43:49.522] [TRACE] [18448] [World.cpp:547] [Tetra::World::populate_chunk_pass_1] Deallocated 65536 bytes for FastNoiseSIMD
[13:43:49.522] [TRACE] [18448] [World.cpp:550] [Tetra::World::populate_chunk_pass_1] Deallocated 65536 bytes for FastNoiseSIMD
[13:43:49.522] [TRACE] [18448] [World.cpp:553] [Tetra::World::populate_chunk_pass_1] Deallocated 65536 bytes for FastNoiseSIMD
[13:43:49.522] [DEBUG] [24424] [World.cpp:456] [Tetra::World::update] World stats - Loaded chunks: 1445, Deletion queue: 0, Add queue: 0
[13:43:49.522] [TRACE] [18448] [World.cpp:556] [Tetra::World::populate_chunk_pass_1] Deallocated 65536 bytes for FastNoiseSIMD
[13:43:49.522] [DEBUG] [18448] [World.cpp:229] [Tetra::World::population_pass_1] Timer 'Population pass 1' completed in 100885 microseconds
[13:43:49.522] [DEBUG] [6148] [World.cpp:229] [Tetra::World::population_pass_1] Timer 'Population pass 1' started
[13:43:49.522] [DEBUG] [24424] [World.cpp:456] [Tetra::World::update] World stats - Loaded chunks: 1445, Deletion queue: 0, Add queue: 0
[13:43:49.523] [TRACE] [6148] [World.cpp:482] [Tetra::World::simplex] Allocated 65536 bytes for FastNoiseSIMD
[13:43:49.523] [DEBUG] [24424] [World.cpp:456] [Tetra::World::update] World stats - Loaded chunks: 1445, Deletion queue: 0, Add queue: 0
[13:43:49.523] [TRACE] [10312] [World.cpp:482] [Tetra::World::simplex] Allocated 8388608 bytes for FastNoiseSIMD
[13:43:49.523] [TRACE] [6148] [World.cpp:482] [Tetra::World::simplex] Allocated 65536 bytes for FastNoiseSIMD
[13:43:49.523] [TRACE] [20672] [World.cpp:541] [Tetra::World::populate_chunk_pass_1] Deallocated 65536 bytes for FastNoiseSIMD
[13:43:49.523] [TRACE] [10312] [World.cpp:482] [Tetra::World::simplex] Allocated 65536 bytes for FastNoiseSIMD
[13:43:49.523] [TRACE] [20672] [World.cpp:544] [Tetra::World::populate_chunk_pass_1] Deallocated 8388608 bytes for FastNoiseSIMD
[13:43:49.523] [TRACE] [6148] [World.cpp:482] [Tetra::World::simplex] Allocated 65536 bytes for FastNoiseSIMD
[13:43:49.523] [DEBUG] [24424] [World.cpp:456] [Tetra::World::update] World stats - Loaded chunks: 1445, Deletion queue: 0, Add queue: 0
[13:43:49.523] [TRACE] [6148] [World.cpp:482] [Tetra::World::simplex] Allocated 65536 bytes for FastNoiseSIMD
[13:43:49.523] [TRACE] [26804] [World.cpp:482] [Tetra::World::simplex] Allocated 8388608 bytes for FastNoiseSIMD
[13:43:49.524] [DEBUG] [24424] [World.cpp:456] [Tetra::World::update] World stats - Loaded chunks: 1445, Deletion queue: 0, Add queue: 0
[13:43:49.524] [TRACE] [26804] [World.cpp:482] [Tetra::World::simplex] Allocated 65536 bytes for FastNoiseSIMD
[13:43:49.524] [TRACE] [20672] [World.cpp:547] [Tetra::World::populate_chunk_pass_1] Deallocated 65536 bytes for FastNoiseSIMD
[13:43:49.524] [TRACE] [20672] [World.cpp:550] [Tetra::World::populate_chunk_pass_1] Deallocated 65536 bytes for FastNoiseSIMD
[13:43:49.524] [TRACE] [20672] [World.cpp:553] [Tetra::World::populate_chunk_pass_1] Deallocated 65536 bytes for FastNoiseSIMD
[13:43:49.524] [TRACE] [20672] [World.cpp:556] [Tetra::World::populate_chunk_pass_1] Deallocated 65536 bytes for FastNoiseSIMD
[13:43:49.524] [DEBUG] [20672] [World.cpp:229] [Tetra::World::population_pass_1] Timer 'Population pass 1' completed in 101189 microseconds
[13:43:49.524] [DEBUG] [15464] [World.cpp:229] [Tetra::World::population_pass_1] Timer 'Population pass 1' started
[13:43:49.524] [DEBUG] [24424] [World.cpp:456] [Tetra::World::update] World stats - Loaded chunks: 1445, Deletion queue: 0, Add queue: 0
[13:43:49.525] [DEBUG] [24424] [World.cpp:456] [Tetra::World::update] World stats - Loaded chunks: 1445, Deletion queue: 0, Add queue: 0
[13:43:49.525] [TRACE] [15464] [World.cpp:482] [Tetra::World::simplex] Allocated 65536 bytes for FastNoiseSIMD
[13:43:49.525] [TRACE] [15464] [World.cpp:482] [Tetra::World::simplex] Allocated 65536 bytes for FastNoiseSIMD
[13:43:49.525] [DEBUG] [24424] [World.cpp:456] [Tetra::World::update] World stats - Loaded chunks: 1445, Deletion queue: 0, Add queue: 0
[13:43:49.525] [TRACE] [15464] [World.cpp:482] [Tetra::World::simplex] Allocated 65536 bytes for FastNoiseSIMD
[13:43:49.526] [TRACE] [15464] [World.cpp:482] [Tetra::World::simplex] Allocated 65536 bytes for FastNoiseSIMD
[13:43:49.526] [DEBUG] [24424] [World.cpp:456] [Tetra::World::update] World stats - Loaded chunks: 1445, Deletion queue: 0, Add queue: 0
[13:43:49.526] [DEBUG] [24424] [World.cpp:456] [Tetra::World::update] World stats - Loaded chunks: 1445, Deletion queue: 0, Add queue: 0
[13:43:49.527] [DEBUG] [24424] [World.cpp:456] [Tetra::World::update] World stats - Loaded chunks: 1445, Deletion queue: 0, Add queue: 0
[13:43:49.527] [DEBUG] [24424] [World.cpp:456] [Tetra::World::update] World stats - Loaded chunks: 1445, Deletion queue: 0, Add queue: 0
[13:43:49.528] [DEBUG] [24424] [World.cpp:456] [Tetra::World::update] World stats - Loaded chunks: 1445, Deletion queue: 0, Add queue: 0
[13:43:49.528] [DEBUG] [24424] [World.cpp:456] [Tetra::World::update] World stats - Loaded chunks: 1445, Deletion queue: 0, Add queue: 0
[13:43:49.529] [DEBUG] [24424] [World.cpp:456] [Tetra::World::update] World stats - Loaded chunks: 1445, Deletion queue: 0, Add queue: 0
[13:43:49.529] [TRACE] [26804] [World.cpp:541] [Tetra::World::populate_chunk_pass_1] Deallocated 65536 bytes for FastNoiseSIMD
[13:43:49.529] [TRACE] [26804] [World.cpp:544] [Tetra::World::populate_chunk_pass_1] Deallocated 8388608 bytes for FastNoiseSIMD
[13:43:49.529] [TRACE] [10312] [World.cpp:541] [Tetra::World::populate_chunk_pass_1] Deallocated 65536 bytes for FastNoiseSIMD
[13:43:49.529] [TRACE] [10312] [World.cpp:544] [Tetra::World::populate_chunk_pass_1] Deallocated 8388608 bytes for FastNoiseSIMD
[13:43:49.529] [DEBUG] [24424] [World.cpp:456] [Tetra::World::update] World stats - Loaded chunks: 1445, Deletion queue: 0, Add queue: 0
[13:43:49.530] [DEBUG] [24424] [World.cpp:456] [Tetra::World::update] World stats - Loaded chunks: 1445, Deletion queue: 0, Add queue: 0
[13:43:49.530] [TRACE] [26804] [World.cpp:547] [Tetra::World::populate_chunk_pass_1] Deallocated 65536 bytes for FastNoiseSIMD
[13:43:49.530] [TRACE] [26804] [World.cpp:550] [Tetra::World::populate_chunk_pass_1] Deallocated 65536 bytes for FastNoiseSIMD
[13:43:49.530] [TRACE] [26804] [World.cpp:553] [Tetra::World::populate_chunk_pass_1] Deallocated 65536 bytes for FastNoiseSIMD
[13:43:49.530] [TRACE] [26804] [World.cpp:556] [Tetra::World::populate_chunk_pass_1] Deallocated 65536 bytes for FastNoiseSIMD
[13:43:49.530] [DEBUG] [26804] [World.cpp:229] [Tetra::World::population_pass_1] Timer 'Population pass 1' completed in 109871 microseconds
[13:43:49.530] [TRACE] [10312] [World.cpp:547] [Tetra::World::populate_chunk_pass_1] Deallocated 65536 bytes for FastNoiseSIMD
[13:43:49.530] [TRACE] [10312] [World.cpp:550] [Tetra::World::populate_chunk_pass_1] Deallocated 65536 bytes for FastNoiseSIMD
[13:43:49.530] [TRACE] [10312] [World.cpp:553] [Tetra::World::populate_chunk_pass_1] Deallocated 65536 bytes for FastNoiseSIMD
[13:43:49.530] [TRACE] [10312] [World.cpp:556] [Tetra::World::populate_chunk_pass_1] Deallocated 65536 bytes for FastNoiseSIMD
[13:43:49.530] [DEBUG] [10312] [World.cpp:229] [Tetra::World::population_pass_1] Timer 'Population pass 1' completed in 110870 microseconds
[13:43:49.531] [DEBUG] [23008] [World.cpp:229] [Tetra::World::population_pass_1] Timer 'Population pass 1' started
[13:43:49.531] [DEBUG] [23780] [World.cpp:229] [Tetra::World::population_pass_1] Timer 'Population pass 1' started
[13:43:49.531] [DEBUG] [24424] [World.cpp:456] [Tetra::World::update] World stats - Loaded chunks: 1445, Deletion queue: 0, Add queue: 0
[13:43:49.531] [TRACE] [23780] [World.cpp:482] [Tetra::World::simplex] Allocated 65536 bytes for FastNoiseSIMD
[13:43:49.531] [TRACE] [23780] [World.cpp:482] [Tetra::World::simplex] Allocated 65536 bytes for FastNoiseSIMD
[13:43:49.532] [TRACE] [23008] [World.cpp:482] [Tetra::World::simplex] Allocated 65536 bytes for FastNoiseSIMD
[13:43:49.532] [TRACE] [23780] [World.cpp:482] [Tetra::World::simplex] Allocated 65536 bytes for FastNoiseSIMD
[13:43:49.532] [TRACE] [23008] [World.cpp:482] [Tetra::World::simplex] Allocated 65536 bytes for FastNoiseSIMD
[13:43:49.532] [DEBUG] [24424] [World.cpp:456] [Tetra::World::update] World stats - Loaded chunks: 1445, Deletion queue: 0, Add queue: 0
[13:43:49.532] [TRACE] [23780] [World.cpp:482] [Tetra::World::simplex] Allocated 65536 bytes for FastNoiseSIMD
[13:43:49.532] [TRACE] [23008] [World.cpp:482] [Tetra::World::simplex] Allocated 65536 bytes for FastNoiseSIMD
[13:43:49.533] [TRACE] [23008] [World.cpp:482] [Tetra::World::simplex] Allocated 65536 bytes for FastNoiseSIMD
[13:43:49.533] [DEBUG] [24424] [World.cpp:456] [Tetra::World::update] World stats - Loaded chunks: 1445, Deletion queue: 0, Add queue: 0
[13:43:49.534] [DEBUG] [24424] [World.cpp:456] [Tetra::World::update] World stats - Loaded chunks: 1445, Deletion queue: 0, Add queue: 0
[13:43:49.535] [DEBUG] [24424] [World.cpp:456] [Tetra::World::update] World stats - Loaded chunks: 1445, Deletion queue: 0, Add queue: 0
[13:43:49.536] [DEBUG] [24424] [World.cpp:456] [Tetra::World::update] World stats - Loaded chunks: 1445, Deletion queue: 0, Add queue: 0
[13:43:49.537] [DEBUG] [24424] [World.cpp:456] [Tetra::World::update] World stats - Loaded chunks: 1445, Deletion queue: 0, Add queue: 0
[13:43:49.538] [DEBUG] [24424] [World.cpp:456] [Tetra::World::update] World stats - Loaded chunks: 1445, Deletion queue: 0, Add queue: 0
[13:43:49.538] [DEBUG] [24424] [World.cpp:456] [Tetra::World::update] World stats - Loaded chunks: 1445, Deletion queue: 0, Add queue: 0
[13:43:49.539] [DEBUG] [24424] [World.cpp:456] [Tetra::World::update] World stats - Loaded chunks: 1445, Deletion queue: 0, Add queue: 0
[13:43:49.540] [DEBUG] [24424] [World.cpp:456] [Tetra::World::update] World stats - Loaded chunks: 1445, Deletion queue: 0, Add queue: 0
[13:43:49.541] [DEBUG] [24424] [World.cpp:456] [Tetra::World::update] World stats - Loaded chunks: 1445, Deletion queue: 0, Add queue: 0
[13:43:49.542] [DEBUG] [24424] [World.cpp:456] [Tetra::World::update] World stats - Loaded chunks: 1445, Deletion queue: 0, Add queue: 0
[13:43:49.543] [DEBUG] [24424] [World.cpp:456] [Tetra::World::update] World stats - Loaded chunks: 1445, Deletion queue: 0, Add queue: 0
[13:43:49.544] [DEBUG] [24424] [World.cpp:456] [Tetra::World::update] World stats - Loaded chunks: 1445, Deletion queue: 0, Add queue: 0
[13:43:49.545] [DEBUG] [24424] [World.cpp:456] [Tetra::World::update] World stats - Loaded chunks: 1445, Deletion queue: 0, Add queue: 0
[13:43:49.546] [DEBUG] [24424] [World.cpp:456] [Tetra::World::update] World stats - Loaded chunks: 1445, Deletion queue: 0, Add queue: 0
[13:43:49.547] [DEBUG] [24424] [World.cpp:456] [Tetra::World::update] World stats - Loaded chunks: 1445, Deletion queue: 0, Add queue: 0
[13:43:49.548] [DEBUG] [24424] [World.cpp:456] [Tetra::World::update] World stats - Loaded chunks: 1445, Deletion queue: 0, Add queue: 0
[13:43:49.549] [DEBUG] [24424] [World.cpp:456] [Tetra::World::update] World stats - Loaded chunks: 1445, Deletion queue: 0, Add queue: 0
[13:43:49.550] [DEBUG] [24424] [World.cpp:456] [Tetra::World::update] World stats - Loaded chunks: 1445, Deletion queue: 0, Add queue: 0
[13:43:49.551] [DEBUG] [24424] [World.cpp:456] [Tetra::World::update] World stats - Loaded chunks: 1445, Deletion queue: 0, Add queue: 0
[13:43:49.552] [DEBUG] [24424] [World.cpp:456] [Tetra::World::update] World stats - Loaded chunks: 1445, Deletion queue: 0, Add queue: 0
[13:43:49.553] [DEBUG] [24424] [World.cpp:456] [Tetra::World::update] World stats - Loaded chunks: 1445, Deletion queue: 0, Add queue: 0
[13:43:49.553] [DEBUG] [24424] [World.cpp:456] [Tetra::World::update] World stats - Loaded chunks: 1445, Deletion queue: 0, Add queue: 0
[13:43:49.554] [DEBUG] [24424] [World.cpp:456] [Tetra::World::update] World stats - Loaded chunks: 1445, Deletion queue: 0, Add queue: 0
[13:43:49.555] [DEBUG] [24424] [World.cpp:456] [Tetra::World::update] World stats - Loaded chunks: 1445, Deletion queue: 0, Add queue: 0
[13:43:49.556] [DEBUG] [24424] [World.cpp:456] [Tetra::World::update] World stats - Loaded chunks: 1445, Deletion queue: 0, Add queue: 0
[13:43:49.557] [DEBUG] [24424] [World.cpp:456] [Tetra::World::update] World stats - Loaded chunks: 1445, Deletion queue: 0, Add queue: 0
[13:43:49.558] [DEBUG] [24424] [World.cpp:456] [Tetra::World::update] World stats - Loaded chunks: 1445, Deletion queue: 0, Add queue: 0
[13:43:49.559] [DEBUG] [24424] [World.cpp:456] [Tetra::World::update] World stats - Loaded chunks: 1445, Deletion queue: 0, Add queue: 0
[13:43:49.560] [DEBUG] [24424] [World.cpp:456] [Tetra::World::update] World stats - Loaded chunks: 1445, Deletion queue: 0, Add queue: 0
[13:43:49.561] [DEBUG] [24424] [World.cpp:456] [Tetra::World::update] World stats - Loaded chunks: 1445, Deletion queue: 0, Add queue: 0
[13:43:49.562] [DEBUG] [24424] [World.cpp:456] [Tetra::World::update] World stats - Loaded chunks: 1445, Deletion queue: 0, Add queue: 0
[13:43:49.562] [DEBUG] [24424] [World.cpp:456] [Tetra::World::update] World stats - Loaded chunks: 1445, Deletion queue: 0, Add queue: 0
[13:43:49.563] [DEBUG] [24424] [World.cpp:456] [Tetra::World::update] World stats - Loaded chunks: 1445, Deletion queue: 0, Add queue: 0
[13:43:49.564] [DEBUG] [24424] [World.cpp:456] [Tetra::World::update] World stats - Loaded chunks: 1445, Deletion queue: 0, Add queue: 0
[13:43:49.565] [DEBUG] [24424] [World.cpp:456] [Tetra::World::update] World stats - Loaded chunks: 1445, Deletion queue: 0, Add queue: 0
[13:43:49.565] [DEBUG] [24424] [World.cpp:456] [Tetra::World::update] World stats - Loaded chunks: 1445, Deletion queue: 0, Add queue: 0
[13:43:49.566] [DEBUG] [24424] [World.cpp:456] [Tetra::World::update] World stats - Loaded chunks: 1445, Deletion queue: 0, Add queue: 0
[13:43:49.567] [DEBUG] [24424] [World.cpp:456] [Tetra::World::update] World stats - Loaded chunks: 1445, Deletion queue: 0, Add queue: 0
[13:43:49.568] [DEBUG] [24424] [World.cpp:456] [Tetra::World::update] World stats - Loaded chunks: 1445, Deletion queue: 0, Add queue: 0
[13:43:49.568] [DEBUG] [24424] [World.cpp:456] [Tetra::World::update] World stats - Loaded chunks: 1445, Deletion queue: 0, Add queue: 0
[13:43:49.569] [DEBUG] [24424] [World.cpp:456] [Tetra::World::update] World stats - Loaded chunks: 1445, Deletion queue: 0, Add queue: 0
[13:43:49.570] [DEBUG] [24424] [World.cpp:456] [Tetra::World::update] World stats - Loaded chunks: 1445, Deletion queue: 0, Add queue: 0
[13:43:49.571] [DEBUG] [24424] [World.cpp:456] [Tetra::World::update] World stats - Loaded chunks: 1445, Deletion queue: 0, Add queue: 0
[13:43:49.571] [DEBUG] [24424] [World.cpp:456] [Tetra::World::update] World stats - Loaded chunks: 1445, Deletion queue: 0, Add queue: 0
[13:43:49.572] [DEBUG] [24424] [World.cpp:456] [Tetra::World::update] World stats - Loaded chunks: 1445, Deletion queue: 0, Add queue: 0
[13:43:49.573] [DEBUG] [24424] [World.cpp:456] [Tetra::World::update] World stats - Loaded chunks: 1445, Deletion queue: 0, Add queue: 0
[13:43:49.574] [DEBUG] [24424] [World.cpp:456] [Tetra::World::update] World stats - Loaded chunks: 1445, Deletion queue: 0, Add queue: 0
[13:43:49.574] [DEBUG] [24424] [World.cpp:456] [Tetra::World::update] World stats - Loaded chunks: 1445, Deletion queue: 0, Add queue: 0
[13:43:49.575] [DEBUG] [24424] [World.cpp:456] [Tetra::World::update] World stats - Loaded chunks: 1445, Deletion queue: 0, Add queue: 0
[13:43:49.576] [DEBUG] [24424] [World.cpp:456] [Tetra::World::update] World stats - Loaded chunks: 1445, Deletion queue: 0, Add queue: 0
[13:43:49.577] [DEBUG] [24424] [World.cpp:456] [Tetra::World::update] World stats - Loaded chunks: 1445, Deletion queue: 0, Add queue: 0
[13:43:49.578] [DEBUG] [24424] [World.cpp:456] [Tetra::World::update] World stats - Loaded chunks: 1445, Deletion queue: 0, Add queue: 0
[13:43:49.579] [DEBUG] [24424] [World.cpp:456] [Tetra::World::update] World stats - Loaded chunks: 1445, Deletion queue: 0, Add queue: 0
[13:43:49.579] [DEBUG] [24424] [World.cpp:456] [Tetra::World::update] World stats - Loaded chunks: 1445, Deletion queue: 0, Add queue: 0
[13:43:49.580] [DEBUG] [24424] [World.cpp:456] [Tetra::World::update] World stats - Loaded chunks: 1445, Deletion queue: 0, Add queue: 0
[13:43:49.581] [DEBUG] [24424] [World.cpp:456] [Tetra::World::update] World stats - Loaded chunks: 1445, Deletion queue: 0, Add queue: 0
[13:43:49.582] [DEBUG] [24424] [World.cpp:456] [Tetra::World::update] World stats - Loaded chunks: 1445, Deletion queue: 0, Add queue: 0
[13:43:49.583] [DEBUG] [24424] [World.cpp:456] [Tetra::World::update] World stats - Loaded chunks: 1445, Deletion queue: 0, Add queue: 0
[13:43:49.584] [DEBUG] [24424] [World.cpp:456] [Tetra::World::update] World stats - Loaded chunks: 1445, Deletion queue: 0, Add queue: 0
[13:43:49.584] [DEBUG] [24424] [World.cpp:456] [Tetra::World::update] World stats - Loaded chunks: 1445, Deletion queue: 0, Add queue: 0
[13:43:49.585] [DEBUG] [24424] [World.cpp:456] [Tetra::World::update] World stats - Loaded chunks: 1445, Deletion queue: 0, Add queue: 0
[13:43:49.586] [DEBUG] [24424] [World.cpp:456] [Tetra::World::update] World stats - Loaded chunks: 1445, Deletion queue: 0, Add queue: 0
[13:43:49.587] [DEBUG] [24424] [World.cpp:456] [Tetra::World::update] World stats - Loaded chunks: 1445, Deletion queue: 0, Add queue: 0
[13:43:49.588] [DEBUG] [24424] [World.cpp:456] [Tetra::World::update] World stats - Loaded chunks: 1445, Deletion queue: 0, Add queue: 0
[13:43:49.589] [DEBUG] [24424] [World.cpp:456] [Tetra::World::update] World stats - Loaded chunks: 1445, Deletion queue: 0, Add queue: 0
[13:43:49.590] [DEBUG] [24424] [World.cpp:456] [Tetra::World::update] World stats - Loaded chunks: 1445, Deletion queue: 0, Add queue: 0
[13:43:49.590] [DEBUG] [24424] [World.cpp:456] [Tetra::World::update] World stats - Loaded chunks: 1445, Deletion queue: 0, Add queue: 0
[13:43:49.591] [DEBUG] [24424] [World.cpp:456] [Tetra::World::update] World stats - Loaded chunks: 1445, Deletion queue: 0, Add queue: 0
[13:43:49.592] [DEBUG] [24424] [World.cpp:456] [Tetra::World::update] World stats - Loaded chunks: 1445, Deletion queue: 0, Add queue: 0
[13:43:49.593] [DEBUG] [24424] [World.cpp:456] [Tetra::World::update] World stats - Loaded chunks: 1445, Deletion queue: 0, Add queue: 0
[13:43:49.594] [DEBUG] [24424] [World.cpp:456] [Tetra::World::update] World stats - Loaded chunks: 1445, Deletion queue: 0, Add queue: 0
[13:43:49.595] [DEBUG] [24424] [World.cpp:456] [Tetra::World::update] World stats - Loaded chunks: 1445, Deletion queue: 0, Add queue: 0
[13:43:49.596] [DEBUG] [24424] [World.cpp:456] [Tetra::World::update] World stats - Loaded chunks: 1445, Deletion queue: 0, Add queue: 0
[13:43:49.596] [DEBUG] [24424] [World.cpp:456] [Tetra::World::update] World stats - Loaded chunks: 1445, Deletion queue: 0, Add queue: 0
[13:43:49.597] [DEBUG] [24424] [World.cpp:456] [Tetra::World::update] World stats - Loaded chunks: 1445, Deletion queue: 0, Add queue: 0
[13:43:49.598] [DEBUG] [24424] [World.cpp:456] [Tetra::World::update] World stats - Loaded chunks: 1445, Deletion queue: 0, Add queue: 0
[13:43:49.599] [DEBUG] [24424] [World.cpp:456] [Tetra::World::update] World stats - Loaded chunks: 1445, Deletion queue: 0, Add queue: 0
[13:43:49.600] [DEBUG] [24424] [World.cpp:456] [Tetra::World::update] World stats - Loaded chunks: 1445, Deletion queue: 0, Add queue: 0
[13:43:49.601] [DEBUG] [24424] [World.cpp:456] [Tetra::World::update] World stats - Loaded chunks: 1445, Deletion queue: 0, Add queue: 0
[13:43:49.601] [DEBUG] [24424] [World.cpp:456] [Tetra::World::update] World stats - Loaded chunks: 1445, Deletion queue: 0, Add queue: 0
[13:43:49.602] [DEBUG] [24424] [World.cpp:456] [Tetra::World::update] World stats - Loaded chunks: 1445, Deletion queue: 0, Add queue: 0
[13:43:49.603] [DEBUG] [24424] [World.cpp:456] [Tetra::World::update] World stats - Loaded chunks: 1445, Deletion queue: 0, Add queue: 0
[13:43:49.604] [DEBUG] [24424] [World.cpp:456] [Tetra::World::update] World stats - Loaded chunks: 1445, Deletion queue: 0, Add queue: 0
[13:43:49.605] [DEBUG] [24424] [World.cpp:456] [Tetra::World::update] World stats - Loaded chunks: 1445, Deletion queue: 0, Add queue: 0
[13:43:49.606] [DEBUG] [24424] [World.cpp:456] [Tetra::World::update] World stats - Loaded chunks: 1445, Deletion queue: 0, Add queue: 0
[13:43:49.607] [DEBUG] [24424] [World.cpp:456] [Tetra::World::update] World stats - Loaded chunks: 1445, Deletion queue: 0, Add queue: 0
[13:43:49.607] [DEBUG] [24424] [World.cpp:456] [Tetra::World::update] World stats - Loaded chunks: 1445, Deletion queue: 0, Add queue: 0
[13:43:49.608] [DEBUG] [24424] [World.cpp:456] [Tetra::World::update] World stats - Loaded chunks: 1445, Deletion queue: 0, Add queue: 0
[13:43:49.609] [DEBUG] [24424] [World.cpp:456] [Tetra::World::update] World stats - Loaded chunks: 1445, Deletion queue: 0, Add queue: 0
[13:43:49.610] [DEBUG] [24424] [World.cpp:456] [Tetra::World::update] World stats - Loaded chunks: 1445, Deletion queue: 0, Add queue: 0
[13:43:49.611] [DEBUG] [24424] [World.cpp:456] [Tetra::World::update] World stats - Loaded chunks: 1445, Deletion queue: 0, Add queue: 0
[13:43:49.612] [DEBUG] [24424] [World.cpp:456] [Tetra::World::update] World stats - Loaded chunks: 1445, Deletion queue: 0, Add queue: 0
[13:43:49.612] [DEBUG] [24424] [World.cpp:456] [Tetra::World::update] World stats - Loaded chunks: 1445, Deletion queue: 0, Add queue: 0
[13:43:49.613] [DEBUG] [24424] [World.cpp:456] [Tetra::World::update] World stats - Loaded chunks: 1445, Deletion queue: 0, Add queue: 0
[13:43:49.614] [DEBUG] [24424] [World.cpp:456] [Tetra::World::update] World stats - Loaded chunks: 1445, Deletion queue: 0, Add queue: 0
[13:43:49.615] [DEBUG] [24424] [World.cpp:456] [Tetra::World::update] World stats - Loaded chunks: 1445, Deletion queue: 0, Add queue: 0
[13:43:49.615] [TRACE] [15464] [World.cpp:482] [Tetra::World::simplex] Allocated 8388608 bytes for FastNoiseSIMD
[13:43:49.616] [DEBUG] [24424] [World.cpp:456] [Tetra::World::update] World stats - Loaded chunks: 1445, Deletion queue: 0, Add queue: 0
[13:43:49.616] [TRACE] [15464] [World.cpp:482] [Tetra::World::simplex] Allocated 65536 bytes for FastNoiseSIMD
[13:43:49.616] [TRACE] [6148] [World.cpp:482] [Tetra::World::simplex] Allocated 8388608 bytes for FastNoiseSIMD
[13:43:49.616] [TRACE] [6148] [World.cpp:482] [Tetra::World::simplex] Allocated 65536 bytes for FastNoiseSIMD
[13:43:49.616] [DEBUG] [24424] [World.cpp:456] [Tetra::World::update] World stats - Loaded chunks: 1445, Deletion queue: 0, Add queue: 0
[13:43:49.617] [DEBUG] [24424] [World.cpp:456] [Tetra::World::update] World stats - Loaded chunks: 1445, Deletion queue: 0, Add queue: 0
[13:43:49.618] [DEBUG] [24424] [World.cpp:456] [Tetra::World::update] World stats - Loaded chunks: 1445, Deletion queue: 0, Add queue: 0
[13:43:49.619] [DEBUG] [24424] [World.cpp:456] [Tetra::World::update] World stats - Loaded chunks: 1445, Deletion queue: 0, Add queue: 0
[13:43:49.620] [DEBUG] [24424] [World.cpp:456] [Tetra::World::update] World stats - Loaded chunks: 1445, Deletion queue: 0, Add queue: 0
[13:43:49.621] [DEBUG] [24424] [World.cpp:456] [Tetra::World::update] World stats - Loaded chunks: 1445, Deletion queue: 0, Add queue: 0
[13:43:49.621] [DEBUG] [24424] [World.cpp:456] [Tetra::World::update] World stats - Loaded chunks: 1445, Deletion queue: 0, Add queue: 0
[13:43:49.622] [DEBUG] [24424] [World.cpp:456] [Tetra::World::update] World stats - Loaded chunks: 1445, Deletion queue: 0, Add queue: 0
[13:43:49.622] [TRACE] [15464] [World.cpp:541] [Tetra::World::populate_chunk_pass_1] Deallocated 65536 bytes for FastNoiseSIMD
[13:43:49.622] [TRACE] [15464] [World.cpp:544] [Tetra::World::populate_chunk_pass_1] Deallocated 8388608 bytes for FastNoiseSIMD
[13:43:49.623] [TRACE] [23780] [World.cpp:482] [Tetra::World::simplex] Allocated 8388608 bytes for FastNoiseSIMD
[13:43:49.623] [TRACE] [23780] [World.cpp:482] [Tetra::World::simplex] Allocated 65536 bytes for FastNoiseSIMD
[13:43:49.623] [DEBUG] [24424] [World.cpp:456] [Tetra::World::update] World stats - Loaded chunks: 1445, Deletion queue: 0, Add queue: 0
[13:43:49.623] [TRACE] [15464] [World.cpp:547] [Tetra::World::populate_chunk_pass_1] Deallocated 65536 bytes for FastNoiseSIMD
[13:43:49.623] [TRACE] [15464] [World.cpp:550] [Tetra::World::populate_chunk_pass_1] Deallocated 65536 bytes for FastNoiseSIMD
[13:43:49.623] [TRACE] [15464] [World.cpp:553] [Tetra::World::populate_chunk_pass_1] Deallocated 65536 bytes for FastNoiseSIMD
[13:43:49.623] [TRACE] [15464] [World.cpp:556] [Tetra::World::populate_chunk_pass_1] Deallocated 65536 bytes for FastNoiseSIMD
[13:43:49.623] [DEBUG] [15464] [World.cpp:229] [Tetra::World::population_pass_1] Timer 'Population pass 1' completed in 98996 microseconds
[13:43:49.624] [DEBUG] [12832] [World.cpp:229] [Tetra::World::population_pass_1] Timer 'Population pass 1' started
[13:43:49.624] [TRACE] [6148] [World.cpp:541] [Tetra::World::populate_chunk_pass_1] Deallocated 65536 bytes for FastNoiseSIMD
[13:43:49.624] [TRACE] [6148] [World.cpp:544] [Tetra::World::populate_chunk_pass_1] Deallocated 8388608 bytes for FastNoiseSIMD
[13:43:49.624] [DEBUG] [24424] [World.cpp:456] [Tetra::World::update] World stats - Loaded chunks: 1445, Deletion queue: 0, Add queue: 0
[13:43:49.624] [TRACE] [12832] [World.cpp:482] [Tetra::World::simplex] Allocated 65536 bytes for FastNoiseSIMD
[13:43:49.625] [TRACE] [12832] [World.cpp:482] [Tetra::World::simplex] Allocated 65536 bytes for FastNoiseSIMD
[13:43:49.625] [TRACE] [6148] [World.cpp:547] [Tetra::World::populate_chunk_pass_1] Deallocated 65536 bytes for FastNoiseSIMD
[13:43:49.625] [TRACE] [6148] [World.cpp:550] [Tetra::World::populate_chunk_pass_1] Deallocated 65536 bytes for FastNoiseSIMD
[13:43:49.625] [TRACE] [6148] [World.cpp:553] [Tetra::World::populate_chunk_pass_1] Deallocated 65536 bytes for FastNoiseSIMD
[13:43:49.625] [TRACE] [6148] [World.cpp:556] [Tetra::World::populate_chunk_pass_1] Deallocated 65536 bytes for FastNoiseSIMD
[13:43:49.625] [DEBUG] [6148] [World.cpp:229] [Tetra::World::population_pass_1] Timer 'Population pass 1' completed in 102705 microseconds
[13:43:49.625] [TRACE] [12832] [World.cpp:482] [Tetra::World::simplex] Allocated 65536 bytes for FastNoiseSIMD
[13:43:49.625] [DEBUG] [24116] [World.cpp:229] [Tetra::World::population_pass_1] Timer 'Population pass 1' started
[13:43:49.625] [TRACE] [12832] [World.cpp:482] [Tetra::World::simplex] Allocated 65536 bytes for FastNoiseSIMD
[13:43:49.626] [DEBUG] [24424] [World.cpp:456] [Tetra::World::update] World stats - Loaded chunks: 1445, Deletion queue: 0, Add queue: 0
[13:43:49.626] [TRACE] [24116] [World.cpp:482] [Tetra::World::simplex] Allocated 65536 bytes for FastNoiseSIMD
[13:43:49.626] [TRACE] [24116] [World.cpp:482] [Tetra::World::simplex] Allocated 65536 bytes for FastNoiseSIMD
[13:43:49.626] [TRACE] [24116] [World.cpp:482] [Tetra::World::simplex] Allocated 65536 bytes for FastNoiseSIMD
[13:43:49.627] [TRACE] [24116] [World.cpp:482] [Tetra::World::simplex] Allocated 65536 bytes for FastNoiseSIMD
[13:43:49.627] [DEBUG] [24424] [World.cpp:456] [Tetra::World::update] World stats - Loaded chunks: 1445, Deletion queue: 0, Add queue: 0
[13:43:49.628] [DEBUG] [24424] [World.cpp:456] [Tetra::World::update] World stats - Loaded chunks: 1445, Deletion queue: 0, Add queue: 0
[13:43:49.629] [DEBUG] [24424] [World.cpp:456] [Tetra::World::update] World stats - Loaded chunks: 1445, Deletion queue: 0, Add queue: 0
[13:43:49.629] [TRACE] [23780] [World.cpp:541] [Tetra::World::populate_chunk_pass_1] Deallocated 65536 bytes for FastNoiseSIMD
[13:43:49.629] [TRACE] [23780] [World.cpp:544] [Tetra::World::populate_chunk_pass_1] Deallocated 8388608 bytes for FastNoiseSIMD
[13:43:49.630] [DEBUG] [24424] [World.cpp:456] [Tetra::World::update] World stats - Loaded chunks: 1445, Deletion queue: 0, Add queue: 0
[13:43:49.630] [TRACE] [23780] [World.cpp:547] [Tetra::World::populate_chunk_pass_1] Deallocated 65536 bytes for FastNoiseSIMD
[13:43:49.630] [TRACE] [23780] [World.cpp:550] [Tetra::World::populate_chunk_pass_1] Deallocated 65536 bytes for FastNoiseSIMD
[13:43:49.630] [TRACE] [23780] [World.cpp:553] [Tetra::World::populate_chunk_pass_1] Deallocated 65536 bytes for FastNoiseSIMD
[13:43:49.630] [TRACE] [23780] [World.cpp:556] [Tetra::World::populate_chunk_pass_1] Deallocated 65536 bytes for FastNoiseSIMD
[13:43:49.630] [DEBUG] [23780] [World.cpp:229] [Tetra::World::population_pass_1] Timer 'Population pass 1' completed in 99454 microseconds
[13:43:49.630] [DEBUG] [856] [World.cpp:229] [Tetra::World::population_pass_1] Timer 'Population pass 1' started
[13:43:49.631] [TRACE] [856] [World.cpp:482] [Tetra::World::simplex] Allocated 65536 bytes for FastNoiseSIMD
[13:43:49.631] [DEBUG] [24424] [World.cpp:456] [Tetra::World::update] World stats - Loaded chunks: 1445, Deletion queue: 0, Add queue: 0
[13:43:49.631] [TRACE] [856] [World.cpp:482] [Tetra::World::simplex] Allocated 65536 bytes for FastNoiseSIMD
[13:43:49.631] [TRACE] [856] [World.cpp:482] [Tetra::World::simplex] Allocated 65536 bytes for FastNoiseSIMD
[13:43:49.632] [TRACE] [856] [World.cpp:482] [Tetra::World::simplex] Allocated 65536 bytes for FastNoiseSIMD
[13:43:49.633] [DEBUG] [24424] [World.cpp:456] [Tetra::World::update] World stats - Loaded chunks: 1445, Deletion queue: 0, Add queue: 0
[13:43:49.634] [DEBUG] [24424] [World.cpp:456] [Tetra::World::update] World stats - Loaded chunks: 1445, Deletion queue: 0, Add queue: 0
[13:43:49.635] [TRACE] [23008] [World.cpp:482] [Tetra::World::simplex] Allocated 8388608 bytes for FastNoiseSIMD
[13:43:49.635] [TRACE] [23008] [World.cpp:482] [Tetra::World::simplex] Allocated 65536 bytes for FastNoiseSIMD
[13:43:49.636] [DEBUG] [24424] [World.cpp:456] [Tetra::World::update] World stats - Loaded chunks: 1445, Deletion queue: 0, Add queue: 0
[13:43:49.637] [DEBUG] [24424] [World.cpp:456] [Tetra::World::update] World stats - Loaded chunks: 1445, Deletion queue: 0, Add queue: 0
[13:43:49.639] [DEBUG] [24424] [World.cpp:456] [Tetra::World::update] World stats - Loaded chunks: 1445, Deletion queue: 0, Add queue: 0
[13:43:49.640] [DEBUG] [24424] [World.cpp:456] [Tetra::World::update] World stats - Loaded chunks: 1445, Deletion queue: 0, Add queue: 0
[13:43:49.640] [TRACE] [23008] [World.cpp:541] [Tetra::World::populate_chunk_pass_1] Deallocated 65536 bytes for FastNoiseSIMD
[13:43:49.640] [TRACE] [23008] [World.cpp:544] [Tetra::World::populate_chunk_pass_1] Deallocated 8388608 bytes for FastNoiseSIMD
[13:43:49.641] [TRACE] [23008] [World.cpp:547] [Tetra::World::populate_chunk_pass_1] Deallocated 65536 bytes for FastNoiseSIMD
[13:43:49.641] [TRACE] [23008] [World.cpp:550] [Tetra::World::populate_chunk_pass_1] Deallocated 65536 bytes for FastNoiseSIMD
[13:43:49.641] [TRACE] [23008] [World.cpp:553] [Tetra::World::populate_chunk_pass_1] Deallocated 65536 bytes for FastNoiseSIMD
[13:43:49.641] [TRACE] [23008] [World.cpp:556] [Tetra::World::populate_chunk_pass_1] Deallocated 65536 bytes for FastNoiseSIMD
[13:43:49.641] [DEBUG] [23008] [World.cpp:229] [Tetra::World::population_pass_1] Timer 'Population pass 1' completed in 110369 microseconds
[13:43:49.641] [DEBUG] [27064] [World.cpp:229] [Tetra::World::population_pass_1] Timer 'Population pass 1' started
[13:43:49.642] [DEBUG] [24424] [World.cpp:456] [Tetra::World::update] World stats - Loaded chunks: 1445, Deletion queue: 0, Add queue: 0
[13:43:49.642] [TRACE] [27064] [World.cpp:482] [Tetra::World::simplex] Allocated 65536 bytes for FastNoiseSIMD
[13:43:49.642] [TRACE] [27064] [World.cpp:482] [Tetra::World::simplex] Allocated 65536 bytes for FastNoiseSIMD
[13:43:49.642] [TRACE] [27064] [World.cpp:482] [Tetra::World::simplex] Allocated 65536 bytes for FastNoiseSIMD
[13:43:49.642] [TRACE] [27064] [World.cpp:482] [Tetra::World::simplex] Allocated 65536 bytes for FastNoiseSIMD
[13:43:49.643] [DEBUG] [24424] [World.cpp:456] [Tetra::World::update] World stats - Loaded chunks: 1445, Deletion queue: 0, Add queue: 0
[13:43:49.644] [DEBUG] [24424] [World.cpp:456] [Tetra::World::update] World stats - Loaded chunks: 1445, Deletion queue: 0, Add queue: 0
[13:43:49.646] [DEBUG] [24424] [World.cpp:456] [Tetra::World::update] World stats - Loaded chunks: 1445, Deletion queue: 0, Add queue: 0
[13:43:49.647] [DEBUG] [24424] [World.cpp:456] [Tetra::World::update] World stats - Loaded chunks: 1445, Deletion queue: 0, Add queue: 0
[13:43:49.649] [DEBUG] [24424] [World.cpp:456] [Tetra::World::update] World stats - Loaded chunks: 1445, Deletion queue: 0, Add queue: 0
[13:43:49.650] [DEBUG] [24424] [World.cpp:456] [Tetra::World::update] World stats - Loaded chunks: 1445, Deletion queue: 0, Add queue: 0
[13:43:49.652] [DEBUG] [24424] [World.cpp:456] [Tetra::World::update] World stats - Loaded chunks: 1445, Deletion queue: 0, Add queue: 0
[13:43:49.653] [DEBUG] [24424] [World.cpp:456] [Tetra::World::update] World stats - Loaded chunks: 1445, Deletion queue: 0, Add queue: 0
[13:43:49.655] [DEBUG] [24424] [World.cpp:456] [Tetra::World::update] World stats - Loaded chunks: 1445, Deletion queue: 0, Add queue: 0
[13:43:49.656] [DEBUG] [24424] [World.cpp:456] [Tetra::World::update] World stats - Loaded chunks: 1445, Deletion queue: 0, Add queue: 0
[13:43:49.658] [DEBUG] [24424] [World.cpp:456] [Tetra::World::update] World stats - Loaded chunks: 1445, Deletion queue: 0, Add queue: 0
[13:43:49.659] [DEBUG] [24424] [World.cpp:456] [Tetra::World::update] World stats - Loaded chunks: 1445, Deletion queue: 0, Add queue: 0
[13:43:49.661] [DEBUG] [24424] [World.cpp:456] [Tetra::World::update] World stats - Loaded chunks: 1445, Deletion queue: 0, Add queue: 0
[13:43:49.662] [DEBUG] [24424] [World.cpp:456] [Tetra::World::update] World stats - Loaded chunks: 1445, Deletion queue: 0, Add queue: 0
[13:43:49.664] [DEBUG] [24424] [World.cpp:456] [Tetra::World::update] World stats - Loaded chunks: 1445, Deletion queue: 0, Add queue: 0
[13:43:49.665] [DEBUG] [24424] [World.cpp:456] [Tetra::World::update] World stats - Loaded chunks: 1445, Deletion queue: 0, Add queue: 0
[13:43:49.666] [DEBUG] [24424] [World.cpp:456] [Tetra::World::update] World stats - Loaded chunks: 1445, Deletion queue: 0, Add queue: 0
[13:43:49.668] [DEBUG] [24424] [World.cpp:456] [Tetra::World::update] World stats - Loaded chunks: 1445, Deletion queue: 0, Add queue: 0
[13:43:49.669] [DEBUG] [24424] [World.cpp:456] [Tetra::World::update] World stats - Loaded chunks: 1445, Deletion queue: 0, Add queue: 0
[13:43:49.671] [DEBUG] [24424] [World.cpp:456] [Tetra::World::update] World stats - Loaded chunks: 1445, Deletion queue: 0, Add queue: 0
[13:43:49.672] [DEBUG] [24424] [World.cpp:456] [Tetra::World::update] World stats - Loaded chunks: 1445, Deletion queue: 0, Add queue: 0
[13:43:49.674] [DEBUG] [24424] [World.cpp:456] [Tetra::World::update] World stats - Loaded chunks: 1445, Deletion queue: 0, Add queue: 0
[13:43:49.675] [DEBUG] [24424] [World.cpp:456] [Tetra::World::update] World stats - Loaded chunks: 1445, Deletion queue: 0, Add queue: 0
[13:43:49.677] [DEBUG] [24424] [World.cpp:456] [Tetra::World::update] World stats - Loaded chunks: 1445, Deletion queue: 0, Add queue: 0
[13:43:49.678] [DEBUG] [24424] [World.cpp:456] [Tetra::World::update] World stats - Loaded chunks: 1445, Deletion queue: 0, Add queue: 0
[13:43:49.680] [DEBUG] [24424] [World.cpp:456] [Tetra::World::update] World stats - Loaded chunks: 1445, Deletion queue: 0, Add queue: 0
[13:43:49.681] [DEBUG] [24424] [World.cpp:456] [Tetra::World::update] World stats - Loaded chunks: 1445, Deletion queue: 0, Add queue: 0
[13:43:49.683] [DEBUG] [24424] [World.cpp:456] [Tetra::World::update] World stats - Loaded chunks: 1445, Deletion queue: 0, Add queue: 0
[13:43:49.684] [DEBUG] [24424] [World.cpp:456] [Tetra::World::update] World stats - Loaded chunks: 1445, Deletion queue: 0, Add queue: 0
[13:43:49.686] [DEBUG] [24424] [World.cpp:456] [Tetra::World::update] World stats - Loaded chunks: 1445, Deletion queue: 0, Add queue: 0
[13:43:49.687] [DEBUG] [24424] [World.cpp:456] [Tetra::World::update] World stats - Loaded chunks: 1445, Deletion queue: 0, Add queue: 0
[13:43:49.689] [DEBUG] [24424] [World.cpp:456] [Tetra::World::update] World stats - Loaded chunks: 1445, Deletion queue: 0, Add queue: 0
[13:43:49.690] [DEBUG] [24424] [World.cpp:456] [Tetra::World::update] World stats - Loaded chunks: 1445, Deletion queue: 0, Add queue: 0
[13:43:49.692] [DEBUG] [24424] [World.cpp:456] [Tetra::World::update] World stats - Loaded chunks: 1445, Deletion queue: 0, Add queue: 0
[13:43:49.693] [DEBUG] [24424] [World.cpp:456] [Tetra::World::update] World stats - Loaded chunks: 1445, Deletion queue: 0, Add queue: 0
[13:43:49.695] [DEBUG] [24424] [World.cpp:456] [Tetra::World::update] World stats - Loaded chunks: 1445, Deletion queue: 0, Add queue: 0
[13:43:49.696] [DEBUG] [24424] [World.cpp:456] [Tetra::World::update] World stats - Loaded chunks: 1445, Deletion queue: 0, Add queue: 0
[13:43:49.698] [DEBUG] [24424] [World.cpp:456] [Tetra::World::update] World stats - Loaded chunks: 1445, Deletion queue: 0, Add queue: 0
[13:43:49.699] [DEBUG] [24424] [World.cpp:456] [Tetra::World::update] World stats - Loaded chunks: 1445, Deletion queue: 0, Add queue: 0
[13:43:49.701] [DEBUG] [24424] [World.cpp:456] [Tetra::World::update] World stats - Loaded chunks: 1445, Deletion queue: 0, Add queue: 0
[13:43:49.702] [DEBUG] [24424] [World.cpp:456] [Tetra::World::update] World stats - Loaded chunks: 1445, Deletion queue: 0, Add queue: 0
[13:43:49.704] [DEBUG] [24424] [World.cpp:456] [Tetra::World::update] World stats - Loaded chunks: 1445, Deletion queue: 0, Add queue: 0
[13:43:49.705] [DEBUG] [24424] [World.cpp:456] [Tetra::World::update] World stats - Loaded chunks: 1445, Deletion queue: 0, Add queue: 0
[13:43:49.706] [DEBUG] [24424] [World.cpp:456] [Tetra::World::update] World stats - Loaded chunks: 1445, Deletion queue: 0, Add queue: 0
[13:43:49.708] [DEBUG] [24424] [World.cpp:456] [Tetra::World::update] World stats - Loaded chunks: 1445, Deletion queue: 0, Add queue: 0
[13:43:49.709] [DEBUG] [24424] [World.cpp:456] [Tetra::World::update] World stats - Loaded chunks: 1445, Deletion queue: 0, Add queue: 0
[13:43:49.711] [TRACE] [12832] [World.cpp:482] [Tetra::World::simplex] Allocated 8388608 bytes for FastNoiseSIMD
[13:43:49.711] [DEBUG] [24424] [World.cpp:456] [Tetra::World::update] World stats - Loaded chunks: 1445, Deletion queue: 0, Add queue: 0
[13:43:49.711] [TRACE] [12832] [World.cpp:482] [Tetra::World::simplex] Allocated 65536 bytes for FastNoiseSIMD
[13:43:49.712] [DEBUG] [24424] [World.cpp:456] [Tetra::World::update] World stats - Loaded chunks: 1445, Deletion queue: 0, Add queue: 0
[13:43:49.713] [TRACE] [24116] [World.cpp:482] [Tetra::World::simplex] Allocated 8388608 bytes for FastNoiseSIMD
[13:43:49.713] [TRACE] [24116] [World.cpp:482] [Tetra::World::simplex] Allocated 65536 bytes for FastNoiseSIMD
[13:43:49.714] [DEBUG] [24424] [World.cpp:456] [Tetra::World::update] World stats - Loaded chunks: 1445, Deletion queue: 0, Add queue: 0
[13:43:49.715] [DEBUG] [24424] [World.cpp:456] [Tetra::World::update] World stats - Loaded chunks: 1445, Deletion queue: 0, Add queue: 0
[13:43:49.717] [TRACE] [12832] [World.cpp:541] [Tetra::World::populate_chunk_pass_1] Deallocated 65536 bytes for FastNoiseSIMD
[13:43:49.717] [TRACE] [12832] [World.cpp:544] [Tetra::World::populate_chunk_pass_1] Deallocated 8388608 bytes for FastNoiseSIMD
[13:43:49.717] [TRACE] [856] [World.cpp:482] [Tetra::World::simplex] Allocated 8388608 bytes for FastNoiseSIMD
[13:43:49.717] [DEBUG] [24424] [World.cpp:456] [Tetra::World::update] World stats - Loaded chunks: 1445, Deletion queue: 0, Add queue: 0
[13:43:49.717] [TRACE] [856] [World.cpp:482] [Tetra::World::simplex] Allocated 65536 bytes for FastNoiseSIMD
[13:43:49.717] [TRACE] [12832] [World.cpp:547] [Tetra::World::populate_chunk_pass_1] Deallocated 65536 bytes for FastNoiseSIMD
[13:43:49.717] [TRACE] [12832] [World.cpp:550] [Tetra::World::populate_chunk_pass_1] Deallocated 65536 bytes for FastNoiseSIMD
[13:43:49.717] [TRACE] [12832] [World.cpp:553] [Tetra::World::populate_chunk_pass_1] Deallocated 65536 bytes for FastNoiseSIMD
[13:43:49.717] [TRACE] [12832] [World.cpp:556] [Tetra::World::populate_chunk_pass_1] Deallocated 65536 bytes for FastNoiseSIMD
[13:43:49.717] [DEBUG] [12832] [World.cpp:229] [Tetra::World::population_pass_1] Timer 'Population pass 1' completed in 93610 microseconds
[13:43:49.718] [DEBUG] [20016] [World.cpp:229] [Tetra::World::population_pass_1] Timer 'Population pass 1' started
[13:43:49.718] [TRACE] [20016] [World.cpp:482] [Tetra::World::simplex] Allocated 65536 bytes for FastNoiseSIMD
[13:43:49.719] [TRACE] [20016] [World.cpp:482] [Tetra::World::simplex] Allocated 65536 bytes for FastNoiseSIMD
[13:43:49.719] [DEBUG] [24424] [World.cpp:456] [Tetra::World::update] World stats - Loaded chunks: 1445, Deletion queue: 0, Add queue: 0
[13:43:49.719] [TRACE] [20016] [World.cpp:482] [Tetra::World::simplex] Allocated 65536 bytes for FastNoiseSIMD
[13:43:49.719] [TRACE] [20016] [World.cpp:482] [Tetra::World::simplex] Allocated 65536 bytes for FastNoiseSIMD
[13:43:49.719] [TRACE] [24116] [World.cpp:541] [Tetra::World::populate_chunk_pass_1] Deallocated 65536 bytes for FastNoiseSIMD
[13:43:49.719] [TRACE] [24116] [World.cpp:544] [Tetra::World::populate_chunk_pass_1] Deallocated 8388608 bytes for FastNoiseSIMD
[13:43:49.720] [TRACE] [24116] [World.cpp:547] [Tetra::World::populate_chunk_pass_1] Deallocated 65536 bytes for FastNoiseSIMD
[13:43:49.720] [TRACE] [24116] [World.cpp:550] [Tetra::World::populate_chunk_pass_1] Deallocated 65536 bytes for FastNoiseSIMD
[13:43:49.720] [TRACE] [24116] [World.cpp:553] [Tetra::World::populate_chunk_pass_1] Deallocated 65536 bytes for FastNoiseSIMD
[13:43:49.720] [TRACE] [24116] [World.cpp:556] [Tetra::World::populate_chunk_pass_1] Deallocated 65536 bytes for FastNoiseSIMD
[13:43:49.720] [DEBUG] [24116] [World.cpp:229] [Tetra::World::population_pass_1] Timer 'Population pass 1' completed in 95082 microseconds
[13:43:49.720] [DEBUG] [24424] [World.cpp:456] [Tetra::World::update] World stats - Loaded chunks: 1445, Deletion queue: 0, Add queue: 0
[13:43:49.720] [DEBUG] [14828] [World.cpp:229] [Tetra::World::population_pass_1] Timer 'Population pass 1' started
[13:43:49.721] [TRACE] [14828] [World.cpp:482] [Tetra::World::simplex] Allocated 65536 bytes for FastNoiseSIMD
[13:43:49.721] [TRACE] [14828] [World.cpp:482] [Tetra::World::simplex] Allocated 65536 bytes for FastNoiseSIMD
[13:43:49.721] [TRACE] [14828] [World.cpp:482] [Tetra::World::simplex] Allocated 65536 bytes for FastNoiseSIMD
[13:43:49.722] [TRACE] [14828] [World.cpp:482] [Tetra::World::simplex] Allocated 65536 bytes for FastNoiseSIMD
[13:43:49.722] [DEBUG] [24424] [World.cpp:456] [Tetra::World::update] World stats - Loaded chunks: 1445, Deletion queue: 0, Add queue: 0
[13:43:49.723] [TRACE] [856] [World.cpp:541] [Tetra::World::populate_chunk_pass_1] Deallocated 65536 bytes for FastNoiseSIMD
[13:43:49.723] [TRACE] [856] [World.cpp:544] [Tetra::World::populate_chunk_pass_1] Deallocated 8388608 bytes for FastNoiseSIMD
[13:43:49.724] [TRACE] [856] [World.cpp:547] [Tetra::World::populate_chunk_pass_1] Deallocated 65536 bytes for FastNoiseSIMD
[13:43:49.724] [TRACE] [856] [World.cpp:550] [Tetra::World::populate_chunk_pass_1] Deallocated 65536 bytes for FastNoiseSIMD
[13:43:49.724] [TRACE] [856] [World.cpp:553] [Tetra::World::populate_chunk_pass_1] Deallocated 65536 bytes for FastNoiseSIMD
[13:43:49.724] [TRACE] [856] [World.cpp:556] [Tetra::World::populate_chunk_pass_1] Deallocated 65536 bytes for FastNoiseSIMD
[13:43:49.724] [DEBUG] [856] [World.cpp:229] [Tetra::World::population_pass_1] Timer 'Population pass 1' completed in 93425 microseconds
[13:43:49.724] [DEBUG] [24424] [World.cpp:456] [Tetra::World::update] World stats - Loaded chunks: 1445, Deletion queue: 0, Add queue: 0
[13:43:49.724] [DEBUG] [21316] [World.cpp:229] [Tetra::World::population_pass_1] Timer 'Population pass 1' started
[13:43:49.725] [TRACE] [21316] [World.cpp:482] [Tetra::World::simplex] Allocated 65536 bytes for FastNoiseSIMD
[13:43:49.725] [TRACE] [21316] [World.cpp:482] [Tetra::World::simplex] Allocated 65536 bytes for FastNoiseSIMD
[13:43:49.725] [TRACE] [21316] [World.cpp:482] [Tetra::World::simplex] Allocated 65536 bytes for FastNoiseSIMD
[13:43:49.725] [TRACE] [21316] [World.cpp:482] [Tetra::World::simplex] Allocated 65536 bytes for FastNoiseSIMD
[13:43:49.726] [DEBUG] [24424] [World.cpp:456] [Tetra::World::update] World stats - Loaded chunks: 1445, Deletion queue: 0, Add queue: 0
[13:43:49.727] [TRACE] [27064] [World.cpp:482] [Tetra::World::simplex] Allocated 8388608 bytes for FastNoiseSIMD
[13:43:49.727] [DEBUG] [24424] [World.cpp:456] [Tetra::World::update] World stats - Loaded chunks: 1445, Deletion queue: 0, Add queue: 0
[13:43:49.728] [TRACE] [27064] [World.cpp:482] [Tetra::World::simplex] Allocated 65536 bytes for FastNoiseSIMD
[13:43:49.729] [DEBUG] [24424] [World.cpp:456] [Tetra::World::update] World stats - Loaded chunks: 1445, Deletion queue: 0, Add queue: 0
[13:43:49.731] [DEBUG] [24424] [World.cpp:456] [Tetra::World::update] World stats - Loaded chunks: 1445, Deletion queue: 0, Add queue: 0
[13:43:49.733] [DEBUG] [24424] [World.cpp:456] [Tetra::World::update] World stats - Loaded chunks: 1445, Deletion queue: 0, Add queue: 0
[13:43:49.733] [TRACE] [27064] [World.cpp:541] [Tetra::World::populate_chunk_pass_1] Deallocated 65536 bytes for FastNoiseSIMD
[13:43:49.733] [TRACE] [27064] [World.cpp:544] [Tetra::World::populate_chunk_pass_1] Deallocated 8388608 bytes for FastNoiseSIMD
[13:43:49.734] [TRACE] [27064] [World.cpp:547] [Tetra::World::populate_chunk_pass_1] Deallocated 65536 bytes for FastNoiseSIMD
[13:43:49.734] [TRACE] [27064] [World.cpp:550] [Tetra::World::populate_chunk_pass_1] Deallocated 65536 bytes for FastNoiseSIMD
[13:43:49.734] [TRACE] [27064] [World.cpp:553] [Tetra::World::populate_chunk_pass_1] Deallocated 65536 bytes for FastNoiseSIMD
[13:43:49.734] [TRACE] [27064] [World.cpp:556] [Tetra::World::populate_chunk_pass_1] Deallocated 65536 bytes for FastNoiseSIMD
[13:43:49.734] [DEBUG] [27064] [World.cpp:229] [Tetra::World::population_pass_1] Timer 'Population pass 1' completed in 92562 microseconds
[13:43:49.734] [DEBUG] [2588] [World.cpp:229] [Tetra::World::population_pass_1] Timer 'Population pass 1' started
[13:43:49.735] [TRACE] [2588] [World.cpp:482] [Tetra::World::simplex] Allocated 65536 bytes for FastNoiseSIMD
[13:43:49.735] [TRACE] [2588] [World.cpp:482] [Tetra::World::simplex] Allocated 65536 bytes for FastNoiseSIMD
[13:43:49.735] [DEBUG] [24424] [World.cpp:456] [Tetra::World::update] World stats - Loaded chunks: 1445, Deletion queue: 0, Add queue: 0
[13:43:49.735] [TRACE] [2588] [World.cpp:482] [Tetra::World::simplex] Allocated 65536 bytes for FastNoiseSIMD
[13:43:49.735] [TRACE] [2588] [World.cpp:482] [Tetra::World::simplex] Allocated 65536 bytes for FastNoiseSIMD
[13:43:49.737] [DEBUG] [24424] [World.cpp:456] [Tetra::World::update] World stats - Loaded chunks: 1445, Deletion queue: 0, Add queue: 0
[13:43:49.738] [DEBUG] [24424] [World.cpp:456] [Tetra::World::update] World stats - Loaded chunks: 1445, Deletion queue: 0, Add queue: 0
[13:43:49.740] [DEBUG] [24424] [World.cpp:456] [Tetra::World::update] World stats - Loaded chunks: 1445, Deletion queue: 0, Add queue: 0
[13:43:49.742] [DEBUG] [24424] [World.cpp:456] [Tetra::World::update] World stats - Loaded chunks: 1445, Deletion queue: 0, Add queue: 0
[13:43:49.743] [DEBUG] [24424] [World.cpp:456] [Tetra::World::update] World stats - Loaded chunks: 1445, Deletion queue: 0, Add queue: 0
[13:43:49.745] [DEBUG] [24424] [World.cpp:456] [Tetra::World::update] World stats - Loaded chunks: 1445, Deletion queue: 0, Add queue: 0
[13:43:49.747] [DEBUG] [24424] [World.cpp:456] [Tetra::World::update] World stats - Loaded chunks: 1445, Deletion queue: 0, Add queue: 0
[13:43:49.749] [DEBUG] [24424] [World.cpp:456] [Tetra::World::update] World stats - Loaded chunks: 1445, Deletion queue: 0, Add queue: 0
[13:43:49.750] [DEBUG] [24424] [World.cpp:456] [Tetra::World::update] World stats - Loaded chunks: 1445, Deletion queue: 0, Add queue: 0
[13:43:49.752] [DEBUG] [24424] [World.cpp:456] [Tetra::World::update] World stats - Loaded chunks: 1445, Deletion queue: 0, Add queue: 0
[13:43:49.754] [DEBUG] [24424] [World.cpp:456] [Tetra::World::update] World stats - Loaded chunks: 1445, Deletion queue: 0, Add queue: 0
[13:43:49.756] [DEBUG] [24424] [World.cpp:456] [Tetra::World::update] World stats - Loaded chunks: 1445, Deletion queue: 0, Add queue: 0
[13:43:49.757] [DEBUG] [24424] [World.cpp:456] [Tetra::World::update] World stats - Loaded chunks: 1445, Deletion queue: 0, Add queue: 0
[13:43:49.759] [DEBUG] [24424] [World.cpp:456] [Tetra::World::update] World stats - Loaded chunks: 1445, Deletion queue: 0, Add queue: 0
[13:43:49.761] [DEBUG] [24424] [World.cpp:456] [Tetra::World::update] World stats - Loaded chunks: 1445, Deletion queue: 0, Add queue: 0
[13:43:49.763] [DEBUG] [24424] [World.cpp:456] [Tetra::World::update] World stats - Loaded chunks: 1445, Deletion queue: 0, Add queue: 0
[13:43:49.764] [DEBUG] [24424] [World.cpp:456] [Tetra::World::update] World stats - Loaded chunks: 1445, Deletion queue: 0, Add queue: 0
[13:43:49.766] [DEBUG] [24424] [World.cpp:456] [Tetra::World::update] World stats - Loaded chunks: 1445, Deletion queue: 0, Add queue: 0
[13:43:49.768] [DEBUG] [24424] [World.cpp:456] [Tetra::World::update] World stats - Loaded chunks: 1445, Deletion queue: 0, Add queue: 0
[13:43:49.770] [DEBUG] [24424] [World.cpp:456] [Tetra::World::update] World stats - Loaded chunks: 1445, Deletion queue: 0, Add queue: 0
[13:43:49.771] [DEBUG] [24424] [World.cpp:456] [Tetra::World::update] World stats - Loaded chunks: 1445, Deletion queue: 0, Add queue: 0
[13:43:49.773] [DEBUG] [24424] [World.cpp:456] [Tetra::World::update] World stats - Loaded chunks: 1445, Deletion queue: 0, Add queue: 0
[13:43:49.775] [DEBUG] [24424] [World.cpp:456] [Tetra::World::update] World stats - Loaded chunks: 1445, Deletion queue: 0, Add queue: 0
[13:43:49.777] [DEBUG] [24424] [World.cpp:456] [Tetra::World::update] World stats - Loaded chunks: 1445, Deletion queue: 0, Add queue: 0
[13:43:49.778] [DEBUG] [24424] [World.cpp:456] [Tetra::World::update] World stats - Loaded chunks: 1445, Deletion queue: 0, Add queue: 0
[13:43:49.780] [DEBUG] [24424] [World.cpp:456] [Tetra::World::update] World stats - Loaded chunks: 1445, Deletion queue: 0, Add queue: 0
[13:43:49.782] [DEBUG] [24424] [World.cpp:456] [Tetra::World::update] World stats - Loaded chunks: 1445, Deletion queue: 0, Add queue: 0
[13:43:49.784] [DEBUG] [24424] [World.cpp:456] [Tetra::World::update] World stats - Loaded chunks: 1445, Deletion queue: 0, Add queue: 0
[13:43:49.786] [DEBUG] [24424] [World.cpp:456] [Tetra::World::update] World stats - Loaded chunks: 1445, Deletion queue: 0, Add queue: 0
[13:43:49.787] [DEBUG] [24424] [World.cpp:456] [Tetra::World::update] World stats - Loaded chunks: 1445, Deletion queue: 0, Add queue: 0
[13:43:49.789] [DEBUG] [24424] [World.cpp:456] [Tetra::World::update] World stats - Loaded chunks: 1445, Deletion queue: 0, Add queue: 0
[13:43:49.791] [DEBUG] [24424] [World.cpp:456] [Tetra::World::update] World stats - Loaded chunks: 1445, Deletion queue: 0, Add queue: 0
[13:43:49.793] [DEBUG] [24424] [World.cpp:456] [Tetra::World::update] World stats - Loaded chunks: 1445, Deletion queue: 0, Add queue: 0
[13:43:49.794] [DEBUG] [24424] [World.cpp:456] [Tetra::World::update] World stats - Loaded chunks: 1445, Deletion queue: 0, Add queue: 0
[13:43:49.796] [DEBUG] [24424] [World.cpp:456] [Tetra::World::update] World stats - Loaded chunks: 1445, Deletion queue: 0, Add queue: 0
[13:43:49.798] [DEBUG] [24424] [World.cpp:456] [Tetra::World::update] World stats - Loaded chunks: 1445, Deletion queue: 0, Add queue: 0
[13:43:49.799] [DEBUG] [24424] [World.cpp:456] [Tetra::World::update] World stats - Loaded chunks: 1445, Deletion queue: 0, Add queue: 0
[13:43:49.801] [DEBUG] [24424] [World.cpp:456] [Tetra::World::update] World stats - Loaded chunks: 1445, Deletion queue: 0, Add queue: 0
[13:43:49.803] [DEBUG] [24424] [World.cpp:456] [Tetra::World::update] World stats - Loaded chunks: 1445, Deletion queue: 0, Add queue: 0
[13:43:49.805] [DEBUG] [24424] [World.cpp:456] [Tetra::World::update] World stats - Loaded chunks: 1445, Deletion queue: 0, Add queue: 0
[13:43:49.805] [TRACE] [20016] [World.cpp:482] [Tetra::World::simplex] Allocated 8388608 bytes for FastNoiseSIMD
[13:43:49.806] [TRACE] [20016] [World.cpp:482] [Tetra::World::simplex] Allocated 65536 bytes for FastNoiseSIMD
[13:43:49.806] [DEBUG] [24424] [World.cpp:456] [Tetra::World::update] World stats - Loaded chunks: 1445, Deletion queue: 0, Add queue: 0
[13:43:49.808] [DEBUG] [24424] [World.cpp:456] [Tetra::World::update] World stats - Loaded chunks: 1445, Deletion queue: 0, Add queue: 0
[13:43:49.810] [DEBUG] [24424] [World.cpp:456] [Tetra::World::update] World stats - Loaded chunks: 1445, Deletion queue: 0, Add queue: 0
[13:43:49.810] [TRACE] [14828] [World.cpp:482] [Tetra::World::simplex] Allocated 8388608 bytes for FastNoiseSIMD
[13:43:49.811] [TRACE] [14828] [World.cpp:482] [Tetra::World::simplex] Allocated 65536 bytes for FastNoiseSIMD
[13:43:49.811] [TRACE] [20016] [World.cpp:541] [Tetra::World::populate_chunk_pass_1] Deallocated 65536 bytes for FastNoiseSIMD
[13:43:49.811] [TRACE] [20016] [World.cpp:544] [Tetra::World::populate_chunk_pass_1] Deallocated 8388608 bytes for FastNoiseSIMD
[13:43:49.812] [DEBUG] [24424] [World.cpp:456] [Tetra::World::update] World stats - Loaded chunks: 1445, Deletion queue: 0, Add queue: 0
[13:43:49.812] [TRACE] [21316] [World.cpp:482] [Tetra::World::simplex] Allocated 8388608 bytes for FastNoiseSIMD
[13:43:49.812] [TRACE] [20016] [World.cpp:547] [Tetra::World::populate_chunk_pass_1] Deallocated 65536 bytes for FastNoiseSIMD
[13:43:49.812] [TRACE] [20016] [World.cpp:550] [Tetra::World::populate_chunk_pass_1] Deallocated 65536 bytes for FastNoiseSIMD
[13:43:49.812] [TRACE] [20016] [World.cpp:553] [Tetra::World::populate_chunk_pass_1] Deallocated 65536 bytes for FastNoiseSIMD
[13:43:49.812] [TRACE] [20016] [World.cpp:556] [Tetra::World::populate_chunk_pass_1] Deallocated 65536 bytes for FastNoiseSIMD
[13:43:49.812] [DEBUG] [20016] [World.cpp:229] [Tetra::World::population_pass_1] Timer 'Population pass 1' completed in 94159 microseconds
[13:43:49.812] [TRACE] [21316] [World.cpp:482] [Tetra::World::simplex] Allocated 65536 bytes for FastNoiseSIMD
[13:43:49.812] [DEBUG] [16640] [World.cpp:229] [Tetra::World::population_pass_1] Timer 'Population pass 1' started
[13:43:49.813] [TRACE] [16640] [World.cpp:482] [Tetra::World::simplex] Allocated 65536 bytes for FastNoiseSIMD
[13:43:49.813] [TRACE] [16640] [World.cpp:482] [Tetra::World::simplex] Allocated 65536 bytes for FastNoiseSIMD
[13:43:49.813] [TRACE] [16640] [World.cpp:482] [Tetra::World::simplex] Allocated 65536 bytes for FastNoiseSIMD
[13:43:49.814] [TRACE] [16640] [World.cpp:482] [Tetra::World::simplex] Allocated 65536 bytes for FastNoiseSIMD
[13:43:49.814] [DEBUG] [24424] [World.cpp:456] [Tetra::World::update] World stats - Loaded chunks: 1445, Deletion queue: 0, Add queue: 0
[13:43:49.815] [DEBUG] [24424] [World.cpp:456] [Tetra::World::update] World stats - Loaded chunks: 1445, Deletion queue: 0, Add queue: 0
[13:43:49.816] [TRACE] [14828] [World.cpp:541] [Tetra::World::populate_chunk_pass_1] Deallocated 65536 bytes for FastNoiseSIMD
[13:43:49.816] [TRACE] [14828] [World.cpp:544] [Tetra::World::populate_chunk_pass_1] Deallocated 8388608 bytes for FastNoiseSIMD
[13:43:49.817] [TRACE] [14828] [World.cpp:547] [Tetra::World::populate_chunk_pass_1] Deallocated 65536 bytes for FastNoiseSIMD
[13:43:49.817] [TRACE] [14828] [World.cpp:550] [Tetra::World::populate_chunk_pass_1] Deallocated 65536 bytes for FastNoiseSIMD
[13:43:49.817] [TRACE] [14828] [World.cpp:553] [Tetra::World::populate_chunk_pass_1] Deallocated 65536 bytes for FastNoiseSIMD
[13:43:49.817] [TRACE] [14828] [World.cpp:556] [Tetra::World::populate_chunk_pass_1] Deallocated 65536 bytes for FastNoiseSIMD
[13:43:49.817] [DEBUG] [14828] [World.cpp:229] [Tetra::World::population_pass_1] Timer 'Population pass 1' completed in 96695 microseconds
[13:43:49.817] [DEBUG] [24424] [World.cpp:456] [Tetra::World::update] World stats - Loaded chunks: 1445, Deletion queue: 0, Add queue: 0
[13:43:49.817] [DEBUG] [24728] [World.cpp:229] [Tetra::World::population_pass_1] Timer 'Population pass 1' started
[13:43:49.818] [TRACE] [24728] [World.cpp:482] [Tetra::World::simplex] Allocated 65536 bytes for FastNoiseSIMD
[13:43:49.818] [TRACE] [21316] [World.cpp:541] [Tetra::World::populate_chunk_pass_1] Deallocated 65536 bytes for FastNoiseSIMD
[13:43:49.818] [TRACE] [21316] [World.cpp:544] [Tetra::World::populate_chunk_pass_1] Deallocated 8388608 bytes for FastNoiseSIMD
[13:43:49.818] [TRACE] [24728] [World.cpp:482] [Tetra::World::simplex] Allocated 65536 bytes for FastNoiseSIMD
[13:43:49.818] [TRACE] [24728] [World.cpp:482] [Tetra::World::simplex] Allocated 65536 bytes for FastNoiseSIMD
[13:43:49.819] [TRACE] [24728] [World.cpp:482] [Tetra::World::simplex] Allocated 65536 bytes for FastNoiseSIMD
[13:43:49.819] [TRACE] [21316] [World.cpp:547] [Tetra::World::populate_chunk_pass_1] Deallocated 65536 bytes for FastNoiseSIMD
[13:43:49.819] [TRACE] [21316] [World.cpp:550] [Tetra::World::populate_chunk_pass_1] Deallocated 65536 bytes for FastNoiseSIMD
[13:43:49.819] [TRACE] [21316] [World.cpp:553] [Tetra::World::populate_chunk_pass_1] Deallocated 65536 bytes for FastNoiseSIMD
[13:43:49.819] [TRACE] [21316] [World.cpp:556] [Tetra::World::populate_chunk_pass_1] Deallocated 65536 bytes for FastNoiseSIMD
[13:43:49.819] [DEBUG] [21316] [World.cpp:229] [Tetra::World::population_pass_1] Timer 'Population pass 1' completed in 94825 microseconds
[13:43:49.819] [DEBUG] [22372] [World.cpp:229] [Tetra::World::population_pass_1] Timer 'Population pass 1' started
[13:43:49.819] [DEBUG] [24424] [World.cpp:456] [Tetra::World::update] World stats - Loaded chunks: 1445, Deletion queue: 0, Add queue: 0
[13:43:49.820] [TRACE] [22372] [World.cpp:482] [Tetra::World::simplex] Allocated 65536 bytes for FastNoiseSIMD
[13:43:49.820] [TRACE] [22372] [World.cpp:482] [Tetra::World::simplex] Allocated 65536 bytes for FastNoiseSIMD
[13:43:49.820] [TRACE] [22372] [World.cpp:482] [Tetra::World::simplex] Allocated 65536 bytes for FastNoiseSIMD
[13:43:49.820] [TRACE] [22372] [World.cpp:482] [Tetra::World::simplex] Allocated 65536 bytes for FastNoiseSIMD
[13:43:49.821] [DEBUG] [24424] [World.cpp:456] [Tetra::World::update] World stats - Loaded chunks: 1445, Deletion queue: 0, Add queue: 0
[13:43:49.822] [TRACE] [2588] [World.cpp:482] [Tetra::World::simplex] Allocated 8388608 bytes for FastNoiseSIMD
[13:43:49.822] [TRACE] [2588] [World.cpp:482] [Tetra::World::simplex] Allocated 65536 bytes for FastNoiseSIMD
[13:43:49.823] [DEBUG] [24424] [World.cpp:456] [Tetra::World::update] World stats - Loaded chunks: 1445, Deletion queue: 0, Add queue: 0
[13:43:49.824] [DEBUG] [24424] [World.cpp:456] [Tetra::World::update] World stats - Loaded chunks: 1445, Deletion queue: 0, Add queue: 0
[13:43:49.826] [DEBUG] [24424] [World.cpp:456] [Tetra::World::update] World stats - Loaded chunks: 1445, Deletion queue: 0, Add queue: 0
[13:43:49.827] [TRACE] [2588] [World.cpp:541] [Tetra::World::populate_chunk_pass_1] Deallocated 65536 bytes for FastNoiseSIMD
[13:43:49.827] [TRACE] [2588] [World.cpp:544] [Tetra::World::populate_chunk_pass_1] Deallocated 8388608 bytes for FastNoiseSIMD
[13:43:49.828] [TRACE] [2588] [World.cpp:547] [Tetra::World::populate_chunk_pass_1] Deallocated 65536 bytes for FastNoiseSIMD
[13:43:49.828] [TRACE] [2588] [World.cpp:550] [Tetra::World::populate_chunk_pass_1] Deallocated 65536 bytes for FastNoiseSIMD
[13:43:49.828] [TRACE] [2588] [World.cpp:553] [Tetra::World::populate_chunk_pass_1] Deallocated 65536 bytes for FastNoiseSIMD
[13:43:49.828] [TRACE] [2588] [World.cpp:556] [Tetra::World::populate_chunk_pass_1] Deallocated 65536 bytes for FastNoiseSIMD
[13:43:49.828] [DEBUG] [2588] [World.cpp:229] [Tetra::World::population_pass_1] Timer 'Population pass 1' completed in 93581 microseconds
[13:43:49.828] [DEBUG] [3812] [World.cpp:229] [Tetra::World::population_pass_1] Timer 'Population pass 1' started
[13:43:49.828] [DEBUG] [24424] [World.cpp:456] [Tetra::World::update] World stats - Loaded chunks: 1445, Deletion queue: 0, Add queue: 0
[13:43:49.828] [TRACE] [3812] [World.cpp:482] [Tetra::World::simplex] Allocated 65536 bytes for FastNoiseSIMD
[13:43:49.829] [TRACE] [3812] [World.cpp:482] [Tetra::World::simplex] Allocated 65536 bytes for FastNoiseSIMD
[13:43:49.829] [TRACE] [3812] [World.cpp:482] [Tetra::World::simplex] Allocated 65536 bytes for FastNoiseSIMD
[13:43:49.829] [TRACE] [3812] [World.cpp:482] [Tetra::World::simplex] Allocated 65536 bytes for FastNoiseSIMD
[13:43:49.830] [DEBUG] [24424] [World.cpp:456] [Tetra::World::update] World stats - Loaded chunks: 1445, Deletion queue: 0, Add queue: 0
[13:43:49.832] [DEBUG] [24424] [World.cpp:456] [Tetra::World::update] World stats - Loaded chunks: 1445, Deletion queue: 0, Add queue: 0
[13:43:49.834] [DEBUG] [24424] [World.cpp:456] [Tetra::World::update] World stats - Loaded chunks: 1445, Deletion queue: 0, Add queue: 0
[13:43:49.835] [DEBUG] [24424] [World.cpp:456] [Tetra::World::update] World stats - Loaded chunks: 1445, Deletion queue: 0, Add queue: 0
[13:43:49.837] [DEBUG] [24424] [World.cpp:456] [Tetra::World::update] World stats - Loaded chunks: 1445, Deletion queue: 0, Add queue: 0
[13:43:49.839] [DEBUG] [24424] [World.cpp:456] [Tetra::World::update] World stats - Loaded chunks: 1445, Deletion queue: 0, Add queue: 0
[13:43:49.841] [DEBUG] [24424] [World.cpp:456] [Tetra::World::update] World stats - Loaded chunks: 1445, Deletion queue: 0, Add queue: 0
[13:43:49.843] [DEBUG] [24424] [World.cpp:456] [Tetra::World::update] World stats - Loaded chunks: 1445, Deletion queue: 0, Add queue: 0
[13:43:49.845] [DEBUG] [24424] [World.cpp:456] [Tetra::World::update] World stats - Loaded chunks: 1445, Deletion queue: 0, Add queue: 0
[13:43:49.847] [DEBUG] [24424] [World.cpp:456] [Tetra::World::update] World stats - Loaded chunks: 1445, Deletion queue: 0, Add queue: 0
[13:43:49.849] [DEBUG] [24424] [World.cpp:456] [Tetra::World::update] World stats - Loaded chunks: 1445, Deletion queue: 0, Add queue: 0
[13:43:49.851] [DEBUG] [24424] [World.cpp:456] [Tetra::World::update] World stats - Loaded chunks: 1445, Deletion queue: 0, Add queue: 0
[13:43:49.853] [DEBUG] [24424] [World.cpp:456] [Tetra::World::update] World stats - Loaded chunks: 1445, Deletion queue: 0, Add queue: 0
[13:43:49.855] [DEBUG] [24424] [World.cpp:456] [Tetra::World::update] World stats - Loaded chunks: 1445, Deletion queue: 0, Add queue: 0
[13:43:49.857] [DEBUG] [24424] [World.cpp:456] [Tetra::World::update] World stats - Loaded chunks: 1445, Deletion queue: 0, Add queue: 0
[13:43:49.858] [DEBUG] [24424] [World.cpp:456] [Tetra::World::update] World stats - Loaded chunks: 1445, Deletion queue: 0, Add queue: 0
[13:43:49.860] [DEBUG] [24424] [World.cpp:456] [Tetra::World::update] World stats - Loaded chunks: 1445, Deletion queue: 0, Add queue: 0
[13:43:49.862] [DEBUG] [24424] [World.cpp:456] [Tetra::World::update] World stats - Loaded chunks: 1445, Deletion queue: 0, Add queue: 0
[13:43:49.864] [DEBUG] [24424] [World.cpp:456] [Tetra::World::update] World stats - Loaded chunks: 1445, Deletion queue: 0, Add queue: 0
[13:43:49.866] [DEBUG] [24424] [World.cpp:456] [Tetra::World::update] World stats - Loaded chunks: 1445, Deletion queue: 0, Add queue: 0
[13:43:49.868] [DEBUG] [24424] [World.cpp:456] [Tetra::World::update] World stats - Loaded chunks: 1445, Deletion queue: 0, Add queue: 0
[13:43:49.870] [DEBUG] [24424] [World.cpp:456] [Tetra::World::update] World stats - Loaded chunks: 1445, Deletion queue: 0, Add queue: 0
[13:43:49.872] [DEBUG] [24424] [World.cpp:456] [Tetra::World::update] World stats - Loaded chunks: 1445, Deletion queue: 0, Add queue: 0
[13:43:49.874] [DEBUG] [24424] [World.cpp:456] [Tetra::World::update] World stats - Loaded chunks: 1445, Deletion queue: 0, Add queue: 0
[13:43:49.876] [DEBUG] [24424] [World.cpp:456] [Tetra::World::update] World stats - Loaded chunks: 1445, Deletion queue: 0, Add queue: 0
[13:43:49.878] [DEBUG] [24424] [World.cpp:456] [Tetra::World::update] World stats - Loaded chunks: 1445, Deletion queue: 0, Add queue: 0
[13:43:49.880] [DEBUG] [24424] [World.cpp:456] [Tetra::World::update] World stats - Loaded chunks: 1445, Deletion queue: 0, Add queue: 0
[13:43:49.881] [DEBUG] [24424] [World.cpp:456] [Tetra::World::update] World stats - Loaded chunks: 1445, Deletion queue: 0, Add queue: 0
[13:43:49.883] [DEBUG] [24424] [World.cpp:456] [Tetra::World::update] World stats - Loaded chunks: 1445, Deletion queue: 0, Add queue: 0
[13:43:49.885] [DEBUG] [24424] [World.cpp:456] [Tetra::World::update] World stats - Loaded chunks: 1445, Deletion queue: 0, Add queue: 0
[13:43:49.887] [DEBUG] [24424] [World.cpp:456] [Tetra::World::update] World stats - Loaded chunks: 1445, Deletion queue: 0, Add queue: 0
[13:43:49.889] [DEBUG] [24424] [World.cpp:456] [Tetra::World::update] World stats - Loaded chunks: 1445, Deletion queue: 0, Add queue: 0
[13:43:49.891] [DEBUG] [24424] [World.cpp:456] [Tetra::World::update] World stats - Loaded chunks: 1445, Deletion queue: 0, Add queue: 0
[13:43:49.893] [DEBUG] [24424] [World.cpp:456] [Tetra::World::update] World stats - Loaded chunks: 1445, Deletion queue: 0, Add queue: 0
[13:43:49.895] [DEBUG] [24424] [World.cpp:456] [Tetra::World::update] World stats - Loaded chunks: 1445, Deletion queue: 0, Add queue: 0
[13:43:49.897] [DEBUG] [24424] [World.cpp:456] [Tetra::World::update] World stats - Loaded chunks: 1445, Deletion queue: 0, Add queue: 0
[13:43:49.899] [DEBUG] [24424] [World.cpp:456] [Tetra::World::update] World stats - Loaded chunks: 1445, Deletion queue: 0, Add queue: 0
[13:43:49.900] [TRACE] [16640] [World.cpp:482] [Tetra::World::simplex] Allocated 8388608 bytes for FastNoiseSIMD
[13:43:49.900] [TRACE] [16640] [World.cpp:482] [Tetra::World::simplex] Allocated 65536 bytes for FastNoiseSIMD
[13:43:49.900] [DEBUG] [24424] [World.cpp:456] [Tetra::World::update] World stats - Loaded chunks: 1445, Deletion queue: 0, Add queue: 0
[13:43:49.902] [DEBUG] [24424] [World.cpp:456] [Tetra::World::update] World stats - Loaded chunks: 1445, Deletion queue: 0, Add queue: 0
[13:43:49.904] [DEBUG] [24424] [World.cpp:456] [Tetra::World::update] World stats - Loaded chunks: 1445, Deletion queue: 0, Add queue: 0
[13:43:49.905] [TRACE] [16640] [World.cpp:541] [Tetra::World::populate_chunk_pass_1] Deallocated 65536 bytes for FastNoiseSIMD
[13:43:49.905] [TRACE] [16640] [World.cpp:544] [Tetra::World::populate_chunk_pass_1] Deallocated 8388608 bytes for FastNoiseSIMD
[13:43:49.906] [TRACE] [24728] [World.cpp:482] [Tetra::World::simplex] Allocated 8388608 bytes for FastNoiseSIMD
[13:43:49.906] [TRACE] [24728] [World.cpp:482] [Tetra::World::simplex] Allocated 65536 bytes for FastNoiseSIMD
[13:43:49.906] [TRACE] [16640] [World.cpp:547] [Tetra::World::populate_chunk_pass_1] Deallocated 65536 bytes for FastNoiseSIMD
[13:43:49.906] [TRACE] [16640] [World.cpp:550] [Tetra::World::populate_chunk_pass_1] Deallocated 65536 bytes for FastNoiseSIMD
[13:43:49.906] [TRACE] [16640] [World.cpp:553] [Tetra::World::populate_chunk_pass_1] Deallocated 65536 bytes for FastNoiseSIMD
[13:43:49.906] [TRACE] [16640] [World.cpp:556] [Tetra::World::populate_chunk_pass_1] Deallocated 65536 bytes for FastNoiseSIMD
[13:43:49.906] [DEBUG] [16640] [World.cpp:229] [Tetra::World::population_pass_1] Timer 'Population pass 1' completed in 93686 microseconds
[13:43:49.906] [DEBUG] [20248] [World.cpp:229] [Tetra::World::population_pass_1] Timer 'Population pass 1' started
[13:43:49.906] [DEBUG] [24424] [World.cpp:456] [Tetra::World::update] World stats - Loaded chunks: 1445, Deletion queue: 0, Add queue: 0
[13:43:49.907] [TRACE] [22372] [World.cpp:482] [Tetra::World::simplex] Allocated 8388608 bytes for FastNoiseSIMD
[13:43:49.907] [TRACE] [20248] [World.cpp:482] [Tetra::World::simplex] Allocated 65536 bytes for FastNoiseSIMD
[13:43:49.907] [TRACE] [20248] [World.cpp:482] [Tetra::World::simplex] Allocated 65536 bytes for FastNoiseSIMD
[13:43:49.907] [TRACE] [22372] [World.cpp:482] [Tetra::World::simplex] Allocated 65536 bytes for FastNoiseSIMD
[13:43:49.907] [TRACE] [20248] [World.cpp:482] [Tetra::World::simplex] Allocated 65536 bytes for FastNoiseSIMD
[13:43:49.908] [TRACE] [20248] [World.cpp:482] [Tetra::World::simplex] Allocated 65536 bytes for FastNoiseSIMD
[13:43:49.908] [DEBUG] [24424] [World.cpp:456] [Tetra::World::update] World stats - Loaded chunks: 1445, Deletion queue: 0, Add queue: 0
[13:43:49.910] [DEBUG] [24424] [World.cpp:456] [Tetra::World::update] World stats - Loaded chunks: 1445, Deletion queue: 0, Add queue: 0
[13:43:49.911] [TRACE] [24728] [World.cpp:541] [Tetra::World::populate_chunk_pass_1] Deallocated 65536 bytes for FastNoiseSIMD
[13:43:49.911] [TRACE] [24728] [World.cpp:544] [Tetra::World::populate_chunk_pass_1] Deallocated 8388608 bytes for FastNoiseSIMD
[13:43:49.912] [TRACE] [24728] [World.cpp:547] [Tetra::World::populate_chunk_pass_1] Deallocated 65536 bytes for FastNoiseSIMD
[13:43:49.912] [TRACE] [24728] [World.cpp:550] [Tetra::World::populate_chunk_pass_1] Deallocated 65536 bytes for FastNoiseSIMD
[13:43:49.912] [TRACE] [24728] [World.cpp:553] [Tetra::World::populate_chunk_pass_1] Deallocated 65536 bytes for FastNoiseSIMD
[13:43:49.912] [TRACE] [24728] [World.cpp:556] [Tetra::World::populate_chunk_pass_1] Deallocated 65536 bytes for FastNoiseSIMD
[13:43:49.912] [DEBUG] [24728] [World.cpp:229] [Tetra::World::population_pass_1] Timer 'Population pass 1' completed in 94207 microseconds
[13:43:49.912] [DEBUG] [27600] [World.cpp:229] [Tetra::World::population_pass_1] Timer 'Population pass 1' started
[13:43:49.912] [DEBUG] [24424] [World.cpp:456] [Tetra::World::update] World stats - Loaded chunks: 1445, Deletion queue: 0, Add queue: 0
[13:43:49.912] [TRACE] [22372] [World.cpp:541] [Tetra::World::populate_chunk_pass_1] Deallocated 65536 bytes for FastNoiseSIMD
[13:43:49.912] [TRACE] [22372] [World.cpp:544] [Tetra::World::populate_chunk_pass_1] Deallocated 8388608 bytes for FastNoiseSIMD
[13:43:49.912] [TRACE] [27600] [World.cpp:482] [Tetra::World::simplex] Allocated 65536 bytes for FastNoiseSIMD
[13:43:49.913] [TRACE] [27600] [World.cpp:482] [Tetra::World::simplex] Allocated 65536 bytes for FastNoiseSIMD
[13:43:49.913] [TRACE] [22372] [World.cpp:547] [Tetra::World::populate_chunk_pass_1] Deallocated 65536 bytes for FastNoiseSIMD
[13:43:49.913] [TRACE] [22372] [World.cpp:550] [Tetra::World::populate_chunk_pass_1] Deallocated 65536 bytes for FastNoiseSIMD
[13:43:49.913] [TRACE] [22372] [World.cpp:553] [Tetra::World::populate_chunk_pass_1] Deallocated 65536 bytes for FastNoiseSIMD
[13:43:49.913] [TRACE] [22372] [World.cpp:556] [Tetra::World::populate_chunk_pass_1] Deallocated 65536 bytes for FastNoiseSIMD
[13:43:49.913] [DEBUG] [22372] [World.cpp:229] [Tetra::World::population_pass_1] Timer 'Population pass 1' completed in 93670 microseconds
[13:43:49.913] [TRACE] [27600] [World.cpp:482] [Tetra::World::simplex] Allocated 65536 bytes for FastNoiseSIMD
[13:43:49.913] [DEBUG] [27544] [World.cpp:229] [Tetra::World::population_pass_1] Timer 'Population pass 1' started
[13:43:49.913] [TRACE] [27600] [World.cpp:482] [Tetra::World::simplex] Allocated 65536 bytes for FastNoiseSIMD
[13:43:49.914] [TRACE] [27544] [World.cpp:482] [Tetra::World::simplex] Allocated 65536 bytes for FastNoiseSIMD
[13:43:49.914] [TRACE] [27544] [World.cpp:482] [Tetra::World::simplex] Allocated 65536 bytes for FastNoiseSIMD
[13:43:49.914] [TRACE] [27544] [World.cpp:482] [Tetra::World::simplex] Allocated 65536 bytes for FastNoiseSIMD
[13:43:49.914] [DEBUG] [24424] [World.cpp:456] [Tetra::World::update] World stats - Loaded chunks: 1445, Deletion queue: 0, Add queue: 0
[13:43:49.914] [TRACE] [27544] [World.cpp:482] [Tetra::World::simplex] Allocated 65536 bytes for FastNoiseSIMD
[13:43:49.916] [TRACE] [3812] [World.cpp:482] [Tetra::World::simplex] Allocated 8388608 bytes for FastNoiseSIMD
[13:43:49.916] [DEBUG] [24424] [World.cpp:456] [Tetra::World::update] World stats - Loaded chunks: 1445, Deletion queue: 0, Add queue: 0
[13:43:49.916] [TRACE] [3812] [World.cpp:482] [Tetra::World::simplex] Allocated 65536 bytes for FastNoiseSIMD
[13:43:49.918] [DEBUG] [24424] [World.cpp:456] [Tetra::World::update] World stats - Loaded chunks: 1445, Deletion queue: 0, Add queue: 0
[13:43:49.920] [DEBUG] [24424] [World.cpp:456] [Tetra::World::update] World stats - Loaded chunks: 1445, Deletion queue: 0, Add queue: 0
[13:43:49.922] [TRACE] [3812] [World.cpp:541] [Tetra::World::populate_chunk_pass_1] Deallocated 65536 bytes for FastNoiseSIMD
[13:43:49.922] [TRACE] [3812] [World.cpp:544] [Tetra::World::populate_chunk_pass_1] Deallocated 8388608 bytes for FastNoiseSIMD
[13:43:49.922] [TRACE] [3812] [World.cpp:547] [Tetra::World::populate_chunk_pass_1] Deallocated 65536 bytes for FastNoiseSIMD
[13:43:49.922] [TRACE] [3812] [World.cpp:550] [Tetra::World::populate_chunk_pass_1] Deallocated 65536 bytes for FastNoiseSIMD
[13:43:49.922] [TRACE] [3812] [World.cpp:553] [Tetra::World::populate_chunk_pass_1] Deallocated 65536 bytes for FastNoiseSIMD
[13:43:49.922] [TRACE] [3812] [World.cpp:556] [Tetra::World::populate_chunk_pass_1] Deallocated 65536 bytes for FastNoiseSIMD
[13:43:49.922] [DEBUG] [3812] [World.cpp:229] [Tetra::World::population_pass_1] Timer 'Population pass 1' completed in 94523 microseconds
[13:43:49.922] [DEBUG] [24424] [World.cpp:456] [Tetra::World::update] World stats - Loaded chunks: 1445, Deletion queue: 0, Add queue: 0
[13:43:49.922] [DEBUG] [23356] [World.cpp:229] [Tetra::World::population_pass_1] Timer 'Population pass 1' started
[13:43:49.923] [TRACE] [23356] [World.cpp:482] [Tetra::World::simplex] Allocated 65536 bytes for FastNoiseSIMD
[13:43:49.923] [TRACE] [23356] [World.cpp:482] [Tetra::World::simplex] Allocated 65536 bytes for FastNoiseSIMD
[13:43:49.924] [TRACE] [23356] [World.cpp:482] [Tetra::World::simplex] Allocated 65536 bytes for FastNoiseSIMD
[13:43:49.924] [TRACE] [23356] [World.cpp:482] [Tetra::World::simplex] Allocated 65536 bytes for FastNoiseSIMD
[13:43:49.924] [DEBUG] [24424] [World.cpp:456] [Tetra::World::update] World stats - Loaded chunks: 1445, Deletion queue: 0, Add queue: 0
[13:43:49.926] [DEBUG] [24424] [World.cpp:456] [Tetra::World::update] World stats - Loaded chunks: 1445, Deletion queue: 0, Add queue: 0
[13:43:49.929] [DEBUG] [24424] [World.cpp:456] [Tetra::World::update] World stats - Loaded chunks: 1445, Deletion queue: 0, Add queue: 0
[13:43:49.931] [DEBUG] [24424] [World.cpp:456] [Tetra::World::update] World stats - Loaded chunks: 1445, Deletion queue: 0, Add queue: 0
[13:43:49.933] [DEBUG] [24424] [World.cpp:456] [Tetra::World::update] World stats - Loaded chunks: 1445, Deletion queue: 0, Add queue: 0
[13:43:49.935] [DEBUG] [24424] [World.cpp:456] [Tetra::World::update] World stats - Loaded chunks: 1445, Deletion queue: 0, Add queue: 0
[13:43:49.937] [DEBUG] [24424] [World.cpp:456] [Tetra::World::update] World stats - Loaded chunks: 1445, Deletion queue: 0, Add queue: 0
[13:43:49.939] [DEBUG] [24424] [World.cpp:456] [Tetra::World::update] World stats - Loaded chunks: 1445, Deletion queue: 0, Add queue: 0
[13:43:49.941] [DEBUG] [24424] [World.cpp:456] [Tetra::World::update] World stats - Loaded chunks: 1445, Deletion queue: 0, Add queue: 0
[13:43:49.943] [DEBUG] [24424] [World.cpp:456] [Tetra::World::update] World stats - Loaded chunks: 1445, Deletion queue: 0, Add queue: 0
[13:43:49.945] [DEBUG] [24424] [World.cpp:456] [Tetra::World::update] World stats - Loaded chunks: 1445, Deletion queue: 0, Add queue: 0
[13:43:49.947] [DEBUG] [24424] [World.cpp:456] [Tetra::World::update] World stats - Loaded chunks: 1445, Deletion queue: 0, Add queue: 0
[13:43:49.949] [DEBUG] [24424] [World.cpp:456] [Tetra::World::update] World stats - Loaded chunks: 1445, Deletion queue: 0, Add queue: 0
[13:43:49.952] [DEBUG] [24424] [World.cpp:456] [Tetra::World::update] World stats - Loaded chunks: 1445, Deletion queue: 0, Add queue: 0
[13:43:49.954] [DEBUG] [24424] [World.cpp:456] [Tetra::World::update] World stats - Loaded chunks: 1445, Deletion queue: 0, Add queue: 0
[13:43:49.957] [DEBUG] [24424] [World.cpp:456] [Tetra::World::update] World stats - Loaded chunks: 1445, Deletion queue: 0, Add queue: 0
[13:43:49.959] [DEBUG] [24424] [World.cpp:456] [Tetra::World::update] World stats - Loaded chunks: 1445, Deletion queue: 0, Add queue: 0
[13:43:49.961] [DEBUG] [24424] [World.cpp:456] [Tetra::World::update] World stats - Loaded chunks: 1445, Deletion queue: 0, Add queue: 0
[13:43:49.963] [DEBUG] [24424] [World.cpp:456] [Tetra::World::update] World stats - Loaded chunks: 1445, Deletion queue: 0, Add queue: 0
[13:43:49.965] [DEBUG] [24424] [World.cpp:456] [Tetra::World::update] World stats - Loaded chunks: 1445, Deletion queue: 0, Add queue: 0
[13:43:49.968] [DEBUG] [24424] [World.cpp:456] [Tetra::World::update] World stats - Loaded chunks: 1445, Deletion queue: 0, Add queue: 0
[13:43:49.970] [DEBUG] [24424] [World.cpp:456] [Tetra::World::update] World stats - Loaded chunks: 1445, Deletion queue: 0, Add queue: 0
[13:43:49.972] [DEBUG] [24424] [World.cpp:456] [Tetra::World::update] World stats - Loaded chunks: 1445, Deletion queue: 0, Add queue: 0
[13:43:49.974] [DEBUG] [24424] [World.cpp:456] [Tetra::World::update] World stats - Loaded chunks: 1445, Deletion queue: 0, Add queue: 0
[13:43:49.976] [DEBUG] [24424] [World.cpp:456] [Tetra::World::update] World stats - Loaded chunks: 1445, Deletion queue: 0, Add queue: 0
[13:43:49.978] [DEBUG] [24424] [World.cpp:456] [Tetra::World::update] World stats - Loaded chunks: 1445, Deletion queue: 0, Add queue: 0
[13:43:49.980] [DEBUG] [24424] [World.cpp:456] [Tetra::World::update] World stats - Loaded chunks: 1445, Deletion queue: 0, Add queue: 0
[13:43:49.982] [DEBUG] [24424] [World.cpp:456] [Tetra::World::update] World stats - Loaded chunks: 1445, Deletion queue: 0, Add queue: 0
[13:43:49.985] [DEBUG] [24424] [World.cpp:456] [Tetra::World::update] World stats - Loaded chunks: 1445, Deletion queue: 0, Add queue: 0
[13:43:49.987] [DEBUG] [24424] [World.cpp:456] [Tetra::World::update] World stats - Loaded chunks: 1445, Deletion queue: 0, Add queue: 0
[13:43:49.989] [DEBUG] [24424] [World.cpp:456] [Tetra::World::update] World stats - Loaded chunks: 1445, Deletion queue: 0, Add queue: 0
[13:43:49.991] [DEBUG] [24424] [World.cpp:456] [Tetra::World::update] World stats - Loaded chunks: 1445, Deletion queue: 0, Add queue: 0
[13:43:49.993] [DEBUG] [24424] [World.cpp:456] [Tetra::World::update] World stats - Loaded chunks: 1445, Deletion queue: 0, Add queue: 0
[13:43:49.994] [TRACE] [20248] [World.cpp:482] [Tetra::World::simplex] Allocated 8388608 bytes for FastNoiseSIMD
[13:43:49.995] [TRACE] [20248] [World.cpp:482] [Tetra::World::simplex] Allocated 65536 bytes for FastNoiseSIMD
[13:43:49.995] [DEBUG] [24424] [World.cpp:456] [Tetra::World::update] World stats - Loaded chunks: 1445, Deletion queue: 0, Add queue: 0
[13:43:49.997] [DEBUG] [24424] [World.cpp:456] [Tetra::World::update] World stats - Loaded chunks: 1445, Deletion queue: 0, Add queue: 0
[13:43:49.999] [DEBUG] [24424] [World.cpp:456] [Tetra::World::update] World stats - Loaded chunks: 1445, Deletion queue: 0, Add queue: 0
[13:43:50.000] [TRACE] [20248] [World.cpp:541] [Tetra::World::populate_chunk_pass_1] Deallocated 65536 bytes for FastNoiseSIMD
[13:43:50.000] [TRACE] [20248] [World.cpp:544] [Tetra::World::populate_chunk_pass_1] Deallocated 8388608 bytes for FastNoiseSIMD
[13:43:50.001] [TRACE] [20248] [World.cpp:547] [Tetra::World::populate_chunk_pass_1] Deallocated 65536 bytes for FastNoiseSIMD
[13:43:50.001] [TRACE] [20248] [World.cpp:550] [Tetra::World::populate_chunk_pass_1] Deallocated 65536 bytes for FastNoiseSIMD
[13:43:50.001] [TRACE] [20248] [World.cpp:553] [Tetra::World::populate_chunk_pass_1] Deallocated 65536 bytes for FastNoiseSIMD
[13:43:50.001] [TRACE] [20248] [World.cpp:556] [Tetra::World::populate_chunk_pass_1] Deallocated 65536 bytes for FastNoiseSIMD
[13:43:50.001] [DEBUG] [20248] [World.cpp:229] [Tetra::World::population_pass_1] Timer 'Population pass 1' completed in 94375 microseconds
[13:43:50.001] [DEBUG] [6504] [World.cpp:229] [Tetra::World::population_pass_1] Timer 'Population pass 1' started
[13:43:50.001] [DEBUG] [24424] [World.cpp:456] [Tetra::World::update] World stats - Loaded chunks: 1445, Deletion queue: 0, Add queue: 0
[13:43:50.002] [TRACE] [6504] [World.cpp:482] [Tetra::World::simplex] Allocated 65536 bytes for FastNoiseSIMD
[13:43:50.002] [TRACE] [6504] [World.cpp:482] [Tetra::World::simplex] Allocated 65536 bytes for FastNoiseSIMD
[13:43:50.002] [TRACE] [6504] [World.cpp:482] [Tetra::World::simplex] Allocated 65536 bytes for FastNoiseSIMD
[13:43:50.002] [TRACE] [6504] [World.cpp:482] [Tetra::World::simplex] Allocated 65536 bytes for FastNoiseSIMD
[13:43:50.002] [TRACE] [27544] [World.cpp:482] [Tetra::World::simplex] Allocated 8388608 bytes for FastNoiseSIMD
[13:43:50.003] [TRACE] [27544] [World.cpp:482] [Tetra::World::simplex] Allocated 65536 bytes for FastNoiseSIMD
[13:43:50.004] [DEBUG] [24424] [World.cpp:456] [Tetra::World::update] World stats - Loaded chunks: 1445, Deletion queue: 0, Add queue: 0
[13:43:50.004] [TRACE] [27600] [World.cpp:482] [Tetra::World::simplex] Allocated 8388608 bytes for FastNoiseSIMD
[13:43:50.005] [TRACE] [27600] [World.cpp:482] [Tetra::World::simplex] Allocated 65536 bytes for FastNoiseSIMD
[13:43:50.006] [DEBUG] [24424] [World.cpp:456] [Tetra::World::update] World stats - Loaded chunks: 1445, Deletion queue: 0, Add queue: 0
[13:43:50.008] [TRACE] [27544] [World.cpp:541] [Tetra::World::populate_chunk_pass_1] Deallocated 65536 bytes for FastNoiseSIMD
[13:43:50.008] [TRACE] [27544] [World.cpp:544] [Tetra::World::populate_chunk_pass_1] Deallocated 8388608 bytes for FastNoiseSIMD
[13:43:50.008] [DEBUG] [24424] [World.cpp:456] [Tetra::World::update] World stats - Loaded chunks: 1445, Deletion queue: 0, Add queue: 0
[13:43:50.008] [TRACE] [27544] [World.cpp:547] [Tetra::World::populate_chunk_pass_1] Deallocated 65536 bytes for FastNoiseSIMD
[13:43:50.008] [TRACE] [27544] [World.cpp:550] [Tetra::World::populate_chunk_pass_1] Deallocated 65536 bytes for FastNoiseSIMD
[13:43:50.008] [TRACE] [27544] [World.cpp:553] [Tetra::World::populate_chunk_pass_1] Deallocated 65536 bytes for FastNoiseSIMD
[13:43:50.008] [TRACE] [27544] [World.cpp:556] [Tetra::World::populate_chunk_pass_1] Deallocated 65536 bytes for FastNoiseSIMD
[13:43:50.008] [DEBUG] [27544] [World.cpp:229] [Tetra::World::population_pass_1] Timer 'Population pass 1' completed in 95329 microseconds
[13:43:50.008] [DEBUG] [13680] [World.cpp:229] [Tetra::World::population_pass_1] Timer 'Population pass 1' started
[13:43:50.009] [TRACE] [13680] [World.cpp:482] [Tetra::World::simplex] Allocated 65536 bytes for FastNoiseSIMD
[13:43:50.009] [TRACE] [13680] [World.cpp:482] [Tetra::World::simplex] Allocated 65536 bytes for FastNoiseSIMD
[13:43:50.010] [TRACE] [13680] [World.cpp:482] [Tetra::World::simplex] Allocated 65536 bytes for FastNoiseSIMD
[13:43:50.010] [TRACE] [27600] [World.cpp:541] [Tetra::World::populate_chunk_pass_1] Deallocated 65536 bytes for FastNoiseSIMD
[13:43:50.010] [TRACE] [27600] [World.cpp:544] [Tetra::World::populate_chunk_pass_1] Deallocated 8388608 bytes for FastNoiseSIMD
[13:43:50.010] [TRACE] [13680] [World.cpp:482] [Tetra::World::simplex] Allocated 65536 bytes for FastNoiseSIMD
[13:43:50.010] [DEBUG] [24424] [World.cpp:456] [Tetra::World::update] World stats - Loaded chunks: 1445, Deletion queue: 0, Add queue: 0
[13:43:50.010] [TRACE] [27600] [World.cpp:547] [Tetra::World::populate_chunk_pass_1] Deallocated 65536 bytes for FastNoiseSIMD
[13:43:50.010] [TRACE] [27600] [World.cpp:550] [Tetra::World::populate_chunk_pass_1] Deallocated 65536 bytes for FastNoiseSIMD
[13:43:50.010] [TRACE] [27600] [World.cpp:553] [Tetra::World::populate_chunk_pass_1] Deallocated 65536 bytes for FastNoiseSIMD
[13:43:50.010] [TRACE] [27600] [World.cpp:556] [Tetra::World::populate_chunk_pass_1] Deallocated 65536 bytes for FastNoiseSIMD
[13:43:50.010] [DEBUG] [27600] [World.cpp:229] [Tetra::World::population_pass_1] Timer 'Population pass 1' completed in 98561 microseconds
[13:43:50.011] [DEBUG] [21200] [World.cpp:229] [Tetra::World::population_pass_1] Timer 'Population pass 1' started
[13:43:50.011] [TRACE] [23356] [World.cpp:482] [Tetra::World::simplex] Allocated 8388608 bytes for FastNoiseSIMD
[13:43:50.011] [TRACE] [21200] [World.cpp:482] [Tetra::World::simplex] Allocated 65536 bytes for FastNoiseSIMD
[13:43:50.011] [TRACE] [23356] [World.cpp:482] [Tetra::World::simplex] Allocated 65536 bytes for FastNoiseSIMD
[13:43:50.011] [TRACE] [21200] [World.cpp:482] [Tetra::World::simplex] Allocated 65536 bytes for FastNoiseSIMD
[13:43:50.012] [TRACE] [21200] [World.cpp:482] [Tetra::World::simplex] Allocated 65536 bytes for FastNoiseSIMD
[13:43:50.012] [TRACE] [21200] [World.cpp:482] [Tetra::World::simplex] Allocated 65536 bytes for FastNoiseSIMD
[13:43:50.012] [DEBUG] [24424] [World.cpp:456] [Tetra::World::update] World stats - Loaded chunks: 1445, Deletion queue: 0, Add queue: 0
[13:43:50.014] [DEBUG] [24424] [World.cpp:456] [Tetra::World::update] World stats - Loaded chunks: 1445, Deletion queue: 0, Add queue: 0
[13:43:50.016] [DEBUG] [24424] [World.cpp:456] [Tetra::World::update] World stats - Loaded chunks: 1445, Deletion queue: 0, Add queue: 0
[13:43:50.017] [TRACE] [23356] [World.cpp:541] [Tetra::World::populate_chunk_pass_1] Deallocated 65536 bytes for FastNoiseSIMD
[13:43:50.018] [TRACE] [23356] [World.cpp:544] [Tetra::World::populate_chunk_pass_1] Deallocated 8388608 bytes for FastNoiseSIMD
[13:43:50.018] [TRACE] [23356] [World.cpp:547] [Tetra::World::populate_chunk_pass_1] Deallocated 65536 bytes for FastNoiseSIMD
[13:43:50.018] [TRACE] [23356] [World.cpp:550] [Tetra::World::populate_chunk_pass_1] Deallocated 65536 bytes for FastNoiseSIMD
[13:43:50.018] [TRACE] [23356] [World.cpp:553] [Tetra::World::populate_chunk_pass_1] Deallocated 65536 bytes for FastNoiseSIMD
[13:43:50.018] [TRACE] [23356] [World.cpp:556] [Tetra::World::populate_chunk_pass_1] Deallocated 65536 bytes for FastNoiseSIMD
[13:43:50.018] [DEBUG] [23356] [World.cpp:229] [Tetra::World::population_pass_1] Timer 'Population pass 1' completed in 95750 microseconds
[13:43:50.019] [DEBUG] [22804] [World.cpp:229] [Tetra::World::population_pass_1] Timer 'Population pass 1' started
[13:43:50.019] [DEBUG] [24424] [World.cpp:456] [Tetra::World::update] World stats - Loaded chunks: 1445, Deletion queue: 0, Add queue: 0
[13:43:50.019] [TRACE] [22804] [World.cpp:482] [Tetra::World::simplex] Allocated 65536 bytes for FastNoiseSIMD
[13:43:50.019] [TRACE] [22804] [World.cpp:482] [Tetra::World::simplex] Allocated 65536 bytes for FastNoiseSIMD
[13:43:50.020] [TRACE] [22804] [World.cpp:482] [Tetra::World::simplex] Allocated 65536 bytes for FastNoiseSIMD
[13:43:50.020] [TRACE] [22804] [World.cpp:482] [Tetra::World::simplex] Allocated 65536 bytes for FastNoiseSIMD
[13:43:50.021] [DEBUG] [24424] [World.cpp:456] [Tetra::World::update] World stats - Loaded chunks: 1445, Deletion queue: 0, Add queue: 0
[13:43:50.023] [DEBUG] [24424] [World.cpp:456] [Tetra::World::update] World stats - Loaded chunks: 1445, Deletion queue: 0, Add queue: 0
[13:43:50.025] [DEBUG] [24424] [World.cpp:456] [Tetra::World::update] World stats - Loaded chunks: 1445, Deletion queue: 0, Add queue: 0
[13:43:50.027] [DEBUG] [24424] [World.cpp:456] [Tetra::World::update] World stats - Loaded chunks: 1445, Deletion queue: 0, Add queue: 0
[13:43:50.029] [DEBUG] [24424] [World.cpp:456] [Tetra::World::update] World stats - Loaded chunks: 1445, Deletion queue: 0, Add queue: 0
[13:43:50.031] [DEBUG] [24424] [World.cpp:456] [Tetra::World::update] World stats - Loaded chunks: 1445, Deletion queue: 0, Add queue: 0
[13:43:50.034] [DEBUG] [24424] [World.cpp:456] [Tetra::World::update] World stats - Loaded chunks: 1445, Deletion queue: 0, Add queue: 0
[13:43:50.036] [DEBUG] [24424] [World.cpp:456] [Tetra::World::update] World stats - Loaded chunks: 1445, Deletion queue: 0, Add queue: 0
[13:43:50.038] [DEBUG] [24424] [World.cpp:456] [Tetra::World::update] World stats - Loaded chunks: 1445, Deletion queue: 0, Add queue: 0
[13:43:50.040] [DEBUG] [24424] [World.cpp:456] [Tetra::World::update] World stats - Loaded chunks: 1445, Deletion queue: 0, Add queue: 0
[13:43:50.042] [DEBUG] [24424] [World.cpp:456] [Tetra::World::update] World stats - Loaded chunks: 1445, Deletion queue: 0, Add queue: 0
[13:43:50.044] [DEBUG] [24424] [World.cpp:456] [Tetra::World::update] World stats - Loaded chunks: 1445, Deletion queue: 0, Add queue: 0
[13:43:50.046] [DEBUG] [24424] [World.cpp:456] [Tetra::World::update] World stats - Loaded chunks: 1445, Deletion queue: 0, Add queue: 0
[13:43:50.048] [DEBUG] [24424] [World.cpp:456] [Tetra::World::update] World stats - Loaded chunks: 1445, Deletion queue: 0, Add queue: 0
[13:43:50.051] [DEBUG] [24424] [World.cpp:456] [Tetra::World::update] World stats - Loaded chunks: 1445, Deletion queue: 0, Add queue: 0
[13:43:50.053] [DEBUG] [24424] [World.cpp:456] [Tetra::World::update] World stats - Loaded chunks: 1445, Deletion queue: 0, Add queue: 0
[13:43:50.055] [DEBUG] [24424] [World.cpp:456] [Tetra::World::update] World stats - Loaded chunks: 1445, Deletion queue: 0, Add queue: 0
[13:43:50.057] [DEBUG] [24424] [World.cpp:456] [Tetra::World::update] World stats - Loaded chunks: 1445, Deletion queue: 0, Add queue: 0
[13:43:50.059] [DEBUG] [24424] [World.cpp:456] [Tetra::World::update] World stats - Loaded chunks: 1445, Deletion queue: 0, Add queue: 0
[13:43:50.061] [DEBUG] [24424] [World.cpp:456] [Tetra::World::update] World stats - Loaded chunks: 1445, Deletion queue: 0, Add queue: 0
[13:43:50.063] [DEBUG] [24424] [World.cpp:456] [Tetra::World::update] World stats - Loaded chunks: 1445, Deletion queue: 0, Add queue: 0
[13:43:50.065] [DEBUG] [24424] [World.cpp:456] [Tetra::World::update] World stats - Loaded chunks: 1445, Deletion queue: 0, Add queue: 0
[13:43:50.068] [DEBUG] [24424] [World.cpp:456] [Tetra::World::update] World stats - Loaded chunks: 1445, Deletion queue: 0, Add queue: 0
[13:43:50.070] [DEBUG] [24424] [World.cpp:456] [Tetra::World::update] World stats - Loaded chunks: 1445, Deletion queue: 0, Add queue: 0
[13:43:50.072] [DEBUG] [24424] [World.cpp:456] [Tetra::World::update] World stats - Loaded chunks: 1445, Deletion queue: 0, Add queue: 0
[13:43:50.074] [DEBUG] [24424] [World.cpp:456] [Tetra::World::update] World stats - Loaded chunks: 1445, Deletion queue: 0, Add queue: 0
[13:43:50.076] [DEBUG] [24424] [World.cpp:456] [Tetra::World::update] World stats - Loaded chunks: 1445, Deletion queue: 0, Add queue: 0
[13:43:50.078] [DEBUG] [24424] [World.cpp:456] [Tetra::World::update] World stats - Loaded chunks: 1445, Deletion queue: 0, Add queue: 0
[13:43:50.080] [DEBUG] [24424] [World.cpp:456] [Tetra::World::update] World stats - Loaded chunks: 1445, Deletion queue: 0, Add queue: 0
[13:43:50.083] [DEBUG] [24424] [World.cpp:456] [Tetra::World::update] World stats - Loaded chunks: 1445, Deletion queue: 0, Add queue: 0
[13:43:50.085] [DEBUG] [24424] [World.cpp:456] [Tetra::World::update] World stats - Loaded chunks: 1445, Deletion queue: 0, Add queue: 0
[13:43:50.087] [DEBUG] [24424] [World.cpp:456] [Tetra::World::update] World stats - Loaded chunks: 1445, Deletion queue: 0, Add queue: 0
[13:43:50.089] [TRACE] [6504] [World.cpp:482] [Tetra::World::simplex] Allocated 8388608 bytes for FastNoiseSIMD
[13:43:50.089] [DEBUG] [24424] [World.cpp:456] [Tetra::World::update] World stats - Loaded chunks: 1445, Deletion queue: 0, Add queue: 0
[13:43:50.089] [TRACE] [6504] [World.cpp:482] [Tetra::World::simplex] Allocated 65536 bytes for FastNoiseSIMD
[13:43:50.091] [DEBUG] [24424] [World.cpp:456] [Tetra::World::update] World stats - Loaded chunks: 1445, Deletion queue: 0, Add queue: 0
[13:43:50.093] [DEBUG] [24424] [World.cpp:456] [Tetra::World::update] World stats - Loaded chunks: 1445, Deletion queue: 0, Add queue: 0
[13:43:50.094] [TRACE] [6504] [World.cpp:541] [Tetra::World::populate_chunk_pass_1] Deallocated 65536 bytes for FastNoiseSIMD
[13:43:50.094] [TRACE] [6504] [World.cpp:544] [Tetra::World::populate_chunk_pass_1] Deallocated 8388608 bytes for FastNoiseSIMD
[13:43:50.095] [TRACE] [6504] [World.cpp:547] [Tetra::World::populate_chunk_pass_1] Deallocated 65536 bytes for FastNoiseSIMD
[13:43:50.095] [TRACE] [6504] [World.cpp:550] [Tetra::World::populate_chunk_pass_1] Deallocated 65536 bytes for FastNoiseSIMD
[13:43:50.095] [TRACE] [6504] [World.cpp:553] [Tetra::World::populate_chunk_pass_1] Deallocated 65536 bytes for FastNoiseSIMD
[13:43:50.095] [TRACE] [6504] [World.cpp:556] [Tetra::World::populate_chunk_pass_1] Deallocated 65536 bytes for FastNoiseSIMD
[13:43:50.095] [DEBUG] [6504] [World.cpp:229] [Tetra::World::population_pass_1] Timer 'Population pass 1' completed in 93908 microseconds
[13:43:50.095] [DEBUG] [16056] [World.cpp:229] [Tetra::World::population_pass_1] Timer 'Population pass 1' started
[13:43:50.096] [DEBUG] [24424] [World.cpp:456] [Tetra::World::update] World stats - Loaded chunks: 1445, Deletion queue: 0, Add queue: 0
[13:43:50.096] [TRACE] [16056] [World.cpp:482] [Tetra::World::simplex] Allocated 65536 bytes for FastNoiseSIMD
[13:43:50.096] [TRACE] [16056] [World.cpp:482] [Tetra::World::simplex] Allocated 65536 bytes for FastNoiseSIMD
[13:43:50.097] [TRACE] [16056] [World.cpp:482] [Tetra::World::simplex] Allocated 65536 bytes for FastNoiseSIMD
[13:43:50.097] [TRACE] [13680] [World.cpp:482] [Tetra::World::simplex] Allocated 8388608 bytes for FastNoiseSIMD
[13:43:50.097] [TRACE] [16056] [World.cpp:482] [Tetra::World::simplex] Allocated 65536 bytes for FastNoiseSIMD
[13:43:50.097] [TRACE] [13680] [World.cpp:482] [Tetra::World::simplex] Allocated 65536 bytes for FastNoiseSIMD
[13:43:50.098] [DEBUG] [24424] [World.cpp:456] [Tetra::World::update] World stats - Loaded chunks: 1445, Deletion queue: 0, Add queue: 0
[13:43:50.100] [DEBUG] [24424] [World.cpp:456] [Tetra::World::update] World stats - Loaded chunks: 1445, Deletion queue: 0, Add queue: 0
[13:43:50.102] [TRACE] [21200] [World.cpp:482] [Tetra::World::simplex] Allocated 8388608 bytes for FastNoiseSIMD
[13:43:50.102] [TRACE] [21200] [World.cpp:482] [Tetra::World::simplex] Allocated 65536 bytes for FastNoiseSIMD
[13:43:50.102] [TRACE] [13680] [World.cpp:541] [Tetra::World::populate_chunk_pass_1] Deallocated 65536 bytes for FastNoiseSIMD
[13:43:50.102] [TRACE] [13680] [World.cpp:544] [Tetra::World::populate_chunk_pass_1] Deallocated 8388608 bytes for FastNoiseSIMD
[13:43:50.102] [DEBUG] [24424] [World.cpp:456] [Tetra::World::update] World stats - Loaded chunks: 1445, Deletion queue: 0, Add queue: 0
[13:43:50.103] [TRACE] [13680] [World.cpp:547] [Tetra::World::populate_chunk_pass_1] Deallocated 65536 bytes for FastNoiseSIMD
[13:43:50.103] [TRACE] [13680] [World.cpp:550] [Tetra::World::populate_chunk_pass_1] Deallocated 65536 bytes for FastNoiseSIMD
[13:43:50.103] [TRACE] [13680] [World.cpp:553] [Tetra::World::populate_chunk_pass_1] Deallocated 65536 bytes for FastNoiseSIMD
[13:43:50.103] [TRACE] [13680] [World.cpp:556] [Tetra::World::populate_chunk_pass_1] Deallocated 65536 bytes for FastNoiseSIMD
[13:43:50.103] [DEBUG] [13680] [World.cpp:229] [Tetra::World::population_pass_1] Timer 'Population pass 1' completed in 94274 microseconds
[13:43:50.103] [DEBUG] [28576] [World.cpp:229] [Tetra::World::population_pass_1] Timer 'Population pass 1' started
[13:43:50.104] [TRACE] [28576] [World.cpp:482] [Tetra::World::simplex] Allocated 65536 bytes for FastNoiseSIMD
[13:43:50.104] [TRACE] [28576] [World.cpp:482] [Tetra::World::simplex] Allocated 65536 bytes for FastNoiseSIMD
[13:43:50.104] [TRACE] [28576] [World.cpp:482] [Tetra::World::simplex] Allocated 65536 bytes for FastNoiseSIMD
[13:43:50.104] [TRACE] [28576] [World.cpp:482] [Tetra::World::simplex] Allocated 65536 bytes for FastNoiseSIMD
[13:43:50.105] [DEBUG] [24424] [World.cpp:456] [Tetra::World::update] World stats - Loaded chunks: 1445, Deletion queue: 0, Add queue: 0
[13:43:50.107] [TRACE] [22804] [World.cpp:482] [Tetra::World::simplex] Allocated 8388608 bytes for FastNoiseSIMD
[13:43:50.107] [DEBUG] [24424] [World.cpp:456] [Tetra::World::update] World stats - Loaded chunks: 1445, Deletion queue: 0, Add queue: 0
[13:43:50.107] [TRACE] [22804] [World.cpp:482] [Tetra::World::simplex] Allocated 65536 bytes for FastNoiseSIMD
[13:43:50.108] [TRACE] [21200] [World.cpp:541] [Tetra::World::populate_chunk_pass_1] Deallocated 65536 bytes for FastNoiseSIMD
[13:43:50.108] [TRACE] [21200] [World.cpp:544] [Tetra::World::populate_chunk_pass_1] Deallocated 8388608 bytes for FastNoiseSIMD
[13:43:50.108] [TRACE] [21200] [World.cpp:547] [Tetra::World::populate_chunk_pass_1] Deallocated 65536 bytes for FastNoiseSIMD
[13:43:50.108] [TRACE] [21200] [World.cpp:550] [Tetra::World::populate_chunk_pass_1] Deallocated 65536 bytes for FastNoiseSIMD
[13:43:50.108] [TRACE] [21200] [World.cpp:553] [Tetra::World::populate_chunk_pass_1] Deallocated 65536 bytes for FastNoiseSIMD
[13:43:50.108] [TRACE] [21200] [World.cpp:556] [Tetra::World::populate_chunk_pass_1] Deallocated 65536 bytes for FastNoiseSIMD
[13:43:50.108] [DEBUG] [21200] [World.cpp:229] [Tetra::World::population_pass_1] Timer 'Population pass 1' completed in 97828 microseconds
[13:43:50.109] [DEBUG] [21892] [World.cpp:229] [Tetra::World::population_pass_1] Timer 'Population pass 1' started
[13:43:50.109] [DEBUG] [24424] [World.cpp:456] [Tetra::World::update] World stats - Loaded chunks: 1445, Deletion queue: 0, Add queue: 0
[13:43:50.110] [TRACE] [21892] [World.cpp:482] [Tetra::World::simplex] Allocated 65536 bytes for FastNoiseSIMD
[13:43:50.110] [TRACE] [21892] [World.cpp:482] [Tetra::World::simplex] Allocated 65536 bytes for FastNoiseSIMD
[13:43:50.110] [TRACE] [21892] [World.cpp:482] [Tetra::World::simplex] Allocated 65536 bytes for FastNoiseSIMD
[13:43:50.111] [TRACE] [21892] [World.cpp:482] [Tetra::World::simplex] Allocated 65536 bytes for FastNoiseSIMD
[13:43:50.112] [DEBUG] [24424] [World.cpp:456] [Tetra::World::update] World stats - Loaded chunks: 1445, Deletion queue: 0, Add queue: 0
[13:43:50.112] [TRACE] [22804] [World.cpp:541] [Tetra::World::populate_chunk_pass_1] Deallocated 65536 bytes for FastNoiseSIMD
[13:43:50.112] [TRACE] [22804] [World.cpp:544] [Tetra::World::populate_chunk_pass_1] Deallocated 8388608 bytes for FastNoiseSIMD
[13:43:50.113] [TRACE] [22804] [World.cpp:547] [Tetra::World::populate_chunk_pass_1] Deallocated 65536 bytes for FastNoiseSIMD
[13:43:50.113] [TRACE] [22804] [World.cpp:550] [Tetra::World::populate_chunk_pass_1] Deallocated 65536 bytes for FastNoiseSIMD
[13:43:50.113] [TRACE] [22804] [World.cpp:553] [Tetra::World::populate_chunk_pass_1] Deallocated 65536 bytes for FastNoiseSIMD
[13:43:50.113] [TRACE] [22804] [World.cpp:556] [Tetra::World::populate_chunk_pass_1] Deallocated 65536 bytes for FastNoiseSIMD
[13:43:50.113] [DEBUG] [22804] [World.cpp:229] [Tetra::World::population_pass_1] Timer 'Population pass 1' completed in 94553 microseconds
[13:43:50.113] [DEBUG] [24324] [World.cpp:229] [Tetra::World::population_pass_1] Timer 'Population pass 1' started
[13:43:50.114] [TRACE] [24324] [World.cpp:482] [Tetra::World::simplex] Allocated 65536 bytes for FastNoiseSIMD
[13:43:50.114] [TRACE] [24324] [World.cpp:482] [Tetra::World::simplex] Allocated 65536 bytes for FastNoiseSIMD
[13:43:50.114] [DEBUG] [24424] [World.cpp:456] [Tetra::World::update] World stats - Loaded chunks: 1445, Deletion queue: 0, Add queue: 0
[13:43:50.114] [TRACE] [24324] [World.cpp:482] [Tetra::World::simplex] Allocated 65536 bytes for FastNoiseSIMD
[13:43:50.115] [TRACE] [24324] [World.cpp:482] [Tetra::World::simplex] Allocated 65536 bytes for FastNoiseSIMD
[13:43:50.117] [DEBUG] [24424] [World.cpp:456] [Tetra::World::update] World stats - Loaded chunks: 1445, Deletion queue: 0, Add queue: 0
[13:43:50.119] [DEBUG] [24424] [World.cpp:456] [Tetra::World::update] World stats - Loaded chunks: 1445, Deletion queue: 0, Add queue: 0
[13:43:50.121] [DEBUG] [24424] [World.cpp:456] [Tetra::World::update] World stats - Loaded chunks: 1445, Deletion queue: 0, Add queue: 0
[13:43:50.124] [DEBUG] [24424] [World.cpp:456] [Tetra::World::update] World stats - Loaded chunks: 1445, Deletion queue: 0, Add queue: 0
[13:43:50.126] [DEBUG] [24424] [World.cpp:456] [Tetra::World::update] World stats - Loaded chunks: 1445, Deletion queue: 0, Add queue: 0
[13:43:50.129] [DEBUG] [24424] [World.cpp:456] [Tetra::World::update] World stats - Loaded chunks: 1445, Deletion queue: 0, Add queue: 0
[13:43:50.132] [DEBUG] [24424] [World.cpp:456] [Tetra::World::update] World stats - Loaded chunks: 1445, Deletion queue: 0, Add queue: 0
[13:43:50.134] [DEBUG] [24424] [World.cpp:456] [Tetra::World::update] World stats - Loaded chunks: 1445, Deletion queue: 0, Add queue: 0
[13:43:50.137] [DEBUG] [24424] [World.cpp:456] [Tetra::World::update] World stats - Loaded chunks: 1445, Deletion queue: 0, Add queue: 0
[13:43:50.139] [DEBUG] [24424] [World.cpp:456] [Tetra::World::update] World stats - Loaded chunks: 1445, Deletion queue: 0, Add queue: 0
[13:43:50.142] [DEBUG] [24424] [World.cpp:456] [Tetra::World::update] World stats - Loaded chunks: 1445, Deletion queue: 0, Add queue: 0
[13:43:50.144] [DEBUG] [24424] [World.cpp:456] [Tetra::World::update] World stats - Loaded chunks: 1445, Deletion queue: 0, Add queue: 0
[13:43:50.146] [DEBUG] [24424] [World.cpp:456] [Tetra::World::update] World stats - Loaded chunks: 1445, Deletion queue: 0, Add queue: 0
[13:43:50.149] [DEBUG] [24424] [World.cpp:456] [Tetra::World::update] World stats - Loaded chunks: 1445, Deletion queue: 0, Add queue: 0
[13:43:50.151] [DEBUG] [24424] [World.cpp:456] [Tetra::World::update] World stats - Loaded chunks: 1445, Deletion queue: 0, Add queue: 0
[13:43:50.154] [DEBUG] [24424] [World.cpp:456] [Tetra::World::update] World stats - Loaded chunks: 1445, Deletion queue: 0, Add queue: 0
[13:43:50.156] [DEBUG] [24424] [World.cpp:456] [Tetra::World::update] World stats - Loaded chunks: 1445, Deletion queue: 0, Add queue: 0
[13:43:50.158] [DEBUG] [24424] [World.cpp:456] [Tetra::World::update] World stats - Loaded chunks: 1445, Deletion queue: 0, Add queue: 0
[13:43:50.161] [DEBUG] [24424] [World.cpp:456] [Tetra::World::update] World stats - Loaded chunks: 1445, Deletion queue: 0, Add queue: 0
[13:43:50.163] [DEBUG] [24424] [World.cpp:456] [Tetra::World::update] World stats - Loaded chunks: 1445, Deletion queue: 0, Add queue: 0
[13:43:50.165] [DEBUG] [24424] [World.cpp:456] [Tetra::World::update] World stats - Loaded chunks: 1445, Deletion queue: 0, Add queue: 0
[13:43:50.168] [DEBUG] [24424] [World.cpp:456] [Tetra::World::update] World stats - Loaded chunks: 1445, Deletion queue: 0, Add queue: 0
[13:43:50.170] [DEBUG] [24424] [World.cpp:456] [Tetra::World::update] World stats - Loaded chunks: 1445, Deletion queue: 0, Add queue: 0
[13:43:50.172] [DEBUG] [24424] [World.cpp:456] [Tetra::World::update] World stats - Loaded chunks: 1445, Deletion queue: 0, Add queue: 0
[13:43:50.175] [DEBUG] [24424] [World.cpp:456] [Tetra::World::update] World stats - Loaded chunks: 1445, Deletion queue: 0, Add queue: 0
[13:43:50.177] [DEBUG] [24424] [World.cpp:456] [Tetra::World::update] World stats - Loaded chunks: 1445, Deletion queue: 0, Add queue: 0
[13:43:50.180] [DEBUG] [24424] [World.cpp:456] [Tetra::World::update] World stats - Loaded chunks: 1445, Deletion queue: 0, Add queue: 0
[13:43:50.182] [DEBUG] [24424] [World.cpp:456] [Tetra::World::update] World stats - Loaded chunks: 1445, Deletion queue: 0, Add queue: 0
[13:43:50.184] [DEBUG] [24424] [World.cpp:456] [Tetra::World::update] World stats - Loaded chunks: 1445, Deletion queue: 0, Add queue: 0
[13:43:50.185] [TRACE] [16056] [World.cpp:482] [Tetra::World::simplex] Allocated 8388608 bytes for FastNoiseSIMD
[13:43:50.186] [TRACE] [16056] [World.cpp:482] [Tetra::World::simplex] Allocated 65536 bytes for FastNoiseSIMD
[13:43:50.187] [DEBUG] [24424] [World.cpp:456] [Tetra::World::update] World stats - Loaded chunks: 1445, Deletion queue: 0, Add queue: 0
[13:43:50.189] [DEBUG] [24424] [World.cpp:456] [Tetra::World::update] World stats - Loaded chunks: 1445, Deletion queue: 0, Add queue: 0
[13:43:50.192] [DEBUG] [24424] [World.cpp:456] [Tetra::World::update] World stats - Loaded chunks: 1445, Deletion queue: 0, Add queue: 0
[13:43:50.192] [TRACE] [16056] [World.cpp:541] [Tetra::World::populate_chunk_pass_1] Deallocated 65536 bytes for FastNoiseSIMD
[13:43:50.192] [TRACE] [16056] [World.cpp:544] [Tetra::World::populate_chunk_pass_1] Deallocated 8388608 bytes for FastNoiseSIMD
[13:43:50.193] [TRACE] [16056] [World.cpp:547] [Tetra::World::populate_chunk_pass_1] Deallocated 65536 bytes for FastNoiseSIMD
[13:43:50.193] [TRACE] [16056] [World.cpp:550] [Tetra::World::populate_chunk_pass_1] Deallocated 65536 bytes for FastNoiseSIMD
[13:43:50.193] [TRACE] [16056] [World.cpp:553] [Tetra::World::populate_chunk_pass_1] Deallocated 65536 bytes for FastNoiseSIMD
[13:43:50.193] [TRACE] [16056] [World.cpp:556] [Tetra::World::populate_chunk_pass_1] Deallocated 65536 bytes for FastNoiseSIMD
[13:43:50.193] [DEBUG] [16056] [World.cpp:229] [Tetra::World::population_pass_1] Timer 'Population pass 1' completed in 97128 microseconds
[13:43:50.193] [DEBUG] [17860] [World.cpp:229] [Tetra::World::population_pass_1] Timer 'Population pass 1' started
[13:43:50.194] [TRACE] [17860] [World.cpp:482] [Tetra::World::simplex] Allocated 65536 bytes for FastNoiseSIMD
[13:43:50.194] [TRACE] [17860] [World.cpp:482] [Tetra::World::simplex] Allocated 65536 bytes for FastNoiseSIMD
[13:43:50.194] [TRACE] [17860] [World.cpp:482] [Tetra::World::simplex] Allocated 65536 bytes for FastNoiseSIMD
[13:43:50.194] [DEBUG] [24424] [World.cpp:456] [Tetra::World::update] World stats - Loaded chunks: 1445, Deletion queue: 0, Add queue: 0
[13:43:50.194] [TRACE] [17860] [World.cpp:482] [Tetra::World::simplex] Allocated 65536 bytes for FastNoiseSIMD
[13:43:50.197] [DEBUG] [24424] [World.cpp:456] [Tetra::World::update] World stats - Loaded chunks: 1445, Deletion queue: 0, Add queue: 0
[13:43:50.199] [DEBUG] [24424] [World.cpp:456] [Tetra::World::update] World stats - Loaded chunks: 1445, Deletion queue: 0, Add queue: 0
[13:43:50.201] [DEBUG] [24424] [World.cpp:456] [Tetra::World::update] World stats - Loaded chunks: 1445, Deletion queue: 0, Add queue: 0
[13:43:50.202] [TRACE] [28576] [World.cpp:482] [Tetra::World::simplex] Allocated 8388608 bytes for FastNoiseSIMD
[13:43:50.202] [TRACE] [28576] [World.cpp:482] [Tetra::World::simplex] Allocated 65536 bytes for FastNoiseSIMD
[13:43:50.204] [DEBUG] [24424] [World.cpp:456] [Tetra::World::update] World stats - Loaded chunks: 1445, Deletion queue: 0, Add queue: 0
[13:43:50.205] [TRACE] [24324] [World.cpp:482] [Tetra::World::simplex] Allocated 8388608 bytes for FastNoiseSIMD
[13:43:50.205] [TRACE] [24324] [World.cpp:482] [Tetra::World::simplex] Allocated 65536 bytes for FastNoiseSIMD
[13:43:50.206] [DEBUG] [24424] [World.cpp:456] [Tetra::World::update] World stats - Loaded chunks: 1445, Deletion queue: 0, Add queue: 0
[13:43:50.207] [TRACE] [28576] [World.cpp:541] [Tetra::World::populate_chunk_pass_1] Deallocated 65536 bytes for FastNoiseSIMD
[13:43:50.207] [TRACE] [28576] [World.cpp:544] [Tetra::World::populate_chunk_pass_1] Deallocated 8388608 bytes for FastNoiseSIMD
[13:43:50.208] [TRACE] [21892] [World.cpp:482] [Tetra::World::simplex] Allocated 8388608 bytes for FastNoiseSIMD
[13:43:50.208] [TRACE] [21892] [World.cpp:482] [Tetra::World::simplex] Allocated 65536 bytes for FastNoiseSIMD
[13:43:50.208] [TRACE] [28576] [World.cpp:547] [Tetra::World::populate_chunk_pass_1] Deallocated 65536 bytes for FastNoiseSIMD
[13:43:50.208] [TRACE] [28576] [World.cpp:550] [Tetra::World::populate_chunk_pass_1] Deallocated 65536 bytes for FastNoiseSIMD
[13:43:50.208] [TRACE] [28576] [World.cpp:553] [Tetra::World::populate_chunk_pass_1] Deallocated 65536 bytes for FastNoiseSIMD
[13:43:50.208] [TRACE] [28576] [World.cpp:556] [Tetra::World::populate_chunk_pass_1] Deallocated 65536 bytes for FastNoiseSIMD
[13:43:50.208] [DEBUG] [28576] [World.cpp:229] [Tetra::World::population_pass_1] Timer 'Population pass 1' completed in 105283 microseconds
[13:43:50.208] [DEBUG] [3828] [World.cpp:229] [Tetra::World::population_pass_1] Timer 'Population pass 1' started
[13:43:50.209] [DEBUG] [24424] [World.cpp:456] [Tetra::World::update] World stats - Loaded chunks: 1445, Deletion queue: 0, Add queue: 0
[13:43:50.209] [TRACE] [3828] [World.cpp:482] [Tetra::World::simplex] Allocated 65536 bytes for FastNoiseSIMD
[13:43:50.209] [TRACE] [3828] [World.cpp:482] [Tetra::World::simplex] Allocated 65536 bytes for FastNoiseSIMD
[13:43:50.210] [TRACE] [3828] [World.cpp:482] [Tetra::World::simplex] Allocated 65536 bytes for FastNoiseSIMD
[13:43:50.210] [TRACE] [3828] [World.cpp:482] [Tetra::World::simplex] Allocated 65536 bytes for FastNoiseSIMD
[13:43:50.210] [TRACE] [24324] [World.cpp:541] [Tetra::World::populate_chunk_pass_1] Deallocated 65536 bytes for FastNoiseSIMD
[13:43:50.210] [TRACE] [24324] [World.cpp:544] [Tetra::World::populate_chunk_pass_1] Deallocated 8388608 bytes for FastNoiseSIMD
[13:43:50.211] [TRACE] [24324] [World.cpp:547] [Tetra::World::populate_chunk_pass_1] Deallocated 65536 bytes for FastNoiseSIMD
[13:43:50.211] [TRACE] [24324] [World.cpp:550] [Tetra::World::populate_chunk_pass_1] Deallocated 65536 bytes for FastNoiseSIMD
[13:43:50.211] [TRACE] [24324] [World.cpp:553] [Tetra::World::populate_chunk_pass_1] Deallocated 65536 bytes for FastNoiseSIMD
[13:43:50.211] [TRACE] [24324] [World.cpp:556] [Tetra::World::populate_chunk_pass_1] Deallocated 65536 bytes for FastNoiseSIMD
[13:43:50.211] [DEBUG] [24324] [World.cpp:229] [Tetra::World::population_pass_1] Timer 'Population pass 1' completed in 97877 microseconds
[13:43:50.211] [DEBUG] [8552] [World.cpp:229] [Tetra::World::population_pass_1] Timer 'Population pass 1' started
[13:43:50.212] [DEBUG] [24424] [World.cpp:456] [Tetra::World::update] World stats - Loaded chunks: 1445, Deletion queue: 0, Add queue: 0
[13:43:50.212] [TRACE] [8552] [World.cpp:482] [Tetra::World::simplex] Allocated 65536 bytes for FastNoiseSIMD
[13:43:50.212] [TRACE] [8552] [World.cpp:482] [Tetra::World::simplex] Allocated 65536 bytes for FastNoiseSIMD
[13:43:50.212] [TRACE] [8552] [World.cpp:482] [Tetra::World::simplex] Allocated 65536 bytes for FastNoiseSIMD
[13:43:50.213] [TRACE] [8552] [World.cpp:482] [Tetra::World::simplex] Allocated 65536 bytes for FastNoiseSIMD
[13:43:50.213] [TRACE] [21892] [World.cpp:541] [Tetra::World::populate_chunk_pass_1] Deallocated 65536 bytes for FastNoiseSIMD
[13:43:50.213] [TRACE] [21892] [World.cpp:544] [Tetra::World::populate_chunk_pass_1] Deallocated 8388608 bytes for FastNoiseSIMD
[13:43:50.214] [TRACE] [21892] [World.cpp:547] [Tetra::World::populate_chunk_pass_1] Deallocated 65536 bytes for FastNoiseSIMD
[13:43:50.214] [TRACE] [21892] [World.cpp:550] [Tetra::World::populate_chunk_pass_1] Deallocated 65536 bytes for FastNoiseSIMD
[13:43:50.214] [TRACE] [21892] [World.cpp:553] [Tetra::World::populate_chunk_pass_1] Deallocated 65536 bytes for FastNoiseSIMD
[13:43:50.214] [TRACE] [21892] [World.cpp:556] [Tetra::World::populate_chunk_pass_1] Deallocated 65536 bytes for FastNoiseSIMD
[13:43:50.214] [DEBUG] [21892] [World.cpp:229] [Tetra::World::population_pass_1] Timer 'Population pass 1' completed in 105163 microseconds
[13:43:50.214] [DEBUG] [17492] [World.cpp:229] [Tetra::World::population_pass_1] Timer 'Population pass 1' started
[13:43:50.214] [DEBUG] [24424] [World.cpp:456] [Tetra::World::update] World stats - Loaded chunks: 1445, Deletion queue: 0, Add queue: 0
[13:43:50.215] [TRACE] [17492] [World.cpp:482] [Tetra::World::simplex] Allocated 65536 bytes for FastNoiseSIMD
[13:43:50.215] [TRACE] [17492] [World.cpp:482] [Tetra::World::simplex] Allocated 65536 bytes for FastNoiseSIMD
[13:43:50.215] [TRACE] [17492] [World.cpp:482] [Tetra::World::simplex] Allocated 65536 bytes for FastNoiseSIMD
[13:43:50.215] [TRACE] [17492] [World.cpp:482] [Tetra::World::simplex] Allocated 65536 bytes for FastNoiseSIMD
[13:43:50.217] [DEBUG] [24424] [World.cpp:456] [Tetra::World::update] World stats - Loaded chunks: 1445, Deletion queue: 0, Add queue: 0
[13:43:50.219] [DEBUG] [24424] [World.cpp:456] [Tetra::World::update] World stats - Loaded chunks: 1445, Deletion queue: 0, Add queue: 0
[13:43:50.222] [DEBUG] [24424] [World.cpp:456] [Tetra::World::update] World stats - Loaded chunks: 1445, Deletion queue: 0, Add queue: 0
[13:43:50.224] [DEBUG] [24424] [World.cpp:456] [Tetra::World::update] World stats - Loaded chunks: 1445, Deletion queue: 0, Add queue: 0
[13:43:50.227] [DEBUG] [24424] [World.cpp:456] [Tetra::World::update] World stats - Loaded chunks: 1445, Deletion queue: 0, Add queue: 0
[13:43:50.229] [DEBUG] [24424] [World.cpp:456] [Tetra::World::update] World stats - Loaded chunks: 1445, Deletion queue: 0, Add queue: 0
[13:43:50.232] [DEBUG] [24424] [World.cpp:456] [Tetra::World::update] World stats - Loaded chunks: 1445, Deletion queue: 0, Add queue: 0
[13:43:50.235] [DEBUG] [24424] [World.cpp:456] [Tetra::World::update] World stats - Loaded chunks: 1445, Deletion queue: 0, Add queue: 0
[13:43:50.237] [DEBUG] [24424] [World.cpp:456] [Tetra::World::update] World stats - Loaded chunks: 1445, Deletion queue: 0, Add queue: 0
[13:43:50.240] [DEBUG] [24424] [World.cpp:456] [Tetra::World::update] World stats - Loaded chunks: 1445, Deletion queue: 0, Add queue: 0
[13:43:50.243] [DEBUG] [24424] [World.cpp:456] [Tetra::World::update] World stats - Loaded chunks: 1445, Deletion queue: 0, Add queue: 0
[13:43:50.245] [DEBUG] [24424] [World.cpp:456] [Tetra::World::update] World stats - Loaded chunks: 1445, Deletion queue: 0, Add queue: 0
[13:43:50.248] [DEBUG] [24424] [World.cpp:456] [Tetra::World::update] World stats - Loaded chunks: 1445, Deletion queue: 0, Add queue: 0
[13:43:50.250] [DEBUG] [24424] [World.cpp:456] [Tetra::World::update] World stats - Loaded chunks: 1445, Deletion queue: 0, Add queue: 0
[13:43:50.253] [DEBUG] [24424] [World.cpp:456] [Tetra::World::update] World stats - Loaded chunks: 1445, Deletion queue: 0, Add queue: 0
[13:43:50.256] [DEBUG] [24424] [World.cpp:456] [Tetra::World::update] World stats - Loaded chunks: 1445, Deletion queue: 0, Add queue: 0
[13:43:50.258] [DEBUG] [24424] [World.cpp:456] [Tetra::World::update] World stats - Loaded chunks: 1445, Deletion queue: 0, Add queue: 0
[13:43:50.261] [DEBUG] [24424] [World.cpp:456] [Tetra::World::update] World stats - Loaded chunks: 1445, Deletion queue: 0, Add queue: 0
[13:43:50.263] [DEBUG] [24424] [World.cpp:456] [Tetra::World::update] World stats - Loaded chunks: 1445, Deletion queue: 0, Add queue: 0
[13:43:50.266] [DEBUG] [24424] [World.cpp:456] [Tetra::World::update] World stats - Loaded chunks: 1445, Deletion queue: 0, Add queue: 0
[13:43:50.269] [DEBUG] [24424] [World.cpp:456] [Tetra::World::update] World stats - Loaded chunks: 1445, Deletion queue: 0, Add queue: 0
[13:43:50.271] [DEBUG] [24424] [World.cpp:456] [Tetra::World::update] World stats - Loaded chunks: 1445, Deletion queue: 0, Add queue: 0
[13:43:50.274] [DEBUG] [24424] [World.cpp:456] [Tetra::World::update] World stats - Loaded chunks: 1445, Deletion queue: 0, Add queue: 0
[13:43:50.276] [DEBUG] [24424] [World.cpp:456] [Tetra::World::update] World stats - Loaded chunks: 1445, Deletion queue: 0, Add queue: 0
[13:43:50.279] [DEBUG] [24424] [World.cpp:456] [Tetra::World::update] World stats - Loaded chunks: 1445, Deletion queue: 0, Add queue: 0
[13:43:50.282] [DEBUG] [24424] [World.cpp:456] [Tetra::World::update] World stats - Loaded chunks: 1445, Deletion queue: 0, Add queue: 0
[13:43:50.282] [TRACE] [17860] [World.cpp:482] [Tetra::World::simplex] Allocated 8388608 bytes for FastNoiseSIMD
[13:43:50.283] [TRACE] [17860] [World.cpp:482] [Tetra::World::simplex] Allocated 65536 bytes for FastNoiseSIMD
[13:43:50.284] [DEBUG] [24424] [World.cpp:456] [Tetra::World::update] World stats - Loaded chunks: 1445, Deletion queue: 0, Add queue: 0
[13:43:50.287] [DEBUG] [24424] [World.cpp:456] [Tetra::World::update] World stats - Loaded chunks: 1445, Deletion queue: 0, Add queue: 0
[13:43:50.288] [TRACE] [17860] [World.cpp:541] [Tetra::World::populate_chunk_pass_1] Deallocated 65536 bytes for FastNoiseSIMD
[13:43:50.288] [TRACE] [17860] [World.cpp:544] [Tetra::World::populate_chunk_pass_1] Deallocated 8388608 bytes for FastNoiseSIMD
[13:43:50.289] [TRACE] [17860] [World.cpp:547] [Tetra::World::populate_chunk_pass_1] Deallocated 65536 bytes for FastNoiseSIMD
[13:43:50.289] [TRACE] [17860] [World.cpp:550] [Tetra::World::populate_chunk_pass_1] Deallocated 65536 bytes for FastNoiseSIMD
[13:43:50.289] [TRACE] [17860] [World.cpp:553] [Tetra::World::populate_chunk_pass_1] Deallocated 65536 bytes for FastNoiseSIMD
[13:43:50.289] [TRACE] [17860] [World.cpp:556] [Tetra::World::populate_chunk_pass_1] Deallocated 65536 bytes for FastNoiseSIMD
[13:43:50.289] [DEBUG] [17860] [World.cpp:229] [Tetra::World::population_pass_1] Timer 'Population pass 1' completed in 95958 microseconds
[13:43:50.289] [DEBUG] [25576] [World.cpp:229] [Tetra::World::population_pass_1] Timer 'Population pass 1' started
[13:43:50.290] [DEBUG] [24424] [World.cpp:456] [Tetra::World::update] World stats - Loaded chunks: 1445, Deletion queue: 0, Add queue: 0
[13:43:50.290] [TRACE] [25576] [World.cpp:482] [Tetra::World::simplex] Allocated 65536 bytes for FastNoiseSIMD
[13:43:50.290] [TRACE] [25576] [World.cpp:482] [Tetra::World::simplex] Allocated 65536 bytes for FastNoiseSIMD
[13:43:50.291] [TRACE] [25576] [World.cpp:482] [Tetra::World::simplex] Allocated 65536 bytes for FastNoiseSIMD
[13:43:50.291] [TRACE] [25576] [World.cpp:482] [Tetra::World::simplex] Allocated 65536 bytes for FastNoiseSIMD
[13:43:50.292] [DEBUG] [24424] [World.cpp:456] [Tetra::World::update] World stats - Loaded chunks: 1445, Deletion queue: 0, Add queue: 0
[13:43:50.295] [DEBUG] [24424] [World.cpp:456] [Tetra::World::update] World stats - Loaded chunks: 1445, Deletion queue: 0, Add queue: 0
[13:43:50.297] [DEBUG] [24424] [World.cpp:456] [Tetra::World::update] World stats - Loaded chunks: 1445, Deletion queue: 0, Add queue: 0
[13:43:50.300] [DEBUG] [24424] [World.cpp:456] [Tetra::World::update] World stats - Loaded chunks: 1445, Deletion queue: 0, Add queue: 0
[13:43:50.300] [TRACE] [8552] [World.cpp:482] [Tetra::World::simplex] Allocated 8388608 bytes for FastNoiseSIMD
[13:43:50.301] [TRACE] [8552] [World.cpp:482] [Tetra::World::simplex] Allocated 65536 bytes for FastNoiseSIMD
[13:43:50.302] [TRACE] [3828] [World.cpp:482] [Tetra::World::simplex] Allocated 8388608 bytes for FastNoiseSIMD
[13:43:50.302] [TRACE] [3828] [World.cpp:482] [Tetra::World::simplex] Allocated 65536 bytes for FastNoiseSIMD
[13:43:50.303] [DEBUG] [24424] [World.cpp:456] [Tetra::World::update] World stats - Loaded chunks: 1445, Deletion queue: 0, Add queue: 0
[13:43:50.304] [TRACE] [17492] [World.cpp:482] [Tetra::World::simplex] Allocated 8388608 bytes for FastNoiseSIMD
[13:43:50.304] [TRACE] [17492] [World.cpp:482] [Tetra::World::simplex] Allocated 65536 bytes for FastNoiseSIMD
[13:43:50.305] [DEBUG] [24424] [World.cpp:456] [Tetra::World::update] World stats - Loaded chunks: 1445, Deletion queue: 0, Add queue: 0
[13:43:50.307] [TRACE] [8552] [World.cpp:541] [Tetra::World::populate_chunk_pass_1] Deallocated 65536 bytes for FastNoiseSIMD
[13:43:50.307] [TRACE] [8552] [World.cpp:544] [Tetra::World::populate_chunk_pass_1] Deallocated 8388608 bytes for FastNoiseSIMD
[13:43:50.307] [TRACE] [8552] [World.cpp:547] [Tetra::World::populate_chunk_pass_1] Deallocated 65536 bytes for FastNoiseSIMD
[13:43:50.307] [TRACE] [8552] [World.cpp:550] [Tetra::World::populate_chunk_pass_1] Deallocated 65536 bytes for FastNoiseSIMD
[13:43:50.307] [TRACE] [8552] [World.cpp:553] [Tetra::World::populate_chunk_pass_1] Deallocated 65536 bytes for FastNoiseSIMD
[13:43:50.307] [TRACE] [8552] [World.cpp:556] [Tetra::World::populate_chunk_pass_1] Deallocated 65536 bytes for FastNoiseSIMD
[13:43:50.307] [DEBUG] [8552] [World.cpp:229] [Tetra::World::population_pass_1] Timer 'Population pass 1' completed in 95850 microseconds
[13:43:50.308] [DEBUG] [28332] [World.cpp:229] [Tetra::World::population_pass_1] Timer 'Population pass 1' started
[13:43:50.308] [DEBUG] [24424] [World.cpp:456] [Tetra::World::update] World stats - Loaded chunks: 1445, Deletion queue: 0, Add queue: 0
[13:43:50.308] [TRACE] [3828] [World.cpp:541] [Tetra::World::populate_chunk_pass_1] Deallocated 65536 bytes for FastNoiseSIMD
[13:43:50.308] [TRACE] [3828] [World.cpp:544] [Tetra::World::populate_chunk_pass_1] Deallocated 8388608 bytes for FastNoiseSIMD
[13:43:50.308] [TRACE] [28332] [World.cpp:482] [Tetra::World::simplex] Allocated 65536 bytes for FastNoiseSIMD
[13:43:50.308] [TRACE] [28332] [World.cpp:482] [Tetra::World::simplex] Allocated 65536 bytes for FastNoiseSIMD
[13:43:50.309] [TRACE] [28332] [World.cpp:482] [Tetra::World::simplex] Allocated 65536 bytes for FastNoiseSIMD
[13:43:50.309] [TRACE] [3828] [World.cpp:547] [Tetra::World::populate_chunk_pass_1] Deallocated 65536 bytes for FastNoiseSIMD
[13:43:50.309] [TRACE] [3828] [World.cpp:550] [Tetra::World::populate_chunk_pass_1] Deallocated 65536 bytes for FastNoiseSIMD
[13:43:50.309] [TRACE] [3828] [World.cpp:553] [Tetra::World::populate_chunk_pass_1] Deallocated 65536 bytes for FastNoiseSIMD
[13:43:50.309] [TRACE] [3828] [World.cpp:556] [Tetra::World::populate_chunk_pass_1] Deallocated 65536 bytes for FastNoiseSIMD
[13:43:50.309] [DEBUG] [3828] [World.cpp:229] [Tetra::World::population_pass_1] Timer 'Population pass 1' completed in 100265 microseconds
[13:43:50.309] [TRACE] [28332] [World.cpp:482] [Tetra::World::simplex] Allocated 65536 bytes for FastNoiseSIMD
[13:43:50.309] [DEBUG] [18052] [World.cpp:229] [Tetra::World::population_pass_1] Timer 'Population pass 1' started
[13:43:50.310] [TRACE] [17492] [World.cpp:541] [Tetra::World::populate_chunk_pass_1] Deallocated 65536 bytes for FastNoiseSIMD
[13:43:50.310] [TRACE] [17492] [World.cpp:544] [Tetra::World::populate_chunk_pass_1] Deallocated 8388608 bytes for FastNoiseSIMD
[13:43:50.310] [TRACE] [18052] [World.cpp:482] [Tetra::World::simplex] Allocated 65536 bytes for FastNoiseSIMD
[13:43:50.310] [TRACE] [18052] [World.cpp:482] [Tetra::World::simplex] Allocated 65536 bytes for FastNoiseSIMD
[13:43:50.310] [TRACE] [18052] [World.cpp:482] [Tetra::World::simplex] Allocated 65536 bytes for FastNoiseSIMD
[13:43:50.310] [TRACE] [17492] [World.cpp:547] [Tetra::World::populate_chunk_pass_1] Deallocated 65536 bytes for FastNoiseSIMD
[13:43:50.310] [TRACE] [17492] [World.cpp:550] [Tetra::World::populate_chunk_pass_1] Deallocated 65536 bytes for FastNoiseSIMD
[13:43:50.310] [TRACE] [17492] [World.cpp:553] [Tetra::World::populate_chunk_pass_1] Deallocated 65536 bytes for FastNoiseSIMD
[13:43:50.310] [TRACE] [17492] [World.cpp:556] [Tetra::World::populate_chunk_pass_1] Deallocated 65536 bytes for FastNoiseSIMD
[13:43:50.310] [DEBUG] [17492] [World.cpp:229] [Tetra::World::population_pass_1] Timer 'Population pass 1' completed in 96335 microseconds
[13:43:50.310] [TRACE] [18052] [World.cpp:482] [Tetra::World::simplex] Allocated 65536 bytes for FastNoiseSIMD
[13:43:50.310] [DEBUG] [23168] [World.cpp:229] [Tetra::World::population_pass_1] Timer 'Population pass 1' started
[13:43:50.311] [TRACE] [23168] [World.cpp:482] [Tetra::World::simplex] Allocated 65536 bytes for FastNoiseSIMD
[13:43:50.311] [DEBUG] [24424] [World.cpp:456] [Tetra::World::update] World stats - Loaded chunks: 1445, Deletion queue: 0, Add queue: 0
[13:43:50.311] [TRACE] [23168] [World.cpp:482] [Tetra::World::simplex] Allocated 65536 bytes for FastNoiseSIMD
[13:43:50.311] [TRACE] [23168] [World.cpp:482] [Tetra::World::simplex] Allocated 65536 bytes for FastNoiseSIMD
[13:43:50.312] [TRACE] [23168] [World.cpp:482] [Tetra::World::simplex] Allocated 65536 bytes for FastNoiseSIMD
[13:43:50.314] [DEBUG] [24424] [World.cpp:456] [Tetra::World::update] World stats - Loaded chunks: 1445, Deletion queue: 0, Add queue: 0
[13:43:50.317] [DEBUG] [24424] [World.cpp:456] [Tetra::World::update] World stats - Loaded chunks: 1445, Deletion queue: 0, Add queue: 0
[13:43:50.320] [DEBUG] [24424] [World.cpp:456] [Tetra::World::update] World stats - Loaded chunks: 1445, Deletion queue: 0, Add queue: 0
[13:43:50.323] [DEBUG] [24424] [World.cpp:456] [Tetra::World::update] World stats - Loaded chunks: 1445, Deletion queue: 0, Add queue: 0
[13:43:50.327] [DEBUG] [24424] [World.cpp:456] [Tetra::World::update] World stats - Loaded chunks: 1445, Deletion queue: 0, Add queue: 0
[13:43:50.330] [DEBUG] [24424] [World.cpp:456] [Tetra::World::update] World stats - Loaded chunks: 1445, Deletion queue: 0, Add queue: 0
[13:43:50.333] [DEBUG] [24424] [World.cpp:456] [Tetra::World::update] World stats - Loaded chunks: 1445, Deletion queue: 0, Add queue: 0
[13:43:50.336] [DEBUG] [24424] [World.cpp:456] [Tetra::World::update] World stats - Loaded chunks: 1445, Deletion queue: 0, Add queue: 0
[13:43:50.339] [DEBUG] [24424] [World.cpp:456] [Tetra::World::update] World stats - Loaded chunks: 1445, Deletion queue: 0, Add queue: 0
[13:43:50.343] [DEBUG] [24424] [World.cpp:456] [Tetra::World::update] World stats - Loaded chunks: 1445, Deletion queue: 0, Add queue: 0
[13:43:50.346] [DEBUG] [24424] [World.cpp:456] [Tetra::World::update] World stats - Loaded chunks: 1445, Deletion queue: 0, Add queue: 0
[13:43:50.349] [DEBUG] [24424] [World.cpp:456] [Tetra::World::update] World stats - Loaded chunks: 1445, Deletion queue: 0, Add queue: 0
[13:43:50.352] [DEBUG] [24424] [World.cpp:456] [Tetra::World::update] World stats - Loaded chunks: 1445, Deletion queue: 0, Add queue: 0
[13:43:50.356] [DEBUG] [24424] [World.cpp:456] [Tetra::World::update] World stats - Loaded chunks: 1445, Deletion queue: 0, Add queue: 0
[13:43:50.359] [DEBUG] [24424] [World.cpp:456] [Tetra::World::update] World stats - Loaded chunks: 1445, Deletion queue: 0, Add queue: 0
[13:43:50.362] [DEBUG] [24424] [World.cpp:456] [Tetra::World::update] World stats - Loaded chunks: 1445, Deletion queue: 0, Add queue: 0
[13:43:50.365] [DEBUG] [24424] [World.cpp:456] [Tetra::World::update] World stats - Loaded chunks: 1445, Deletion queue: 0, Add queue: 0
[13:43:50.369] [DEBUG] [24424] [World.cpp:456] [Tetra::World::update] World stats - Loaded chunks: 1445, Deletion queue: 0, Add queue: 0
[13:43:50.372] [DEBUG] [24424] [World.cpp:456] [Tetra::World::update] World stats - Loaded chunks: 1445, Deletion queue: 0, Add queue: 0
[13:43:50.376] [DEBUG] [24424] [World.cpp:456] [Tetra::World::update] World stats - Loaded chunks: 1445, Deletion queue: 0, Add queue: 0
[13:43:50.379] [DEBUG] [24424] [World.cpp:456] [Tetra::World::update] World stats - Loaded chunks: 1445, Deletion queue: 0, Add queue: 0
[13:43:50.379] [TRACE] [25576] [World.cpp:482] [Tetra::World::simplex] Allocated 8388608 bytes for FastNoiseSIMD
[13:43:50.379] [TRACE] [25576] [World.cpp:482] [Tetra::World::simplex] Allocated 65536 bytes for FastNoiseSIMD
[13:43:50.382] [DEBUG] [24424] [World.cpp:456] [Tetra::World::update] World stats - Loaded chunks: 1445, Deletion queue: 0, Add queue: 0
[13:43:50.385] [TRACE] [25576] [World.cpp:541] [Tetra::World::populate_chunk_pass_1] Deallocated 65536 bytes for FastNoiseSIMD
[13:43:50.385] [TRACE] [25576] [World.cpp:544] [Tetra::World::populate_chunk_pass_1] Deallocated 8388608 bytes for FastNoiseSIMD
[13:43:50.385] [DEBUG] [24424] [World.cpp:456] [Tetra::World::update] World stats - Loaded chunks: 1445, Deletion queue: 0, Add queue: 0
[13:43:50.386] [TRACE] [25576] [World.cpp:547] [Tetra::World::populate_chunk_pass_1] Deallocated 65536 bytes for FastNoiseSIMD
[13:43:50.386] [TRACE] [25576] [World.cpp:550] [Tetra::World::populate_chunk_pass_1] Deallocated 65536 bytes for FastNoiseSIMD
[13:43:50.386] [TRACE] [25576] [World.cpp:553] [Tetra::World::populate_chunk_pass_1] Deallocated 65536 bytes for FastNoiseSIMD
[13:43:50.386] [TRACE] [25576] [World.cpp:556] [Tetra::World::populate_chunk_pass_1] Deallocated 65536 bytes for FastNoiseSIMD
[13:43:50.386] [DEBUG] [25576] [World.cpp:229] [Tetra::World::population_pass_1] Timer 'Population pass 1' completed in 96453 microseconds
[13:43:50.386] [DEBUG] [27756] [World.cpp:229] [Tetra::World::population_pass_1] Timer 'Population pass 1' started
[13:43:50.387] [TRACE] [27756] [World.cpp:482] [Tetra::World::simplex] Allocated 65536 bytes for FastNoiseSIMD
[13:43:50.387] [TRACE] [27756] [World.cpp:482] [Tetra::World::simplex] Allocated 65536 bytes for FastNoiseSIMD
[13:43:50.387] [TRACE] [27756] [World.cpp:482] [Tetra::World::simplex] Allocated 65536 bytes for FastNoiseSIMD
[13:43:50.388] [TRACE] [27756] [World.cpp:482] [Tetra::World::simplex] Allocated 65536 bytes for FastNoiseSIMD
[13:43:50.391] [DEBUG] [24424] [World.cpp:456] [Tetra::World::update] World stats - Loaded chunks: 1445, Deletion queue: 0, Add queue: 0
[13:43:50.396] [DEBUG] [24424] [World.cpp:456] [Tetra::World::update] World stats - Loaded chunks: 1445, Deletion queue: 0, Add queue: 0
[13:43:50.397] [TRACE] [28332] [World.cpp:482] [Tetra::World::simplex] Allocated 8388608 bytes for FastNoiseSIMD
[13:43:50.397] [TRACE] [28332] [World.cpp:482] [Tetra::World::simplex] Allocated 65536 bytes for FastNoiseSIMD
[13:43:50.399] [TRACE] [18052] [World.cpp:482] [Tetra::World::simplex] Allocated 8388608 bytes for FastNoiseSIMD
[13:43:50.400] [TRACE] [18052] [World.cpp:482] [Tetra::World::simplex] Allocated 65536 bytes for FastNoiseSIMD
[13:43:50.400] [TRACE] [23168] [World.cpp:482] [Tetra::World::simplex] Allocated 8388608 bytes for FastNoiseSIMD
[13:43:50.400] [TRACE] [23168] [World.cpp:482] [Tetra::World::simplex] Allocated 65536 bytes for FastNoiseSIMD
[13:43:50.402] [DEBUG] [24424] [World.cpp:456] [Tetra::World::update] World stats - Loaded chunks: 1445, Deletion queue: 0, Add queue: 0
[13:43:50.403] [TRACE] [28332] [World.cpp:541] [Tetra::World::populate_chunk_pass_1] Deallocated 65536 bytes for FastNoiseSIMD
[13:43:50.403] [TRACE] [28332] [World.cpp:544] [Tetra::World::populate_chunk_pass_1] Deallocated 8388608 bytes for FastNoiseSIMD
[13:43:50.404] [TRACE] [28332] [World.cpp:547] [Tetra::World::populate_chunk_pass_1] Deallocated 65536 bytes for FastNoiseSIMD
[13:43:50.404] [TRACE] [28332] [World.cpp:550] [Tetra::World::populate_chunk_pass_1] Deallocated 65536 bytes for FastNoiseSIMD
[13:43:50.404] [TRACE] [28332] [World.cpp:553] [Tetra::World::populate_chunk_pass_1] Deallocated 65536 bytes for FastNoiseSIMD
[13:43:50.404] [TRACE] [28332] [World.cpp:556] [Tetra::World::populate_chunk_pass_1] Deallocated 65536 bytes for FastNoiseSIMD
[13:43:50.404] [DEBUG] [28332] [World.cpp:229] [Tetra::World::population_pass_1] Timer 'Population pass 1' completed in 96241 microseconds
[13:43:50.404] [TRACE] [10484] [World.cpp:482] [Tetra::World::simplex] Allocated 65536 bytes for FastNoiseSIMD
[13:43:50.405] [TRACE] [18052] [World.cpp:541] [Tetra::World::populate_chunk_pass_1] Deallocated 65536 bytes for FastNoiseSIMD
[13:43:50.405] [TRACE] [18052] [World.cpp:544] [Tetra::World::populate_chunk_pass_1] Deallocated 8388608 bytes for FastNoiseSIMD
[13:43:50.406] [TRACE] [18052] [World.cpp:547] [Tetra::World::populate_chunk_pass_1] Deallocated 65536 bytes for FastNoiseSIMD
[13:43:50.406] [TRACE] [18052] [World.cpp:550] [Tetra::World::populate_chunk_pass_1] Deallocated 65536 bytes for FastNoiseSIMD
[13:43:50.406] [TRACE] [18052] [World.cpp:553] [Tetra::World::populate_chunk_pass_1] Deallocated 65536 bytes for FastNoiseSIMD
[13:43:50.406] [TRACE] [18052] [World.cpp:556] [Tetra::World::populate_chunk_pass_1] Deallocated 65536 bytes for FastNoiseSIMD
[13:43:50.406] [DEBUG] [18052] [World.cpp:229] [Tetra::World::population_pass_1] Timer 'Population pass 1' completed in 96876 microseconds
[13:43:50.406] [TRACE] [23168] [World.cpp:541] [Tetra::World::populate_chunk_pass_1] Deallocated 65536 bytes for FastNoiseSIMD
[13:43:50.406] [TRACE] [23168] [World.cpp:544] [Tetra::World::populate_chunk_pass_1] Deallocated 8388608 bytes for FastNoiseSIMD
[13:43:50.406] [TRACE] [12432] [World.cpp:482] [Tetra::World::simplex] Allocated 65536 bytes for FastNoiseSIMD
[13:43:50.407] [TRACE] [23168] [World.cpp:547] [Tetra::World::populate_chunk_pass_1] Deallocated 65536 bytes for FastNoiseSIMD
[13:43:50.407] [TRACE] [23168] [World.cpp:550] [Tetra::World::populate_chunk_pass_1] Deallocated 65536 bytes for FastNoiseSIMD
[13:43:50.407] [TRACE] [23168] [World.cpp:553] [Tetra::World::populate_chunk_pass_1] Deallocated 65536 bytes for FastNoiseSIMD
[13:43:50.407] [TRACE] [23168] [World.cpp:556] [Tetra::World::populate_chunk_pass_1] Deallocated 65536 bytes for FastNoiseSIMD
[13:43:50.407] [DEBUG] [23168] [World.cpp:229] [Tetra::World::population_pass_1] Timer 'Population pass 1' completed in 96470 microseconds
[13:43:50.407] [TRACE] [28476] [World.cpp:482] [Tetra::World::simplex] Allocated 65536 bytes for FastNoiseSIMD
[13:43:50.408] [DEBUG] [24424] [World.cpp:456] [Tetra::World::update] World stats - Loaded chunks: 1445, Deletion queue: 0, Add queue: 0
[13:43:50.411] [TRACE] [12432] [World.cpp:718] [Tetra::World::populate_chunk_pass_2] Deallocated 65536 bytes for FastNoiseSIMD
[13:43:50.412] [TRACE] [20844] [World.cpp:482] [Tetra::World::simplex] Allocated 65536 bytes for FastNoiseSIMD
[13:43:50.415] [DEBUG] [24424] [World.cpp:456] [Tetra::World::update] World stats - Loaded chunks: 1445, Deletion queue: 0, Add queue: 0
[13:43:50.417] [TRACE] [20844] [World.cpp:718] [Tetra::World::populate_chunk_pass_2] Deallocated 65536 bytes for FastNoiseSIMD
[13:43:50.417] [TRACE] [18164] [World.cpp:482] [Tetra::World::simplex] Allocated 65536 bytes for FastNoiseSIMD
[13:43:50.423] [DEBUG] [24424] [World.cpp:456] [Tetra::World::update] World stats - Loaded chunks: 1445, Deletion queue: 0, Add queue: 0
[13:43:50.430] [DEBUG] [24424] [World.cpp:456] [Tetra::World::update] World stats - Loaded chunks: 1445, Deletion queue: 0, Add queue: 0
[13:43:50.438] [DEBUG] [24424] [World.cpp:456] [Tetra::World::update] World stats - Loaded chunks: 1445, Deletion queue: 0, Add queue: 0
[13:43:50.445] [DEBUG] [24424] [World.cpp:456] [Tetra::World::update] World stats - Loaded chunks: 1445, Deletion queue: 0, Add queue: 0
[13:43:50.453] [DEBUG] [24424] [World.cpp:456] [Tetra::World::update] World stats - Loaded chunks: 1445, Deletion queue: 0, Add queue: 0
[13:43:50.460] [DEBUG] [24424] [World.cpp:456] [Tetra::World::update] World stats - Loaded chunks: 1445, Deletion queue: 0, Add queue: 0
[13:43:50.468] [DEBUG] [24424] [World.cpp:456] [Tetra::World::update] World stats - Loaded chunks: 1445, Deletion queue: 0, Add queue: 0
[13:43:50.473] [TRACE] [27756] [World.cpp:482] [Tetra::World::simplex] Allocated 8388608 bytes for FastNoiseSIMD
[13:43:50.473] [TRACE] [27756] [World.cpp:482] [Tetra::World::simplex] Allocated 65536 bytes for FastNoiseSIMD
[13:43:50.475] [DEBUG] [24424] [World.cpp:456] [Tetra::World::update] World stats - Loaded chunks: 1445, Deletion queue: 0, Add queue: 0
[13:43:50.476] [TRACE] [28476] [World.cpp:718] [Tetra::World::populate_chunk_pass_2] Deallocated 65536 bytes for FastNoiseSIMD
[13:43:50.476] [TRACE] [704] [World.cpp:482] [Tetra::World::simplex] Allocated 65536 bytes for FastNoiseSIMD
[13:43:50.478] [TRACE] [27756] [World.cpp:541] [Tetra::World::populate_chunk_pass_1] Deallocated 65536 bytes for FastNoiseSIMD
[13:43:50.478] [TRACE] [27756] [World.cpp:544] [Tetra::World::populate_chunk_pass_1] Deallocated 8388608 bytes for FastNoiseSIMD
[13:43:50.479] [TRACE] [27756] [World.cpp:547] [Tetra::World::populate_chunk_pass_1] Deallocated 65536 bytes for FastNoiseSIMD
[13:43:50.479] [TRACE] [27756] [World.cpp:550] [Tetra::World::populate_chunk_pass_1] Deallocated 65536 bytes for FastNoiseSIMD
[13:43:50.479] [TRACE] [27756] [World.cpp:553] [Tetra::World::populate_chunk_pass_1] Deallocated 65536 bytes for FastNoiseSIMD
[13:43:50.479] [TRACE] [27756] [World.cpp:556] [Tetra::World::populate_chunk_pass_1] Deallocated 65536 bytes for FastNoiseSIMD
[13:43:50.479] [DEBUG] [27756] [World.cpp:229] [Tetra::World::population_pass_1] Timer 'Population pass 1' completed in 92970 microseconds
[13:43:50.480] [TRACE] [5828] [World.cpp:482] [Tetra::World::simplex] Allocated 65536 bytes for FastNoiseSIMD
[13:43:50.481] [TRACE] [704] [World.cpp:718] [Tetra::World::populate_chunk_pass_2] Deallocated 65536 bytes for FastNoiseSIMD
[13:43:50.482] [TRACE] [16844] [World.cpp:482] [Tetra::World::simplex] Allocated 65536 bytes for FastNoiseSIMD
[13:43:50.483] [DEBUG] [24424] [World.cpp:456] [Tetra::World::update] World stats - Loaded chunks: 1445, Deletion queue: 0, Add queue: 0
[13:43:50.485] [TRACE] [5828] [World.cpp:718] [Tetra::World::populate_chunk_pass_2] Deallocated 65536 bytes for FastNoiseSIMD
[13:43:50.486] [TRACE] [17776] [World.cpp:482] [Tetra::World::simplex] Allocated 65536 bytes for FastNoiseSIMD
[13:43:50.486] [TRACE] [16844] [World.cpp:718] [Tetra::World::populate_chunk_pass_2] Deallocated 65536 bytes for FastNoiseSIMD
[13:43:50.487] [TRACE] [17116] [World.cpp:482] [Tetra::World::simplex] Allocated 65536 bytes for FastNoiseSIMD
[13:43:50.492] [DEBUG] [24424] [World.cpp:456] [Tetra::World::update] World stats - Loaded chunks: 1445, Deletion queue: 0, Add queue: 0
[13:43:50.495] [TRACE] [17776] [World.cpp:718] [Tetra::World::populate_chunk_pass_2] Deallocated 65536 bytes for FastNoiseSIMD
[13:43:50.496] [TRACE] [3800] [World.cpp:482] [Tetra::World::simplex] Allocated 65536 bytes for FastNoiseSIMD
[13:43:50.499] [DEBUG] [24424] [World.cpp:456] [Tetra::World::update] World stats - Loaded chunks: 1445, Deletion queue: 0, Add queue: 0
[13:43:50.501] [TRACE] [3800] [World.cpp:718] [Tetra::World::populate_chunk_pass_2] Deallocated 65536 bytes for FastNoiseSIMD
[13:43:50.501] [TRACE] [27444] [World.cpp:482] [Tetra::World::simplex] Allocated 65536 bytes for FastNoiseSIMD
[13:43:50.505] [TRACE] [17116] [World.cpp:718] [Tetra::World::populate_chunk_pass_2] Deallocated 65536 bytes for FastNoiseSIMD
[13:43:50.505] [TRACE] [28248] [World.cpp:482] [Tetra::World::simplex] Allocated 65536 bytes for FastNoiseSIMD
[13:43:50.506] [DEBUG] [24424] [World.cpp:456] [Tetra::World::update] World stats - Loaded chunks: 1445, Deletion queue: 0, Add queue: 0
[13:43:50.514] [DEBUG] [24424] [World.cpp:456] [Tetra::World::update] World stats - Loaded chunks: 1445, Deletion queue: 0, Add queue: 0
[13:43:50.521] [DEBUG] [24424] [World.cpp:456] [Tetra::World::update] World stats - Loaded chunks: 1445, Deletion queue: 0, Add queue: 0
[13:43:50.529] [DEBUG] [24424] [World.cpp:456] [Tetra::World::update] World stats - Loaded chunks: 1445, Deletion queue: 0, Add queue: 0
[13:43:50.538] [DEBUG] [24424] [World.cpp:456] [Tetra::World::update] World stats - Loaded chunks: 1445, Deletion queue: 0, Add queue: 0
[13:43:50.545] [DEBUG] [24424] [World.cpp:456] [Tetra::World::update] World stats - Loaded chunks: 1445, Deletion queue: 0, Add queue: 0
[13:43:50.551] [TRACE] [10484] [World.cpp:718] [Tetra::World::populate_chunk_pass_2] Deallocated 65536 bytes for FastNoiseSIMD
[13:43:50.552] [TRACE] [18548] [World.cpp:482] [Tetra::World::simplex] Allocated 65536 bytes for FastNoiseSIMD
[13:43:50.553] [DEBUG] [24424] [World.cpp:456] [Tetra::World::update] World stats - Loaded chunks: 1445, Deletion queue: 0, Add queue: 0
[13:43:50.562] [DEBUG] [24424] [World.cpp:456] [Tetra::World::update] World stats - Loaded chunks: 1445, Deletion queue: 0, Add queue: 0
[13:43:50.568] [DEBUG] [24424] [World.cpp:456] [Tetra::World::update] World stats - Loaded chunks: 1445, Deletion queue: 0, Add queue: 0
[13:43:50.576] [DEBUG] [24424] [World.cpp:456] [Tetra::World::update] World stats - Loaded chunks: 1445, Deletion queue: 0, Add queue: 0
[13:43:50.582] [TRACE] [18548] [World.cpp:718] [Tetra::World::populate_chunk_pass_2] Deallocated 65536 bytes for FastNoiseSIMD
[13:43:50.582] [TRACE] [12544] [World.cpp:482] [Tetra::World::simplex] Allocated 65536 bytes for FastNoiseSIMD
[13:43:50.583] [DEBUG] [24424] [World.cpp:456] [Tetra::World::update] World stats - Loaded chunks: 1445, Deletion queue: 0, Add queue: 0
[13:43:50.590] [TRACE] [12544] [World.cpp:718] [Tetra::World::populate_chunk_pass_2] Deallocated 65536 bytes for FastNoiseSIMD
[13:43:50.590] [TRACE] [21140] [World.cpp:482] [Tetra::World::simplex] Allocated 65536 bytes for FastNoiseSIMD
[13:43:50.592] [DEBUG] [24424] [World.cpp:456] [Tetra::World::update] World stats - Loaded chunks: 1445, Deletion queue: 0, Add queue: 0
[13:43:50.595] [TRACE] [21140] [World.cpp:718] [Tetra::World::populate_chunk_pass_2] Deallocated 65536 bytes for FastNoiseSIMD
[13:43:50.595] [TRACE] [21520] [World.cpp:482] [Tetra::World::simplex] Allocated 65536 bytes for FastNoiseSIMD
[13:43:50.600] [TRACE] [21520] [World.cpp:718] [Tetra::World::populate_chunk_pass_2] Deallocated 65536 bytes for FastNoiseSIMD
[13:43:50.600] [TRACE] [18708] [World.cpp:482] [Tetra::World::simplex] Allocated 65536 bytes for FastNoiseSIMD
[13:43:50.601] [DEBUG] [24424] [World.cpp:456] [Tetra::World::update] World stats - Loaded chunks: 1445, Deletion queue: 0, Add queue: 0
[13:43:50.612] [DEBUG] [24424] [World.cpp:456] [Tetra::World::update] World stats - Loaded chunks: 1445, Deletion queue: 0, Add queue: 0
[13:43:50.616] [TRACE] [27444] [World.cpp:718] [Tetra::World::populate_chunk_pass_2] Deallocated 65536 bytes for FastNoiseSIMD
[13:43:50.616] [TRACE] [28248] [World.cpp:718] [Tetra::World::populate_chunk_pass_2] Deallocated 65536 bytes for FastNoiseSIMD
[13:43:50.616] [TRACE] [23228] [World.cpp:482] [Tetra::World::simplex] Allocated 65536 bytes for FastNoiseSIMD
[13:43:50.616] [TRACE] [24720] [World.cpp:482] [Tetra::World::simplex] Allocated 65536 bytes for FastNoiseSIMD
[13:43:50.621] [TRACE] [24720] [World.cpp:718] [Tetra::World::populate_chunk_pass_2] Deallocated 65536 bytes for FastNoiseSIMD
[13:43:50.622] [DEBUG] [24424] [World.cpp:456] [Tetra::World::update] World stats - Loaded chunks: 1445, Deletion queue: 0, Add queue: 0
[13:43:50.622] [TRACE] [17716] [World.cpp:482] [Tetra::World::simplex] Allocated 65536 bytes for FastNoiseSIMD
[13:43:50.622] [TRACE] [23228] [World.cpp:718] [Tetra::World::populate_chunk_pass_2] Deallocated 65536 bytes for FastNoiseSIMD
[13:43:50.622] [TRACE] [28632] [World.cpp:482] [Tetra::World::simplex] Allocated 65536 bytes for FastNoiseSIMD
[13:43:50.626] [TRACE] [17716] [World.cpp:718] [Tetra::World::populate_chunk_pass_2] Deallocated 65536 bytes for FastNoiseSIMD
[13:43:50.627] [TRACE] [25668] [World.cpp:482] [Tetra::World::simplex] Allocated 65536 bytes for FastNoiseSIMD
[13:43:50.628] [TRACE] [28632] [World.cpp:718] [Tetra::World::populate_chunk_pass_2] Deallocated 65536 bytes for FastNoiseSIMD
[13:43:50.628] [TRACE] [21824] [World.cpp:482] [Tetra::World::simplex] Allocated 65536 bytes for FastNoiseSIMD
[13:43:50.630] [DEBUG] [24424] [World.cpp:456] [Tetra::World::update] World stats - Loaded chunks: 1445, Deletion queue: 0, Add queue: 0
[13:43:50.631] [TRACE] [25668] [World.cpp:718] [Tetra::World::populate_chunk_pass_2] Deallocated 65536 bytes for FastNoiseSIMD
[13:43:50.632] [TRACE] [27092] [World.cpp:482] [Tetra::World::simplex] Allocated 65536 bytes for FastNoiseSIMD
[13:43:50.633] [TRACE] [18708] [World.cpp:718] [Tetra::World::populate_chunk_pass_2] Deallocated 65536 bytes for FastNoiseSIMD
[13:43:50.633] [TRACE] [18164] [World.cpp:718] [Tetra::World::populate_chunk_pass_2] Deallocated 65536 bytes for FastNoiseSIMD
[13:43:50.633] [TRACE] [11120] [World.cpp:482] [Tetra::World::simplex] Allocated 65536 bytes for FastNoiseSIMD
[13:43:50.633] [TRACE] [13320] [World.cpp:482] [Tetra::World::simplex] Allocated 65536 bytes for FastNoiseSIMD
[13:43:50.635] [TRACE] [21824] [World.cpp:718] [Tetra::World::populate_chunk_pass_2] Deallocated 65536 bytes for FastNoiseSIMD
[13:43:50.637] [TRACE] [25356] [World.cpp:482] [Tetra::World::simplex] Allocated 65536 bytes for FastNoiseSIMD
[13:43:50.637] [TRACE] [27092] [World.cpp:718] [Tetra::World::populate_chunk_pass_2] Deallocated 65536 bytes for FastNoiseSIMD
[13:43:50.638] [TRACE] [19680] [World.cpp:482] [Tetra::World::simplex] Allocated 65536 bytes for FastNoiseSIMD
[13:43:50.638] [TRACE] [13320] [World.cpp:718] [Tetra::World::populate_chunk_pass_2] Deallocated 65536 bytes for FastNoiseSIMD
[13:43:50.639] [DEBUG] [24424] [World.cpp:456] [Tetra::World::update] World stats - Loaded chunks: 1445, Deletion queue: 0, Add queue: 0
[13:43:50.639] [TRACE] [25792] [World.cpp:482] [Tetra::World::simplex] Allocated 65536 bytes for FastNoiseSIMD
[13:43:50.639] [TRACE] [11120] [World.cpp:718] [Tetra::World::populate_chunk_pass_2] Deallocated 65536 bytes for FastNoiseSIMD
[13:43:50.640] [TRACE] [20644] [World.cpp:482] [Tetra::World::simplex] Allocated 65536 bytes for FastNoiseSIMD
[13:43:50.642] [TRACE] [19680] [World.cpp:718] [Tetra::World::populate_chunk_pass_2] Deallocated 65536 bytes for FastNoiseSIMD
[13:43:50.642] [TRACE] [25356] [World.cpp:718] [Tetra::World::populate_chunk_pass_2] Deallocated 65536 bytes for FastNoiseSIMD
[13:43:50.643] [TRACE] [24820] [World.cpp:482] [Tetra::World::simplex] Allocated 65536 bytes for FastNoiseSIMD
[13:43:50.643] [TRACE] [12076] [World.cpp:482] [Tetra::World::simplex] Allocated 65536 bytes for FastNoiseSIMD
[13:43:50.644] [TRACE] [25792] [World.cpp:718] [Tetra::World::populate_chunk_pass_2] Deallocated 65536 bytes for FastNoiseSIMD
[13:43:50.644] [TRACE] [26264] [World.cpp:482] [Tetra::World::simplex] Allocated 65536 bytes for FastNoiseSIMD
[13:43:50.645] [TRACE] [20644] [World.cpp:718] [Tetra::World::populate_chunk_pass_2] Deallocated 65536 bytes for FastNoiseSIMD
[13:43:50.646] [TRACE] [10292] [World.cpp:482] [Tetra::World::simplex] Allocated 65536 bytes for FastNoiseSIMD
[13:43:50.647] [DEBUG] [24424] [World.cpp:456] [Tetra::World::update] World stats - Loaded chunks: 1445, Deletion queue: 0, Add queue: 0
[13:43:50.648] [TRACE] [24820] [World.cpp:718] [Tetra::World::populate_chunk_pass_2] Deallocated 65536 bytes for FastNoiseSIMD
[13:43:50.648] [TRACE] [27768] [World.cpp:482] [Tetra::World::simplex] Allocated 65536 bytes for FastNoiseSIMD
[13:43:50.649] [TRACE] [26264] [World.cpp:718] [Tetra::World::populate_chunk_pass_2] Deallocated 65536 bytes for FastNoiseSIMD
[13:43:50.649] [TRACE] [5772] [World.cpp:482] [Tetra::World::simplex] Allocated 65536 bytes for FastNoiseSIMD
[13:43:50.651] [TRACE] [10292] [World.cpp:718] [Tetra::World::populate_chunk_pass_2] Deallocated 65536 bytes for FastNoiseSIMD
[13:43:50.651] [TRACE] [26856] [World.cpp:482] [Tetra::World::simplex] Allocated 65536 bytes for FastNoiseSIMD
[13:43:50.653] [TRACE] [27768] [World.cpp:718] [Tetra::World::populate_chunk_pass_2] Deallocated 65536 bytes for FastNoiseSIMD
[13:43:50.653] [TRACE] [13784] [World.cpp:482] [Tetra::World::simplex] Allocated 65536 bytes for FastNoiseSIMD
[13:43:50.656] [DEBUG] [24424] [World.cpp:456] [Tetra::World::update] World stats - Loaded chunks: 1445, Deletion queue: 0, Add queue: 0
[13:43:50.657] [TRACE] [12076] [World.cpp:718] [Tetra::World::populate_chunk_pass_2] Deallocated 65536 bytes for FastNoiseSIMD
[13:43:50.658] [TRACE] [21244] [World.cpp:482] [Tetra::World::simplex] Allocated 65536 bytes for FastNoiseSIMD
[13:43:50.668] [DEBUG] [24424] [World.cpp:456] [Tetra::World::update] World stats - Loaded chunks: 1445, Deletion queue: 0, Add queue: 0
[13:43:50.681] [DEBUG] [24424] [World.cpp:456] [Tetra::World::update] World stats - Loaded chunks: 1445, Deletion queue: 0, Add queue: 0
[13:43:50.694] [DEBUG] [24424] [World.cpp:456] [Tetra::World::update] World stats - Loaded chunks: 1445, Deletion queue: 0, Add queue: 0
[13:43:50.701] [TRACE] [5772] [World.cpp:718] [Tetra::World::populate_chunk_pass_2] Deallocated 65536 bytes for FastNoiseSIMD
[13:43:50.701] [TRACE] [21244] [World.cpp:718] [Tetra::World::populate_chunk_pass_2] Deallocated 65536 bytes for FastNoiseSIMD
[13:43:50.701] [TRACE] [27748] [World.cpp:482] [Tetra::World::simplex] Allocated 65536 bytes for FastNoiseSIMD
[13:43:50.701] [TRACE] [16840] [World.cpp:482] [Tetra::World::simplex] Allocated 65536 bytes for FastNoiseSIMD
[13:43:50.706] [TRACE] [13784] [World.cpp:718] [Tetra::World::populate_chunk_pass_2] Deallocated 65536 bytes for FastNoiseSIMD
[13:43:50.706] [TRACE] [6240] [World.cpp:482] [Tetra::World::simplex] Allocated 65536 bytes for FastNoiseSIMD
[13:43:50.707] [DEBUG] [24424] [World.cpp:456] [Tetra::World::update] World stats - Loaded chunks: 1445, Deletion queue: 0, Add queue: 0
[13:43:50.711] [TRACE] [6240] [World.cpp:718] [Tetra::World::populate_chunk_pass_2] Deallocated 65536 bytes for FastNoiseSIMD
[13:43:50.711] [TRACE] [3720] [World.cpp:482] [Tetra::World::simplex] Allocated 65536 bytes for FastNoiseSIMD
[13:43:50.721] [DEBUG] [24424] [World.cpp:456] [Tetra::World::update] World stats - Loaded chunks: 1445, Deletion queue: 0, Add queue: 0
[13:43:50.734] [DEBUG] [24424] [World.cpp:456] [Tetra::World::update] World stats - Loaded chunks: 1445, Deletion queue: 0, Add queue: 0
[13:43:50.748] [DEBUG] [24424] [World.cpp:456] [Tetra::World::update] World stats - Loaded chunks: 1445, Deletion queue: 0, Add queue: 0
[13:43:50.762] [DEBUG] [24424] [World.cpp:456] [Tetra::World::update] World stats - Loaded chunks: 1445, Deletion queue: 0, Add queue: 0
[13:43:50.776] [DEBUG] [24424] [World.cpp:456] [Tetra::World::update] World stats - Loaded chunks: 1445, Deletion queue: 0, Add queue: 0
[13:43:50.789] [DEBUG] [24424] [World.cpp:456] [Tetra::World::update] World stats - Loaded chunks: 1445, Deletion queue: 0, Add queue: 0
[13:43:50.803] [DEBUG] [24424] [World.cpp:456] [Tetra::World::update] World stats - Loaded chunks: 1445, Deletion queue: 0, Add queue: 0
[13:43:50.817] [DEBUG] [24424] [World.cpp:456] [Tetra::World::update] World stats - Loaded chunks: 1445, Deletion queue: 0, Add queue: 0
[13:43:50.831] [DEBUG] [24424] [World.cpp:456] [Tetra::World::update] World stats - Loaded chunks: 1445, Deletion queue: 0, Add queue: 0
[13:43:50.845] [DEBUG] [24424] [World.cpp:456] [Tetra::World::update] World stats - Loaded chunks: 1445, Deletion queue: 0, Add queue: 0
[13:43:50.858] [DEBUG] [24424] [World.cpp:456] [Tetra::World::update] World stats - Loaded chunks: 1445, Deletion queue: 0, Add queue: 0
[13:43:50.872] [DEBUG] [24424] [World.cpp:456] [Tetra::World::update] World stats - Loaded chunks: 1445, Deletion queue: 0, Add queue: 0
[13:43:50.886] [DEBUG] [24424] [World.cpp:456] [Tetra::World::update] World stats - Loaded chunks: 1445, Deletion queue: 0, Add queue: 0
[13:43:50.900] [DEBUG] [24424] [World.cpp:456] [Tetra::World::update] World stats - Loaded chunks: 1445, Deletion queue: 0, Add queue: 0
[13:43:50.914] [DEBUG] [24424] [World.cpp:456] [Tetra::World::update] World stats - Loaded chunks: 1445, Deletion queue: 0, Add queue: 0
[13:43:50.929] [DEBUG] [24424] [World.cpp:456] [Tetra::World::update] World stats - Loaded chunks: 1445, Deletion queue: 0, Add queue: 0
[13:43:50.944] [DEBUG] [24424] [World.cpp:456] [Tetra::World::update] World stats - Loaded chunks: 1445, Deletion queue: 0, Add queue: 0
[13:43:50.958] [DEBUG] [24424] [World.cpp:456] [Tetra::World::update] World stats - Loaded chunks: 1445, Deletion queue: 0, Add queue: 0
[13:43:50.972] [DEBUG] [24424] [World.cpp:456] [Tetra::World::update] World stats - Loaded chunks: 1445, Deletion queue: 0, Add queue: 0
[13:43:50.986] [DEBUG] [24424] [World.cpp:456] [Tetra::World::update] World stats - Loaded chunks: 1445, Deletion queue: 0, Add queue: 0
[13:43:50.999] [DEBUG] [24424] [World.cpp:456] [Tetra::World::update] World stats - Loaded chunks: 1445, Deletion queue: 0, Add queue: 0
[13:43:51.014] [DEBUG] [24424] [World.cpp:456] [Tetra::World::update] World stats - Loaded chunks: 1445, Deletion queue: 0, Add queue: 0
[13:43:51.028] [DEBUG] [24424] [World.cpp:456] [Tetra::World::update] World stats - Loaded chunks: 1445, Deletion queue: 0, Add queue: 0
[13:43:51.041] [DEBUG] [24424] [World.cpp:456] [Tetra::World::update] World stats - Loaded chunks: 1445, Deletion queue: 0, Add queue: 0
[13:43:51.055] [DEBUG] [24424] [World.cpp:456] [Tetra::World::update] World stats - Loaded chunks: 1445, Deletion queue: 0, Add queue: 0
[13:43:51.069] [DEBUG] [24424] [World.cpp:456] [Tetra::World::update] World stats - Loaded chunks: 1445, Deletion queue: 0, Add queue: 0
[13:43:51.083] [DEBUG] [24424] [World.cpp:456] [Tetra::World::update] World stats - Loaded chunks: 1445, Deletion queue: 0, Add queue: 0
[13:43:51.097] [DEBUG] [24424] [World.cpp:456] [Tetra::World::update] World stats - Loaded chunks: 1445, Deletion queue: 0, Add queue: 0
[13:43:51.111] [DEBUG] [24424] [World.cpp:456] [Tetra::World::update] World stats - Loaded chunks: 1445, Deletion queue: 0, Add queue: 0
[13:43:51.125] [DEBUG] [24424] [World.cpp:456] [Tetra::World::update] World stats - Loaded chunks: 1445, Deletion queue: 0, Add queue: 0
[13:43:51.139] [DEBUG] [24424] [World.cpp:456] [Tetra::World::update] World stats - Loaded chunks: 1445, Deletion queue: 0, Add queue: 0
[13:43:51.157] [DEBUG] [24424] [World.cpp:456] [Tetra::World::update] World stats - Loaded chunks: 1445, Deletion queue: 0, Add queue: 0
[13:43:51.171] [DEBUG] [24424] [World.cpp:456] [Tetra::World::update] World stats - Loaded chunks: 1445, Deletion queue: 0, Add queue: 0
[13:43:51.184] [DEBUG] [24424] [World.cpp:456] [Tetra::World::update] World stats - Loaded chunks: 1445, Deletion queue: 0, Add queue: 0
[13:43:51.198] [DEBUG] [24424] [World.cpp:456] [Tetra::World::update] World stats - Loaded chunks: 1445, Deletion queue: 0, Add queue: 0
[13:43:51.211] [DEBUG] [24424] [World.cpp:456] [Tetra::World::update] World stats - Loaded chunks: 1445, Deletion queue: 0, Add queue: 0
[13:43:51.220] [TRACE] [26856] [World.cpp:718] [Tetra::World::populate_chunk_pass_2] Deallocated 65536 bytes for FastNoiseSIMD
[13:43:51.221] [INFO] [24424] [World.cpp:54] [Tetra::World::World] Initial world population completed
[13:43:51.221] [INFO] [24424] [Main.cpp:26] [WinMain] Entering main game loop
[13:43:51.221] [TRACE] [12120] [World.cpp:482] [Tetra::World::simplex] Allocated 65536 bytes for FastNoiseSIMD
[13:43:51.222] [TRACE] [3720] [World.cpp:718] [Tetra::World::populate_chunk_pass_2] Deallocated 65536 bytes for FastNoiseSIMD
[13:43:51.222] [DEBUG] [24424] [Renderer Core.cpp:161] [Oreginum::Renderer_Core::create_uniform_buffer] Skipping uniform buffer creation (no renderables)
[13:43:51.223] [TRACE] [16840] [World.cpp:718] [Tetra::World::populate_chunk_pass_2] Deallocated 65536 bytes for FastNoiseSIMD
[13:43:51.223] [TRACE] [27748] [World.cpp:718] [Tetra::World::populate_chunk_pass_2] Deallocated 65536 bytes for FastNoiseSIMD
[13:43:51.224] [DEBUG] [14716] [World.cpp:252] [Tetra::World::mesh_chunk] Timer 'Chunk mesh generation' started
[13:43:51.224] [DEBUG] [9008] [World.cpp:252] [Tetra::World::mesh_chunk] Timer 'Chunk mesh generation' started
[13:43:51.224] [DEBUG] [17412] [World.cpp:252] [Tetra::World::mesh_chunk] Timer 'Chunk mesh generation' started
[13:43:51.227] [TRACE] [12120] [World.cpp:718] [Tetra::World::populate_chunk_pass_2] Deallocated 65536 bytes for FastNoiseSIMD
[13:43:51.228] [DEBUG] [17172] [World.cpp:252] [Tetra::World::mesh_chunk] Timer 'Chunk mesh generation' started
[13:43:51.278] [DEBUG] [9008] [World.cpp:252] [Tetra::World::mesh_chunk] Timer 'Chunk mesh generation' completed in 54001 microseconds
[13:43:51.289] [DEBUG] [14716] [World.cpp:252] [Tetra::World::mesh_chunk] Timer 'Chunk mesh generation' completed in 64993 microseconds
[13:43:51.296] [DEBUG] [17172] [World.cpp:252] [Tetra::World::mesh_chunk] Timer 'Chunk mesh generation' completed in 68466 microseconds
[13:43:51.299] [DEBUG] [17412] [World.cpp:252] [Tetra::World::mesh_chunk] Timer 'Chunk mesh generation' completed in 74565 microseconds
[13:43:51.331] [DEBUG] [24424] [Renderer Core.cpp:130] [Oreginum::Renderer_Core::add] Added renderable (type: 0, id: 1), total renderables: 1
[13:43:51.331] [DEBUG] [24424] [Renderer Core.cpp:130] [Oreginum::Renderer_Core::add] Added renderable (type: 0, id: 2), total renderables: 2
[13:43:51.331] [DEBUG] [24424] [Renderer Core.cpp:130] [Oreginum::Renderer_Core::add] Added renderable (type: 0, id: 3), total renderables: 3
[13:43:51.331] [DEBUG] [24424] [Renderer Core.cpp:154] [Oreginum::Renderer_Core::create_uniform_buffer] Creating uniform buffer: 576 bytes for 3 renderables
[13:43:51.331] [DEBUG] [12276] [World.cpp:252] [Tetra::World::mesh_chunk] Timer 'Chunk mesh generation' started
[13:43:51.331] [DEBUG] [19244] [World.cpp:252] [Tetra::World::mesh_chunk] Timer 'Chunk mesh generation' started
[13:43:51.331] [DEBUG] [4668] [World.cpp:252] [Tetra::World::mesh_chunk] Timer 'Chunk mesh generation' started
[13:43:51.331] [DEBUG] [28416] [World.cpp:252] [Tetra::World::mesh_chunk] Timer 'Chunk mesh generation' started
[13:43:51.331] [DEBUG] [24424] [Renderer Core.cpp:157] [Oreginum::Renderer_Core::create_uniform_buffer] Uniform buffer created
[13:43:51.355] [DEBUG] [24424] [Renderer Core.cpp:130] [Oreginum::Renderer_Core::add] Added renderable (type: 0, id: 4), total renderables: 4
[13:43:51.355] [DEBUG] [24424] [Renderer Core.cpp:130] [Oreginum::Renderer_Core::add] Added renderable (type: 0, id: 5), total renderables: 5
[13:43:51.355] [DEBUG] [24424] [Renderer Core.cpp:130] [Oreginum::Renderer_Core::add] Added renderable (type: 0, id: 6), total renderables: 6
[13:43:51.355] [DEBUG] [24424] [Renderer Core.cpp:154] [Oreginum::Renderer_Core::create_uniform_buffer] Creating uniform buffer: 1152 bytes for 6 renderables
[13:43:51.356] [DEBUG] [24424] [Renderer Core.cpp:157] [Oreginum::Renderer_Core::create_uniform_buffer] Uniform buffer created
[13:43:51.383] [DEBUG] [19244] [World.cpp:252] [Tetra::World::mesh_chunk] Timer 'Chunk mesh generation' completed in 51499 microseconds
[13:43:51.389] [DEBUG] [28416] [World.cpp:252] [Tetra::World::mesh_chunk] Timer 'Chunk mesh generation' completed in 57610 microseconds
[13:43:51.390] [DEBUG] [12276] [World.cpp:252] [Tetra::World::mesh_chunk] Timer 'Chunk mesh generation' completed in 59126 microseconds
[13:43:51.392] [DEBUG] [4668] [World.cpp:252] [Tetra::World::mesh_chunk] Timer 'Chunk mesh generation' completed in 60665 microseconds
[13:43:51.395] [DEBUG] [24424] [Renderer Core.cpp:130] [Oreginum::Renderer_Core::add] Added renderable (type: 0, id: 7), total renderables: 7
[13:43:51.395] [DEBUG] [24424] [Renderer Core.cpp:130] [Oreginum::Renderer_Core::add] Added renderable (type: 0, id: 8), total renderables: 8
[13:43:51.395] [DEBUG] [24424] [Renderer Core.cpp:130] [Oreginum::Renderer_Core::add] Added renderable (type: 0, id: 9), total renderables: 9
[13:43:51.395] [DEBUG] [17392] [World.cpp:252] [Tetra::World::mesh_chunk] Timer 'Chunk mesh generation' started
[13:43:51.395] [DEBUG] [24424] [Renderer Core.cpp:154] [Oreginum::Renderer_Core::create_uniform_buffer] Creating uniform buffer: 1728 bytes for 9 renderables
[13:43:51.395] [DEBUG] [21568] [World.cpp:252] [Tetra::World::mesh_chunk] Timer 'Chunk mesh generation' started
[13:43:51.396] [DEBUG] [20084] [World.cpp:252] [Tetra::World::mesh_chunk] Timer 'Chunk mesh generation' started
[13:43:51.396] [DEBUG] [14320] [World.cpp:252] [Tetra::World::mesh_chunk] Timer 'Chunk mesh generation' started
[13:43:51.396] [DEBUG] [24424] [Renderer Core.cpp:157] [Oreginum::Renderer_Core::create_uniform_buffer] Uniform buffer created
[13:43:51.434] [DEBUG] [24424] [Renderer Core.cpp:130] [Oreginum::Renderer_Core::add] Added renderable (type: 0, id: 10), total renderables: 10
[13:43:51.434] [DEBUG] [24424] [Renderer Core.cpp:130] [Oreginum::Renderer_Core::add] Added renderable (type: 0, id: 11), total renderables: 11
[13:43:51.434] [DEBUG] [24424] [Renderer Core.cpp:130] [Oreginum::Renderer_Core::add] Added renderable (type: 0, id: 12), total renderables: 12
[13:43:51.434] [DEBUG] [24424] [Renderer Core.cpp:154] [Oreginum::Renderer_Core::create_uniform_buffer] Creating uniform buffer: 2304 bytes for 12 renderables
[13:43:51.435] [DEBUG] [24424] [Renderer Core.cpp:157] [Oreginum::Renderer_Core::create_uniform_buffer] Uniform buffer created
[13:43:51.466] [DEBUG] [24424] [Renderer Core.cpp:130] [Oreginum::Renderer_Core::add] Added renderable (type: 0, id: 13), total renderables: 13
[13:43:51.467] [DEBUG] [24424] [Renderer Core.cpp:154] [Oreginum::Renderer_Core::create_uniform_buffer] Creating uniform buffer: 2496 bytes for 13 renderables
[13:43:51.468] [DEBUG] [24424] [Renderer Core.cpp:157] [Oreginum::Renderer_Core::create_uniform_buffer] Uniform buffer created
[13:43:51.472] [DEBUG] [14320] [World.cpp:252] [Tetra::World::mesh_chunk] Timer 'Chunk mesh generation' completed in 76862 microseconds
[13:43:51.474] [DEBUG] [24424] [Renderer Core.cpp:130] [Oreginum::Renderer_Core::add] Added renderable (type: 0, id: 14), total renderables: 14
[13:43:51.475] [DEBUG] [23128] [World.cpp:252] [Tetra::World::mesh_chunk] Timer 'Chunk mesh generation' started
[13:43:51.475] [DEBUG] [24424] [Renderer Core.cpp:154] [Oreginum::Renderer_Core::create_uniform_buffer] Creating uniform buffer: 2688 bytes for 14 renderables
[13:43:51.476] [DEBUG] [24424] [Renderer Core.cpp:157] [Oreginum::Renderer_Core::create_uniform_buffer] Uniform buffer created
[13:43:51.479] [DEBUG] [17392] [World.cpp:252] [Tetra::World::mesh_chunk] Timer 'Chunk mesh generation' completed in 84201 microseconds
[13:43:51.482] [DEBUG] [24424] [Renderer Core.cpp:130] [Oreginum::Renderer_Core::add] Added renderable (type: 0, id: 15), total renderables: 15
[13:43:51.482] [DEBUG] [24424] [Renderer Core.cpp:154] [Oreginum::Renderer_Core::create_uniform_buffer] Creating uniform buffer: 2880 bytes for 15 renderables
[13:43:51.482] [DEBUG] [12224] [World.cpp:252] [Tetra::World::mesh_chunk] Timer 'Chunk mesh generation' started
[13:43:51.483] [DEBUG] [24424] [Renderer Core.cpp:157] [Oreginum::Renderer_Core::create_uniform_buffer] Uniform buffer created
[13:43:51.489] [DEBUG] [24424] [Renderer Core.cpp:130] [Oreginum::Renderer_Core::add] Added renderable (type: 0, id: 16), total renderables: 16
[13:43:51.490] [DEBUG] [24424] [Renderer Core.cpp:154] [Oreginum::Renderer_Core::create_uniform_buffer] Creating uniform buffer: 3072 bytes for 16 renderables
[13:43:51.490] [DEBUG] [24424] [Renderer Core.cpp:157] [Oreginum::Renderer_Core::create_uniform_buffer] Uniform buffer created
[13:43:51.497] [DEBUG] [24424] [Renderer Core.cpp:130] [Oreginum::Renderer_Core::add] Added renderable (type: 0, id: 17), total renderables: 17
[13:43:51.497] [DEBUG] [24424] [Renderer Core.cpp:130] [Oreginum::Renderer_Core::add] Added renderable (type: 0, id: 18), total renderables: 18
[13:43:51.497] [DEBUG] [24424] [Renderer Core.cpp:154] [Oreginum::Renderer_Core::create_uniform_buffer] Creating uniform buffer: 3456 bytes for 18 renderables
[13:43:51.498] [DEBUG] [24424] [Renderer Core.cpp:157] [Oreginum::Renderer_Core::create_uniform_buffer] Uniform buffer created
[13:43:51.500] [DEBUG] [21568] [World.cpp:252] [Tetra::World::mesh_chunk] Timer 'Chunk mesh generation' completed in 105079 microseconds
[13:43:51.504] [DEBUG] [20084] [World.cpp:252] [Tetra::World::mesh_chunk] Timer 'Chunk mesh generation' completed in 108166 microseconds
[13:43:51.505] [DEBUG] [24424] [Renderer Core.cpp:130] [Oreginum::Renderer_Core::add] Added renderable (type: 0, id: 19), total renderables: 19
[13:43:51.505] [DEBUG] [24424] [Renderer Core.cpp:130] [Oreginum::Renderer_Core::add] Added renderable (type: 0, id: 20), total renderables: 20
[13:43:51.505] [DEBUG] [24424] [Renderer Core.cpp:154] [Oreginum::Renderer_Core::create_uniform_buffer] Creating uniform buffer: 3840 bytes for 20 renderables
[13:43:51.505] [DEBUG] [9508] [World.cpp:252] [Tetra::World::mesh_chunk] Timer 'Chunk mesh generation' started
[13:43:51.506] [DEBUG] [10232] [World.cpp:252] [Tetra::World::mesh_chunk] Timer 'Chunk mesh generation' started
[13:43:51.506] [DEBUG] [24424] [Renderer Core.cpp:157] [Oreginum::Renderer_Core::create_uniform_buffer] Uniform buffer created
[13:43:51.517] [DEBUG] [24424] [Renderer Core.cpp:130] [Oreginum::Renderer_Core::add] Added renderable (type: 0, id: 21), total renderables: 21
[13:43:51.517] [DEBUG] [24424] [Renderer Core.cpp:130] [Oreginum::Renderer_Core::add] Added renderable (type: 0, id: 22), total renderables: 22
[13:43:51.517] [DEBUG] [24424] [Renderer Core.cpp:154] [Oreginum::Renderer_Core::create_uniform_buffer] Creating uniform buffer: 4224 bytes for 22 renderables
[13:43:51.518] [DEBUG] [24424] [Renderer Core.cpp:157] [Oreginum::Renderer_Core::create_uniform_buffer] Uniform buffer created
[13:43:51.532] [DEBUG] [24424] [Renderer Core.cpp:130] [Oreginum::Renderer_Core::add] Added renderable (type: 0, id: 23), total renderables: 23
[13:43:51.532] [DEBUG] [24424] [Renderer Core.cpp:130] [Oreginum::Renderer_Core::add] Added renderable (type: 0, id: 24), total renderables: 24
[13:43:51.532] [DEBUG] [24424] [Renderer Core.cpp:154] [Oreginum::Renderer_Core::create_uniform_buffer] Creating uniform buffer: 4608 bytes for 24 renderables
[13:43:51.533] [DEBUG] [24424] [Renderer Core.cpp:157] [Oreginum::Renderer_Core::create_uniform_buffer] Uniform buffer created
[13:43:51.551] [DEBUG] [23128] [World.cpp:252] [Tetra::World::mesh_chunk] Timer 'Chunk mesh generation' completed in 76024 microseconds
[13:43:51.558] [DEBUG] [12224] [World.cpp:252] [Tetra::World::mesh_chunk] Timer 'Chunk mesh generation' completed in 75817 microseconds
[13:43:51.561] [DEBUG] [10232] [World.cpp:252] [Tetra::World::mesh_chunk] Timer 'Chunk mesh generation' completed in 55787 microseconds
[13:43:51.562] [DEBUG] [9508] [World.cpp:252] [Tetra::World::mesh_chunk] Timer 'Chunk mesh generation' completed in 56417 microseconds
[13:43:51.586] [DEBUG] [24424] [Renderer Core.cpp:130] [Oreginum::Renderer_Core::add] Added renderable (type: 0, id: 25), total renderables: 25
[13:43:51.586] [DEBUG] [24424] [Renderer Core.cpp:130] [Oreginum::Renderer_Core::add] Added renderable (type: 0, id: 26), total renderables: 26
[13:43:51.586] [DEBUG] [24424] [Renderer Core.cpp:130] [Oreginum::Renderer_Core::add] Added renderable (type: 0, id: 27), total renderables: 27
[13:43:51.586] [DEBUG] [24424] [Renderer Core.cpp:154] [Oreginum::Renderer_Core::create_uniform_buffer] Creating uniform buffer: 5184 bytes for 27 renderables
[13:43:51.586] [DEBUG] [22428] [World.cpp:252] [Tetra::World::mesh_chunk] Timer 'Chunk mesh generation' started
[13:43:51.586] [DEBUG] [17288] [World.cpp:252] [Tetra::World::mesh_chunk] Timer 'Chunk mesh generation' started
[13:43:51.586] [DEBUG] [6092] [World.cpp:252] [Tetra::World::mesh_chunk] Timer 'Chunk mesh generation' started
[13:43:51.586] [DEBUG] [28032] [World.cpp:252] [Tetra::World::mesh_chunk] Timer 'Chunk mesh generation' started
[13:43:51.587] [DEBUG] [24424] [Renderer Core.cpp:157] [Oreginum::Renderer_Core::create_uniform_buffer] Uniform buffer created
[13:43:51.600] [DEBUG] [24424] [Renderer Core.cpp:130] [Oreginum::Renderer_Core::add] Added renderable (type: 0, id: 28), total renderables: 28
[13:43:51.600] [DEBUG] [24424] [Renderer Core.cpp:130] [Oreginum::Renderer_Core::add] Added renderable (type: 0, id: 29), total renderables: 29
[13:43:51.600] [DEBUG] [24424] [Renderer Core.cpp:154] [Oreginum::Renderer_Core::create_uniform_buffer] Creating uniform buffer: 5568 bytes for 29 renderables
[13:43:51.601] [DEBUG] [24424] [Renderer Core.cpp:157] [Oreginum::Renderer_Core::create_uniform_buffer] Uniform buffer created
[13:43:51.615] [DEBUG] [24424] [Renderer Core.cpp:130] [Oreginum::Renderer_Core::add] Added renderable (type: 0, id: 30), total renderables: 30
[13:43:51.615] [DEBUG] [24424] [Renderer Core.cpp:130] [Oreginum::Renderer_Core::add] Added renderable (type: 0, id: 31), total renderables: 31
[13:43:51.615] [DEBUG] [24424] [Renderer Core.cpp:130] [Oreginum::Renderer_Core::add] Added renderable (type: 0, id: 32), total renderables: 32
[13:43:51.615] [DEBUG] [24424] [Renderer Core.cpp:154] [Oreginum::Renderer_Core::create_uniform_buffer] Creating uniform buffer: 6144 bytes for 32 renderables
[13:43:51.615] [DEBUG] [24424] [Renderer Core.cpp:157] [Oreginum::Renderer_Core::create_uniform_buffer] Uniform buffer created
[13:43:51.630] [DEBUG] [24424] [Renderer Core.cpp:130] [Oreginum::Renderer_Core::add] Added renderable (type: 0, id: 33), total renderables: 33
[13:43:51.631] [DEBUG] [24424] [Renderer Core.cpp:130] [Oreginum::Renderer_Core::add] Added renderable (type: 0, id: 34), total renderables: 34
[13:43:51.631] [DEBUG] [24424] [Renderer Core.cpp:154] [Oreginum::Renderer_Core::create_uniform_buffer] Creating uniform buffer: 6528 bytes for 34 renderables
[13:43:51.631] [DEBUG] [24424] [Renderer Core.cpp:157] [Oreginum::Renderer_Core::create_uniform_buffer] Uniform buffer created
[13:43:51.642] [DEBUG] [6092] [World.cpp:252] [Tetra::World::mesh_chunk] Timer 'Chunk mesh generation' completed in 55808 microseconds
[13:43:51.643] [DEBUG] [22428] [World.cpp:252] [Tetra::World::mesh_chunk] Timer 'Chunk mesh generation' completed in 57470 microseconds
[13:43:51.646] [DEBUG] [17288] [World.cpp:252] [Tetra::World::mesh_chunk] Timer 'Chunk mesh generation' completed in 60325 microseconds
[13:43:51.648] [DEBUG] [28032] [World.cpp:252] [Tetra::World::mesh_chunk] Timer 'Chunk mesh generation' completed in 62061 microseconds
[13:43:51.663] [DEBUG] [24424] [Renderer Core.cpp:130] [Oreginum::Renderer_Core::add] Added renderable (type: 0, id: 35), total renderables: 35
[13:43:51.663] [DEBUG] [17136] [World.cpp:252] [Tetra::World::mesh_chunk] Timer 'Chunk mesh generation' started
[13:43:51.663] [DEBUG] [24424] [Renderer Core.cpp:154] [Oreginum::Renderer_Core::create_uniform_buffer] Creating uniform buffer: 6720 bytes for 35 renderables
[13:43:51.663] [DEBUG] [17752] [World.cpp:252] [Tetra::World::mesh_chunk] Timer 'Chunk mesh generation' started
[13:43:51.663] [DEBUG] [17800] [World.cpp:252] [Tetra::World::mesh_chunk] Timer 'Chunk mesh generation' started
[13:43:51.663] [DEBUG] [12576] [World.cpp:252] [Tetra::World::mesh_chunk] Timer 'Chunk mesh generation' started
[13:43:51.664] [DEBUG] [24424] [Renderer Core.cpp:157] [Oreginum::Renderer_Core::create_uniform_buffer] Uniform buffer created
[13:43:51.678] [DEBUG] [24424] [Renderer Core.cpp:130] [Oreginum::Renderer_Core::add] Added renderable (type: 0, id: 36), total renderables: 36
[13:43:51.679] [DEBUG] [24424] [Renderer Core.cpp:154] [Oreginum::Renderer_Core::create_uniform_buffer] Creating uniform buffer: 6912 bytes for 36 renderables
[13:43:51.679] [DEBUG] [24424] [Renderer Core.cpp:157] [Oreginum::Renderer_Core::create_uniform_buffer] Uniform buffer created
[13:43:51.695] [DEBUG] [24424] [Renderer Core.cpp:130] [Oreginum::Renderer_Core::add] Added renderable (type: 0, id: 37), total renderables: 37
[13:43:51.695] [DEBUG] [24424] [Renderer Core.cpp:154] [Oreginum::Renderer_Core::create_uniform_buffer] Creating uniform buffer: 7104 bytes for 37 renderables
[13:43:51.696] [DEBUG] [24424] [Renderer Core.cpp:157] [Oreginum::Renderer_Core::create_uniform_buffer] Uniform buffer created
[13:43:51.710] [DEBUG] [17800] [World.cpp:252] [Tetra::World::mesh_chunk] Timer 'Chunk mesh generation' completed in 46166 microseconds
[13:43:51.712] [DEBUG] [24424] [Renderer Core.cpp:130] [Oreginum::Renderer_Core::add] Added renderable (type: 0, id: 38), total renderables: 38
[13:43:51.712] [DEBUG] [24424] [Renderer Core.cpp:154] [Oreginum::Renderer_Core::create_uniform_buffer] Creating uniform buffer: 7296 bytes for 38 renderables
[13:43:51.712] [DEBUG] [18556] [World.cpp:252] [Tetra::World::mesh_chunk] Timer 'Chunk mesh generation' started
[13:43:51.713] [DEBUG] [24424] [Renderer Core.cpp:157] [Oreginum::Renderer_Core::create_uniform_buffer] Uniform buffer created
[13:43:51.713] [DEBUG] [17136] [World.cpp:252] [Tetra::World::mesh_chunk] Timer 'Chunk mesh generation' completed in 50172 microseconds
[13:43:51.725] [DEBUG] [12576] [World.cpp:252] [Tetra::World::mesh_chunk] Timer 'Chunk mesh generation' completed in 61973 microseconds
[13:43:51.729] [DEBUG] [24424] [Renderer Core.cpp:130] [Oreginum::Renderer_Core::add] Added renderable (type: 0, id: 39), total renderables: 39
[13:43:51.729] [DEBUG] [24424] [Renderer Core.cpp:154] [Oreginum::Renderer_Core::create_uniform_buffer] Creating uniform buffer: 7488 bytes for 39 renderables
[13:43:51.729] [DEBUG] [17752] [World.cpp:252] [Tetra::World::mesh_chunk] Timer 'Chunk mesh generation' completed in 65510 microseconds
[13:43:51.729] [DEBUG] [15032] [World.cpp:252] [Tetra::World::mesh_chunk] Timer 'Chunk mesh generation' started
[13:43:51.729] [DEBUG] [18560] [World.cpp:252] [Tetra::World::mesh_chunk] Timer 'Chunk mesh generation' started
[13:43:51.730] [DEBUG] [24424] [Renderer Core.cpp:157] [Oreginum::Renderer_Core::create_uniform_buffer] Uniform buffer created
[13:43:51.745] [DEBUG] [24424] [Renderer Core.cpp:130] [Oreginum::Renderer_Core::add] Added renderable (type: 0, id: 40), total renderables: 40
[13:43:51.746] [DEBUG] [24424] [Renderer Core.cpp:154] [Oreginum::Renderer_Core::create_uniform_buffer] Creating uniform buffer: 7680 bytes for 40 renderables
[13:43:51.746] [DEBUG] [2728] [World.cpp:252] [Tetra::World::mesh_chunk] Timer 'Chunk mesh generation' started
[13:43:51.746] [DEBUG] [24424] [Renderer Core.cpp:157] [Oreginum::Renderer_Core::create_uniform_buffer] Uniform buffer created
[13:43:51.762] [DEBUG] [24424] [Renderer Core.cpp:130] [Oreginum::Renderer_Core::add] Added renderable (type: 0, id: 41), total renderables: 41
[13:43:51.763] [DEBUG] [24424] [Renderer Core.cpp:154] [Oreginum::Renderer_Core::create_uniform_buffer] Creating uniform buffer: 7872 bytes for 41 renderables
[13:43:51.764] [DEBUG] [24424] [Renderer Core.cpp:157] [Oreginum::Renderer_Core::create_uniform_buffer] Uniform buffer created
[13:43:51.779] [DEBUG] [24424] [Renderer Core.cpp:130] [Oreginum::Renderer_Core::add] Added renderable (type: 0, id: 42), total renderables: 42
[13:43:51.779] [DEBUG] [24424] [Renderer Core.cpp:154] [Oreginum::Renderer_Core::create_uniform_buffer] Creating uniform buffer: 8064 bytes for 42 renderables
[13:43:51.780] [DEBUG] [24424] [Renderer Core.cpp:157] [Oreginum::Renderer_Core::create_uniform_buffer] Uniform buffer created
[13:43:51.793] [DEBUG] [18556] [World.cpp:252] [Tetra::World::mesh_chunk] Timer 'Chunk mesh generation' completed in 80931 microseconds
[13:43:51.802] [DEBUG] [15032] [World.cpp:252] [Tetra::World::mesh_chunk] Timer 'Chunk mesh generation' completed in 73180 microseconds
[13:43:51.817] [DEBUG] [24424] [Renderer Core.cpp:130] [Oreginum::Renderer_Core::add] Added renderable (type: 0, id: 43), total renderables: 43
[13:43:51.817] [DEBUG] [24424] [Renderer Core.cpp:130] [Oreginum::Renderer_Core::add] Added renderable (type: 0, id: 44), total renderables: 44
[13:43:51.817] [DEBUG] [24424] [Renderer Core.cpp:154] [Oreginum::Renderer_Core::create_uniform_buffer] Creating uniform buffer: 8448 bytes for 44 renderables
[13:43:51.817] [DEBUG] [7452] [World.cpp:252] [Tetra::World::mesh_chunk] Timer 'Chunk mesh generation' started
[13:43:51.817] [DEBUG] [23692] [World.cpp:252] [Tetra::World::mesh_chunk] Timer 'Chunk mesh generation' started
[13:43:51.818] [DEBUG] [24424] [Renderer Core.cpp:157] [Oreginum::Renderer_Core::create_uniform_buffer] Uniform buffer created
[13:43:51.820] [DEBUG] [2728] [World.cpp:252] [Tetra::World::mesh_chunk] Timer 'Chunk mesh generation' completed in 74544 microseconds
[13:43:51.821] [DEBUG] [18560] [World.cpp:252] [Tetra::World::mesh_chunk] Timer 'Chunk mesh generation' completed in 92371 microseconds
[13:43:51.829] [DEBUG] [24424] [Renderer Core.cpp:130] [Oreginum::Renderer_Core::add] Added renderable (type: 0, id: 45), total renderables: 45
[13:43:51.829] [DEBUG] [24424] [Renderer Core.cpp:154] [Oreginum::Renderer_Core::create_uniform_buffer] Creating uniform buffer: 8640 bytes for 45 renderables
[13:43:51.829] [DEBUG] [24348] [World.cpp:252] [Tetra::World::mesh_chunk] Timer 'Chunk mesh generation' started
[13:43:51.829] [DEBUG] [25292] [World.cpp:252] [Tetra::World::mesh_chunk] Timer 'Chunk mesh generation' started
[13:43:51.830] [DEBUG] [24424] [Renderer Core.cpp:157] [Oreginum::Renderer_Core::create_uniform_buffer] Uniform buffer created
[13:43:51.846] [DEBUG] [24424] [Renderer Core.cpp:130] [Oreginum::Renderer_Core::add] Added renderable (type: 0, id: 46), total renderables: 46
[13:43:51.846] [DEBUG] [24424] [Renderer Core.cpp:130] [Oreginum::Renderer_Core::add] Added renderable (type: 0, id: 47), total renderables: 47
[13:43:51.847] [DEBUG] [24424] [Renderer Core.cpp:154] [Oreginum::Renderer_Core::create_uniform_buffer] Creating uniform buffer: 9024 bytes for 47 renderables
[13:43:51.847] [DEBUG] [24424] [Renderer Core.cpp:157] [Oreginum::Renderer_Core::create_uniform_buffer] Uniform buffer created
[13:43:51.868] [DEBUG] [24424] [Renderer Core.cpp:130] [Oreginum::Renderer_Core::add] Added renderable (type: 0, id: 48), total renderables: 48
[13:43:51.868] [DEBUG] [24424] [Renderer Core.cpp:130] [Oreginum::Renderer_Core::add] Added renderable (type: 0, id: 49), total renderables: 49
[13:43:51.868] [DEBUG] [24424] [Renderer Core.cpp:154] [Oreginum::Renderer_Core::create_uniform_buffer] Creating uniform buffer: 9408 bytes for 49 renderables
[13:43:51.869] [DEBUG] [24424] [Renderer Core.cpp:157] [Oreginum::Renderer_Core::create_uniform_buffer] Uniform buffer created
[13:43:51.874] [DEBUG] [23692] [World.cpp:252] [Tetra::World::mesh_chunk] Timer 'Chunk mesh generation' completed in 57149 microseconds
[13:43:51.879] [DEBUG] [25292] [World.cpp:252] [Tetra::World::mesh_chunk] Timer 'Chunk mesh generation' completed in 49909 microseconds
[13:43:51.880] [DEBUG] [7452] [World.cpp:252] [Tetra::World::mesh_chunk] Timer 'Chunk mesh generation' completed in 62380 microseconds
[13:43:51.889] [DEBUG] [24348] [World.cpp:252] [Tetra::World::mesh_chunk] Timer 'Chunk mesh generation' completed in 59947 microseconds
[13:43:51.896] [DEBUG] [24424] [Renderer Core.cpp:130] [Oreginum::Renderer_Core::add] Added renderable (type: 0, id: 50), total renderables: 50
[13:43:51.896] [DEBUG] [26780] [World.cpp:252] [Tetra::World::mesh_chunk] Timer 'Chunk mesh generation' started
[13:43:51.896] [DEBUG] [24424] [Renderer Core.cpp:154] [Oreginum::Renderer_Core::create_uniform_buffer] Creating uniform buffer: 9600 bytes for 50 renderables
[13:43:51.896] [DEBUG] [8272] [World.cpp:252] [Tetra::World::mesh_chunk] Timer 'Chunk mesh generation' started
[13:43:51.896] [DEBUG] [6712] [World.cpp:252] [Tetra::World::mesh_chunk] Timer 'Chunk mesh generation' started
[13:43:51.897] [DEBUG] [10060] [World.cpp:252] [Tetra::World::mesh_chunk] Timer 'Chunk mesh generation' started
[13:43:51.897] [DEBUG] [24424] [Renderer Core.cpp:157] [Oreginum::Renderer_Core::create_uniform_buffer] Uniform buffer created
[13:43:51.912] [DEBUG] [24424] [Renderer Core.cpp:130] [Oreginum::Renderer_Core::add] Added renderable (type: 0, id: 51), total renderables: 51
[13:43:51.912] [DEBUG] [24424] [Renderer Core.cpp:154] [Oreginum::Renderer_Core::create_uniform_buffer] Creating uniform buffer: 9792 bytes for 51 renderables
[13:43:51.913] [DEBUG] [24424] [Renderer Core.cpp:157] [Oreginum::Renderer_Core::create_uniform_buffer] Uniform buffer created
[13:43:51.932] [DEBUG] [24424] [Renderer Core.cpp:130] [Oreginum::Renderer_Core::add] Added renderable (type: 0, id: 52), total renderables: 52
[13:43:51.932] [DEBUG] [24424] [Renderer Core.cpp:130] [Oreginum::Renderer_Core::add] Added renderable (type: 0, id: 53), total renderables: 53
[13:43:51.932] [DEBUG] [24424] [Renderer Core.cpp:130] [Oreginum::Renderer_Core::add] Added renderable (type: 0, id: 54), total renderables: 54
[13:43:51.932] [DEBUG] [24424] [Renderer Core.cpp:154] [Oreginum::Renderer_Core::create_uniform_buffer] Creating uniform buffer: 10368 bytes for 54 renderables
[13:43:51.933] [DEBUG] [24424] [Renderer Core.cpp:157] [Oreginum::Renderer_Core::create_uniform_buffer] Uniform buffer created
[13:43:51.944] [DEBUG] [26780] [World.cpp:252] [Tetra::World::mesh_chunk] Timer 'Chunk mesh generation' completed in 47492 microseconds
[13:43:51.946] [DEBUG] [24424] [Renderer Core.cpp:130] [Oreginum::Renderer_Core::add] Added renderable (type: 0, id: 55), total renderables: 55
[13:43:51.946] [DEBUG] [24424] [Renderer Core.cpp:154] [Oreginum::Renderer_Core::create_uniform_buffer] Creating uniform buffer: 10560 bytes for 55 renderables
[13:43:51.946] [DEBUG] [8276] [World.cpp:252] [Tetra::World::mesh_chunk] Timer 'Chunk mesh generation' started
[13:43:51.946] [DEBUG] [24424] [Renderer Core.cpp:157] [Oreginum::Renderer_Core::create_uniform_buffer] Uniform buffer created
[13:43:51.951] [DEBUG] [10060] [World.cpp:252] [Tetra::World::mesh_chunk] Timer 'Chunk mesh generation' completed in 54269 microseconds
[13:43:51.962] [DEBUG] [24424] [Renderer Core.cpp:130] [Oreginum::Renderer_Core::add] Added renderable (type: 0, id: 56), total renderables: 56
[13:43:51.963] [DEBUG] [24424] [Renderer Core.cpp:154] [Oreginum::Renderer_Core::create_uniform_buffer] Creating uniform buffer: 10752 bytes for 56 renderables
[13:43:51.963] [DEBUG] [28292] [World.cpp:252] [Tetra::World::mesh_chunk] Timer 'Chunk mesh generation' started
[13:43:51.963] [DEBUG] [24424] [Renderer Core.cpp:157] [Oreginum::Renderer_Core::create_uniform_buffer] Uniform buffer created
[13:43:51.969] [DEBUG] [6712] [World.cpp:252] [Tetra::World::mesh_chunk] Timer 'Chunk mesh generation' completed in 72940 microseconds
[13:43:51.978] [DEBUG] [24424] [Renderer Core.cpp:130] [Oreginum::Renderer_Core::add] Added renderable (type: 0, id: 57), total renderables: 57
[13:43:51.978] [DEBUG] [24424] [Renderer Core.cpp:154] [Oreginum::Renderer_Core::create_uniform_buffer] Creating uniform buffer: 10944 bytes for 57 renderables
[13:43:51.978] [DEBUG] [18596] [World.cpp:252] [Tetra::World::mesh_chunk] Timer 'Chunk mesh generation' started
[13:43:51.979] [DEBUG] [24424] [Renderer Core.cpp:157] [Oreginum::Renderer_Core::create_uniform_buffer] Uniform buffer created
[13:43:51.980] [DEBUG] [8272] [World.cpp:252] [Tetra::World::mesh_chunk] Timer 'Chunk mesh generation' completed in 83272 microseconds
[13:43:51.994] [DEBUG] [24424] [Renderer Core.cpp:130] [Oreginum::Renderer_Core::add] Added renderable (type: 0, id: 58), total renderables: 58
[13:43:51.994] [DEBUG] [24424] [Renderer Core.cpp:154] [Oreginum::Renderer_Core::create_uniform_buffer] Creating uniform buffer: 11136 bytes for 58 renderables
[13:43:51.995] [DEBUG] [16900] [World.cpp:252] [Tetra::World::mesh_chunk] Timer 'Chunk mesh generation' started
[13:43:51.995] [DEBUG] [24424] [Renderer Core.cpp:157] [Oreginum::Renderer_Core::create_uniform_buffer] Uniform buffer created
[13:43:52.011] [DEBUG] [24424] [Renderer Core.cpp:130] [Oreginum::Renderer_Core::add] Added renderable (type: 0, id: 59), total renderables: 59
[13:43:52.011] [DEBUG] [24424] [Renderer Core.cpp:154] [Oreginum::Renderer_Core::create_uniform_buffer] Creating uniform buffer: 11328 bytes for 59 renderables
[13:43:52.012] [DEBUG] [24424] [Renderer Core.cpp:157] [Oreginum::Renderer_Core::create_uniform_buffer] Uniform buffer created
[13:43:52.018] [DEBUG] [8276] [World.cpp:252] [Tetra::World::mesh_chunk] Timer 'Chunk mesh generation' completed in 71821 microseconds
[13:43:52.038] [DEBUG] [28292] [World.cpp:252] [Tetra::World::mesh_chunk] Timer 'Chunk mesh generation' completed in 75376 microseconds
[13:43:52.044] [DEBUG] [24424] [Renderer Core.cpp:130] [Oreginum::Renderer_Core::add] Added renderable (type: 0, id: 60), total renderables: 60
[13:43:52.045] [DEBUG] [24424] [Renderer Core.cpp:154] [Oreginum::Renderer_Core::create_uniform_buffer] Creating uniform buffer: 11520 bytes for 60 renderables
[13:43:52.045] [DEBUG] [27944] [World.cpp:252] [Tetra::World::mesh_chunk] Timer 'Chunk mesh generation' started
[13:43:52.045] [DEBUG] [23496] [World.cpp:252] [Tetra::World::mesh_chunk] Timer 'Chunk mesh generation' started
[13:43:52.046] [DEBUG] [24424] [Renderer Core.cpp:157] [Oreginum::Renderer_Core::create_uniform_buffer] Uniform buffer created
[13:43:52.052] [DEBUG] [16900] [World.cpp:252] [Tetra::World::mesh_chunk] Timer 'Chunk mesh generation' completed in 57680 microseconds
[13:43:52.055] [DEBUG] [18596] [World.cpp:252] [Tetra::World::mesh_chunk] Timer 'Chunk mesh generation' completed in 76214 microseconds
[13:43:52.061] [DEBUG] [24424] [Renderer Core.cpp:130] [Oreginum::Renderer_Core::add] Added renderable (type: 0, id: 61), total renderables: 61
[13:43:52.061] [DEBUG] [24424] [Renderer Core.cpp:154] [Oreginum::Renderer_Core::create_uniform_buffer] Creating uniform buffer: 11712 bytes for 61 renderables
[13:43:52.061] [DEBUG] [17876] [World.cpp:252] [Tetra::World::mesh_chunk] Timer 'Chunk mesh generation' started
[13:43:52.062] [DEBUG] [27960] [World.cpp:252] [Tetra::World::mesh_chunk] Timer 'Chunk mesh generation' started
[13:43:52.062] [DEBUG] [24424] [Renderer Core.cpp:157] [Oreginum::Renderer_Core::create_uniform_buffer] Uniform buffer created
[13:43:52.078] [DEBUG] [24424] [Renderer Core.cpp:130] [Oreginum::Renderer_Core::add] Added renderable (type: 0, id: 62), total renderables: 62
[13:43:52.078] [DEBUG] [24424] [Renderer Core.cpp:154] [Oreginum::Renderer_Core::create_uniform_buffer] Creating uniform buffer: 11904 bytes for 62 renderables
[13:43:52.079] [DEBUG] [24424] [Renderer Core.cpp:157] [Oreginum::Renderer_Core::create_uniform_buffer] Uniform buffer created
[13:43:52.096] [DEBUG] [24424] [Renderer Core.cpp:130] [Oreginum::Renderer_Core::add] Added renderable (type: 0, id: 63), total renderables: 63
[13:43:52.096] [DEBUG] [24424] [Renderer Core.cpp:130] [Oreginum::Renderer_Core::add] Added renderable (type: 0, id: 64), total renderables: 64
[13:43:52.096] [DEBUG] [24424] [Renderer Core.cpp:154] [Oreginum::Renderer_Core::create_uniform_buffer] Creating uniform buffer: 12288 bytes for 64 renderables
[13:43:52.096] [DEBUG] [24424] [Renderer Core.cpp:157] [Oreginum::Renderer_Core::create_uniform_buffer] Uniform buffer created
[13:43:52.119] [DEBUG] [23496] [World.cpp:252] [Tetra::World::mesh_chunk] Timer 'Chunk mesh generation' completed in 74188 microseconds
[13:43:52.122] [DEBUG] [27944] [World.cpp:252] [Tetra::World::mesh_chunk] Timer 'Chunk mesh generation' completed in 77345 microseconds
[13:43:52.139] [DEBUG] [27960] [World.cpp:252] [Tetra::World::mesh_chunk] Timer 'Chunk mesh generation' completed in 77853 microseconds
[13:43:52.142] [DEBUG] [17876] [World.cpp:252] [Tetra::World::mesh_chunk] Timer 'Chunk mesh generation' completed in 80422 microseconds
[13:43:52.144] [DEBUG] [24424] [Renderer Core.cpp:130] [Oreginum::Renderer_Core::add] Added renderable (type: 0, id: 65), total renderables: 65
[13:43:52.144] [DEBUG] [24424] [Renderer Core.cpp:154] [Oreginum::Renderer_Core::create_uniform_buffer] Creating uniform buffer: 12480 bytes for 65 renderables
[13:43:52.144] [DEBUG] [15060] [World.cpp:252] [Tetra::World::mesh_chunk] Timer 'Chunk mesh generation' started
[13:43:52.145] [DEBUG] [24424] [Renderer Core.cpp:157] [Oreginum::Renderer_Core::create_uniform_buffer] Uniform buffer created
[13:43:52.160] [DEBUG] [24424] [Renderer Core.cpp:130] [Oreginum::Renderer_Core::add] Added renderable (type: 0, id: 66), total renderables: 66
[13:43:52.160] [DEBUG] [24424] [Renderer Core.cpp:154] [Oreginum::Renderer_Core::create_uniform_buffer] Creating uniform buffer: 12672 bytes for 66 renderables
[13:43:52.161] [DEBUG] [24424] [Renderer Core.cpp:157] [Oreginum::Renderer_Core::create_uniform_buffer] Uniform buffer created
[13:43:52.176] [DEBUG] [24424] [Renderer Core.cpp:130] [Oreginum::Renderer_Core::add] Added renderable (type: 0, id: 67), total renderables: 67
[13:43:52.177] [DEBUG] [24424] [Renderer Core.cpp:154] [Oreginum::Renderer_Core::create_uniform_buffer] Creating uniform buffer: 12864 bytes for 67 renderables
[13:43:52.177] [DEBUG] [24424] [Renderer Core.cpp:157] [Oreginum::Renderer_Core::create_uniform_buffer] Uniform buffer created
[13:43:52.193] [DEBUG] [24424] [Renderer Core.cpp:130] [Oreginum::Renderer_Core::add] Added renderable (type: 0, id: 68), total renderables: 68
[13:43:52.193] [DEBUG] [24424] [Renderer Core.cpp:154] [Oreginum::Renderer_Core::create_uniform_buffer] Creating uniform buffer: 13056 bytes for 68 renderables
[13:43:52.194] [DEBUG] [24424] [Renderer Core.cpp:157] [Oreginum::Renderer_Core::create_uniform_buffer] Uniform buffer created
[13:43:52.213] [DEBUG] [15060] [World.cpp:252] [Tetra::World::mesh_chunk] Timer 'Chunk mesh generation' completed in 68844 microseconds
[13:43:52.243] [DEBUG] [24424] [Renderer Core.cpp:130] [Oreginum::Renderer_Core::add] Added renderable (type: 0, id: 69), total renderables: 69
[13:43:52.243] [DEBUG] [24424] [Renderer Core.cpp:154] [Oreginum::Renderer_Core::create_uniform_buffer] Creating uniform buffer: 13248 bytes for 69 renderables
[13:43:52.244] [DEBUG] [24424] [Renderer Core.cpp:157] [Oreginum::Renderer_Core::create_uniform_buffer] Uniform buffer created
[13:43:52.915] [DEBUG] [24424] [World.cpp:137] [Tetra::World::load_chunk] Loaded chunk at (-9, 0, -2)
[13:43:52.916] [DEBUG] [24424] [World.cpp:137] [Tetra::World::load_chunk] Loaded chunk at (-9, -3, 6)
[13:43:52.916] [DEBUG] [24424] [World.cpp:162] [Tetra::World::unload_chunk] Unloaded chunk at (-6, 1, 8)
[13:43:52.916] [DEBUG] [24424] [World.cpp:162] [Tetra::World::unload_chunk] Unloaded chunk at (-8, 0, 8)
[13:43:52.916] [DEBUG] [24424] [World.cpp:162] [Tetra::World::unload_chunk] Unloaded chunk at (-6, -2, 8)
[13:43:52.916] [DEBUG] [24424] [World.cpp:162] [Tetra::World::unload_chunk] Unloaded chunk at (-8, -1, 8)
[13:43:52.916] [DEBUG] [24424] [World.cpp:162] [Tetra::World::unload_chunk] Unloaded chunk at (-4, -3, 8)
[13:43:52.916] [DEBUG] [28664] [World.cpp:229] [Tetra::World::population_pass_1] Timer 'Population pass 1' started
[13:43:52.916] [DEBUG] [23696] [World.cpp:229] [Tetra::World::population_pass_1] Timer 'Population pass 1' started
[13:43:52.916] [DEBUG] [14588] [World.cpp:229] [Tetra::World::population_pass_1] Timer 'Population pass 1' started
[13:43:52.916] [DEBUG] [24456] [World.cpp:229] [Tetra::World::population_pass_1] Timer 'Population pass 1' started
[13:43:52.917] [TRACE] [28664] [World.cpp:482] [Tetra::World::simplex] Allocated 65536 bytes for FastNoiseSIMD
[13:43:52.917] [TRACE] [23696] [World.cpp:482] [Tetra::World::simplex] Allocated 65536 bytes for FastNoiseSIMD
[13:43:52.917] [TRACE] [28664] [World.cpp:482] [Tetra::World::simplex] Allocated 65536 bytes for FastNoiseSIMD
[13:43:52.917] [TRACE] [14588] [World.cpp:482] [Tetra::World::simplex] Allocated 65536 bytes for FastNoiseSIMD
[13:43:52.917] [TRACE] [23696] [World.cpp:482] [Tetra::World::simplex] Allocated 65536 bytes for FastNoiseSIMD
[13:43:52.917] [TRACE] [24456] [World.cpp:482] [Tetra::World::simplex] Allocated 65536 bytes for FastNoiseSIMD
[13:43:52.917] [TRACE] [14588] [World.cpp:482] [Tetra::World::simplex] Allocated 65536 bytes for FastNoiseSIMD
[13:43:52.917] [TRACE] [28664] [World.cpp:482] [Tetra::World::simplex] Allocated 65536 bytes for FastNoiseSIMD
[13:43:52.917] [TRACE] [23696] [World.cpp:482] [Tetra::World::simplex] Allocated 65536 bytes for FastNoiseSIMD
[13:43:52.917] [TRACE] [24456] [World.cpp:482] [Tetra::World::simplex] Allocated 65536 bytes for FastNoiseSIMD
[13:43:52.917] [TRACE] [14588] [World.cpp:482] [Tetra::World::simplex] Allocated 65536 bytes for FastNoiseSIMD
[13:43:52.918] [TRACE] [28664] [World.cpp:482] [Tetra::World::simplex] Allocated 65536 bytes for FastNoiseSIMD
[13:43:52.918] [TRACE] [23696] [World.cpp:482] [Tetra::World::simplex] Allocated 65536 bytes for FastNoiseSIMD
[13:43:52.918] [TRACE] [24456] [World.cpp:482] [Tetra::World::simplex] Allocated 65536 bytes for FastNoiseSIMD
[13:43:52.918] [TRACE] [14588] [World.cpp:482] [Tetra::World::simplex] Allocated 65536 bytes for FastNoiseSIMD
[13:43:52.918] [TRACE] [24456] [World.cpp:482] [Tetra::World::simplex] Allocated 65536 bytes for FastNoiseSIMD
[13:43:52.931] [DEBUG] [24424] [World.cpp:137] [Tetra::World::load_chunk] Loaded chunk at (-9, -1, 7)
[13:43:52.932] [DEBUG] [24424] [World.cpp:137] [Tetra::World::load_chunk] Loaded chunk at (-9, -3, -3)
[13:43:52.932] [DEBUG] [24424] [World.cpp:162] [Tetra::World::unload_chunk] Unloaded chunk at (-8, -3, 8)
[13:43:52.933] [DEBUG] [24424] [World.cpp:162] [Tetra::World::unload_chunk] Unloaded chunk at (-4, -1, 8)
[13:43:52.933] [DEBUG] [24424] [World.cpp:162] [Tetra::World::unload_chunk] Unloaded chunk at (-2, -2, 8)
[13:43:52.933] [DEBUG] [24424] [World.cpp:162] [Tetra::World::unload_chunk] Unloaded chunk at (-2, 1, 8)
[13:43:52.933] [DEBUG] [24424] [World.cpp:162] [Tetra::World::unload_chunk] Unloaded chunk at (-4, 0, 8)
[13:43:52.948] [DEBUG] [24424] [World.cpp:137] [Tetra::World::load_chunk] Loaded chunk at (-9, -1, -4)
[13:43:52.949] [DEBUG] [24424] [World.cpp:137] [Tetra::World::load_chunk] Loaded chunk at (-9, 0, -8)
[13:43:52.949] [DEBUG] [24424] [World.cpp:162] [Tetra::World::unload_chunk] Unloaded chunk at (-6, 0, 8)
[13:43:52.949] [DEBUG] [24424] [World.cpp:162] [Tetra::World::unload_chunk] Unloaded chunk at (-8, 1, 8)
[13:43:52.949] [DEBUG] [24424] [World.cpp:162] [Tetra::World::unload_chunk] Unloaded chunk at (-6, -1, 8)
[13:43:52.949] [DEBUG] [24424] [World.cpp:162] [Tetra::World::unload_chunk] Unloaded chunk at (-8, -2, 8)
[13:43:52.949] [DEBUG] [24424] [World.cpp:162] [Tetra::World::unload_chunk] Unloaded chunk at (-4, -2, 8)
[13:43:52.965] [DEBUG] [24424] [World.cpp:137] [Tetra::World::load_chunk] Loaded chunk at (-9, -1, -6)
[13:43:52.966] [DEBUG] [24424] [World.cpp:137] [Tetra::World::load_chunk] Loaded chunk at (-9, -3, -5)
[13:43:52.966] [DEBUG] [24424] [World.cpp:162] [Tetra::World::unload_chunk] Unloaded chunk at (-2, -1, 8)
[13:43:52.966] [DEBUG] [24424] [World.cpp:162] [Tetra::World::unload_chunk] Unloaded chunk at (-4, 1, 8)
[13:43:52.966] [DEBUG] [24424] [World.cpp:162] [Tetra::World::unload_chunk] Unloaded chunk at (-2, 0, 8)
[13:43:52.966] [DEBUG] [24424] [World.cpp:162] [Tetra::World::unload_chunk] Unloaded chunk at (8, -2, -7)
[13:43:52.966] [DEBUG] [24424] [World.cpp:162] [Tetra::World::unload_chunk] Unloaded chunk at (8, 1, 8)
[13:43:52.981] [DEBUG] [24424] [World.cpp:137] [Tetra::World::load_chunk] Loaded chunk at (-9, 0, -6)
[13:43:52.983] [DEBUG] [24424] [World.cpp:137] [Tetra::World::load_chunk] Loaded chunk at (-9, -1, -8)
[13:43:52.983] [DEBUG] [24424] [World.cpp:162] [Tetra::World::unload_chunk] Unloaded chunk at (8, 1, -4)
[13:43:52.983] [DEBUG] [24424] [World.cpp:162] [Tetra::World::unload_chunk] Unloaded chunk at (-7, -3, 8)
[13:43:52.983] [DEBUG] [24424] [World.cpp:162] [Tetra::World::unload_chunk] Unloaded chunk at (8, -3, -4)
[13:43:52.983] [DEBUG] [24424] [World.cpp:162] [Tetra::World::unload_chunk] Unloaded chunk at (-5, 0, 8)
[13:43:52.983] [DEBUG] [24424] [World.cpp:162] [Tetra::World::unload_chunk] Unloaded chunk at (8, -1, -3)
[13:43:52.998] [DEBUG] [24424] [World.cpp:137] [Tetra::World::load_chunk] Loaded chunk at (-5, 0, -9)
[13:43:53.000] [DEBUG] [24424] [World.cpp:137] [Tetra::World::load_chunk] Loaded chunk at (-7, 1, -9)
[13:43:53.000] [DEBUG] [24424] [World.cpp:162] [Tetra::World::unload_chunk] Unloaded chunk at (-7, 1, 8)
[13:43:53.000] [DEBUG] [24424] [World.cpp:162] [Tetra::World::unload_chunk] Unloaded chunk at (8, 0, -3)
[13:43:53.000] [DEBUG] [24424] [World.cpp:162] [Tetra::World::unload_chunk] Unloaded chunk at (-5, -1, 8)
[13:43:53.000] [DEBUG] [24424] [World.cpp:162] [Tetra::World::unload_chunk] Unloaded chunk at (-7, -2, 8)
[13:43:53.000] [DEBUG] [24424] [World.cpp:162] [Tetra::World::unload_chunk] Unloaded chunk at (8, -2, -3)
[13:43:53.001] [TRACE] [23696] [World.cpp:482] [Tetra::World::simplex] Allocated 8388608 bytes for FastNoiseSIMD
[13:43:53.002] [TRACE] [23696] [World.cpp:482] [Tetra::World::simplex] Allocated 65536 bytes for FastNoiseSIMD
[13:43:53.007] [TRACE] [23696] [World.cpp:541] [Tetra::World::populate_chunk_pass_1] Deallocated 65536 bytes for FastNoiseSIMD
[13:43:53.007] [TRACE] [23696] [World.cpp:544] [Tetra::World::populate_chunk_pass_1] Deallocated 8388608 bytes for FastNoiseSIMD
[13:43:53.008] [TRACE] [28664] [World.cpp:482] [Tetra::World::simplex] Allocated 8388608 bytes for FastNoiseSIMD
[13:43:53.008] [TRACE] [28664] [World.cpp:482] [Tetra::World::simplex] Allocated 65536 bytes for FastNoiseSIMD
[13:43:53.008] [TRACE] [23696] [World.cpp:547] [Tetra::World::populate_chunk_pass_1] Deallocated 65536 bytes for FastNoiseSIMD
[13:43:53.008] [TRACE] [23696] [World.cpp:550] [Tetra::World::populate_chunk_pass_1] Deallocated 65536 bytes for FastNoiseSIMD
[13:43:53.008] [TRACE] [23696] [World.cpp:553] [Tetra::World::populate_chunk_pass_1] Deallocated 65536 bytes for FastNoiseSIMD
[13:43:53.008] [TRACE] [23696] [World.cpp:556] [Tetra::World::populate_chunk_pass_1] Deallocated 65536 bytes for FastNoiseSIMD
[13:43:53.008] [DEBUG] [23696] [World.cpp:229] [Tetra::World::population_pass_1] Timer 'Population pass 1' completed in 91871 microseconds
[13:43:53.012] [TRACE] [28664] [World.cpp:541] [Tetra::World::populate_chunk_pass_1] Deallocated 65536 bytes for FastNoiseSIMD
[13:43:53.012] [TRACE] [28664] [World.cpp:544] [Tetra::World::populate_chunk_pass_1] Deallocated 8388608 bytes for FastNoiseSIMD
[13:43:53.013] [TRACE] [28664] [World.cpp:547] [Tetra::World::populate_chunk_pass_1] Deallocated 65536 bytes for FastNoiseSIMD
[13:43:53.013] [TRACE] [28664] [World.cpp:550] [Tetra::World::populate_chunk_pass_1] Deallocated 65536 bytes for FastNoiseSIMD
[13:43:53.013] [TRACE] [28664] [World.cpp:553] [Tetra::World::populate_chunk_pass_1] Deallocated 65536 bytes for FastNoiseSIMD
[13:43:53.013] [TRACE] [28664] [World.cpp:556] [Tetra::World::populate_chunk_pass_1] Deallocated 65536 bytes for FastNoiseSIMD
[13:43:53.013] [DEBUG] [28664] [World.cpp:229] [Tetra::World::population_pass_1] Timer 'Population pass 1' completed in 97156 microseconds
[13:43:53.014] [DEBUG] [24424] [World.cpp:137] [Tetra::World::load_chunk] Loaded chunk at (-9, -3, -7)
[13:43:53.016] [DEBUG] [24424] [World.cpp:137] [Tetra::World::load_chunk] Loaded chunk at (-9, -3, -9)
[13:43:53.016] [DEBUG] [24424] [World.cpp:162] [Tetra::World::unload_chunk] Unloaded chunk at (-5, 1, 8)
[13:43:53.016] [DEBUG] [24424] [World.cpp:162] [Tetra::World::unload_chunk] Unloaded chunk at (-7, 0, 8)
[13:43:53.016] [DEBUG] [24424] [World.cpp:162] [Tetra::World::unload_chunk] Unloaded chunk at (8, 1, -3)
[13:43:53.016] [DEBUG] [24424] [World.cpp:162] [Tetra::World::unload_chunk] Unloaded chunk at (-5, -2, 8)
[13:43:53.016] [DEBUG] [24424] [World.cpp:162] [Tetra::World::unload_chunk] Unloaded chunk at (-7, -1, 8)
[13:43:53.016] [DEBUG] [24424] [World.cpp:366] [Tetra::World::update] Deleting chunk after 6 frames wait
[13:43:53.016] [DEBUG] [24424] [World.cpp:366] [Tetra::World::update] Deleting chunk after 6 frames wait
[13:43:53.016] [DEBUG] [24424] [World.cpp:366] [Tetra::World::update] Deleting chunk after 6 frames wait
[13:43:53.016] [DEBUG] [24424] [World.cpp:366] [Tetra::World::update] Deleting chunk after 6 frames wait
[13:43:53.017] [DEBUG] [24424] [World.cpp:366] [Tetra::World::update] Deleting chunk after 6 frames wait
[13:43:53.017] [DEBUG] [15104] [World.cpp:229] [Tetra::World::population_pass_1] Timer 'Population pass 1' started
[13:43:53.018] [DEBUG] [28088] [World.cpp:229] [Tetra::World::population_pass_1] Timer 'Population pass 1' started
[13:43:53.018] [TRACE] [15104] [World.cpp:482] [Tetra::World::simplex] Allocated 65536 bytes for FastNoiseSIMD
[13:43:53.018] [TRACE] [15104] [World.cpp:482] [Tetra::World::simplex] Allocated 65536 bytes for FastNoiseSIMD
[13:43:53.018] [TRACE] [15104] [World.cpp:482] [Tetra::World::simplex] Allocated 65536 bytes for FastNoiseSIMD
[13:43:53.018] [TRACE] [28088] [World.cpp:482] [Tetra::World::simplex] Allocated 65536 bytes for FastNoiseSIMD
[13:43:53.019] [TRACE] [15104] [World.cpp:482] [Tetra::World::simplex] Allocated 65536 bytes for FastNoiseSIMD
[13:43:53.019] [TRACE] [28088] [World.cpp:482] [Tetra::World::simplex] Allocated 65536 bytes for FastNoiseSIMD
[13:43:53.019] [TRACE] [28088] [World.cpp:482] [Tetra::World::simplex] Allocated 65536 bytes for FastNoiseSIMD
[13:43:53.019] [TRACE] [28088] [World.cpp:482] [Tetra::World::simplex] Allocated 65536 bytes for FastNoiseSIMD
[13:43:53.023] [TRACE] [24456] [World.cpp:482] [Tetra::World::simplex] Allocated 8388608 bytes for FastNoiseSIMD
[13:43:53.023] [TRACE] [24456] [World.cpp:482] [Tetra::World::simplex] Allocated 65536 bytes for FastNoiseSIMD
[13:43:53.024] [TRACE] [14588] [World.cpp:482] [Tetra::World::simplex] Allocated 8388608 bytes for FastNoiseSIMD
[13:43:53.024] [TRACE] [14588] [World.cpp:482] [Tetra::World::simplex] Allocated 65536 bytes for FastNoiseSIMD
[13:43:53.030] [TRACE] [14588] [World.cpp:541] [Tetra::World::populate_chunk_pass_1] Deallocated 65536 bytes for FastNoiseSIMD
[13:43:53.030] [TRACE] [14588] [World.cpp:544] [Tetra::World::populate_chunk_pass_1] Deallocated 8388608 bytes for FastNoiseSIMD
[13:43:53.030] [TRACE] [24456] [World.cpp:541] [Tetra::World::populate_chunk_pass_1] Deallocated 65536 bytes for FastNoiseSIMD
[13:43:53.030] [TRACE] [24456] [World.cpp:544] [Tetra::World::populate_chunk_pass_1] Deallocated 8388608 bytes for FastNoiseSIMD
[13:43:53.030] [TRACE] [14588] [World.cpp:547] [Tetra::World::populate_chunk_pass_1] Deallocated 65536 bytes for FastNoiseSIMD
[13:43:53.030] [TRACE] [14588] [World.cpp:550] [Tetra::World::populate_chunk_pass_1] Deallocated 65536 bytes for FastNoiseSIMD
[13:43:53.030] [TRACE] [14588] [World.cpp:553] [Tetra::World::populate_chunk_pass_1] Deallocated 65536 bytes for FastNoiseSIMD
[13:43:53.030] [TRACE] [14588] [World.cpp:556] [Tetra::World::populate_chunk_pass_1] Deallocated 65536 bytes for FastNoiseSIMD
[13:43:53.030] [DEBUG] [14588] [World.cpp:229] [Tetra::World::population_pass_1] Timer 'Population pass 1' completed in 114077 microseconds
[13:43:53.030] [TRACE] [24456] [World.cpp:547] [Tetra::World::populate_chunk_pass_1] Deallocated 65536 bytes for FastNoiseSIMD
[13:43:53.030] [TRACE] [24456] [World.cpp:550] [Tetra::World::populate_chunk_pass_1] Deallocated 65536 bytes for FastNoiseSIMD
[13:43:53.030] [TRACE] [24456] [World.cpp:553] [Tetra::World::populate_chunk_pass_1] Deallocated 65536 bytes for FastNoiseSIMD
[13:43:53.030] [TRACE] [24456] [World.cpp:556] [Tetra::World::populate_chunk_pass_1] Deallocated 65536 bytes for FastNoiseSIMD
[13:43:53.030] [DEBUG] [24456] [World.cpp:229] [Tetra::World::population_pass_1] Timer 'Population pass 1' completed in 114013 microseconds
[13:43:53.031] [DEBUG] [24424] [World.cpp:137] [Tetra::World::load_chunk] Loaded chunk at (-9, 0, -3)
[13:43:53.032] [DEBUG] [24424] [World.cpp:137] [Tetra::World::load_chunk] Loaded chunk at (-9, -3, 5)
[13:43:53.032] [DEBUG] [24424] [World.cpp:162] [Tetra::World::unload_chunk] Unloaded chunk at (8, 1, 5)
[13:43:53.032] [DEBUG] [24424] [World.cpp:162] [Tetra::World::unload_chunk] Unloaded chunk at (0, 1, 8)
[13:43:53.032] [DEBUG] [24424] [World.cpp:162] [Tetra::World::unload_chunk] Unloaded chunk at (8, 1, -7)
[13:43:53.032] [DEBUG] [24424] [World.cpp:162] [Tetra::World::unload_chunk] Unloaded chunk at (8, -2, 8)
[13:43:53.032] [DEBUG] [24424] [World.cpp:162] [Tetra::World::unload_chunk] Unloaded chunk at (8, 1, -6)
[13:43:53.032] [DEBUG] [24424] [World.cpp:366] [Tetra::World::update] Deleting chunk after 6 frames wait
[13:43:53.032] [DEBUG] [24424] [World.cpp:366] [Tetra::World::update] Deleting chunk after 6 frames wait
[13:43:53.033] [DEBUG] [24424] [World.cpp:366] [Tetra::World::update] Deleting chunk after 6 frames wait
[13:43:53.033] [DEBUG] [24424] [World.cpp:366] [Tetra::World::update] Deleting chunk after 6 frames wait
[13:43:53.033] [DEBUG] [24424] [World.cpp:366] [Tetra::World::update] Deleting chunk after 6 frames wait
[13:43:53.034] [DEBUG] [14676] [World.cpp:229] [Tetra::World::population_pass_1] Timer 'Population pass 1' started
[13:43:53.034] [DEBUG] [6188] [World.cpp:229] [Tetra::World::population_pass_1] Timer 'Population pass 1' started
[13:43:53.035] [TRACE] [14676] [World.cpp:482] [Tetra::World::simplex] Allocated 65536 bytes for FastNoiseSIMD
[13:43:53.035] [TRACE] [6188] [World.cpp:482] [Tetra::World::simplex] Allocated 65536 bytes for FastNoiseSIMD
[13:43:53.035] [TRACE] [14676] [World.cpp:482] [Tetra::World::simplex] Allocated 65536 bytes for FastNoiseSIMD
[13:43:53.035] [TRACE] [6188] [World.cpp:482] [Tetra::World::simplex] Allocated 65536 bytes for FastNoiseSIMD
[13:43:53.035] [TRACE] [14676] [World.cpp:482] [Tetra::World::simplex] Allocated 65536 bytes for FastNoiseSIMD
[13:43:53.035] [TRACE] [6188] [World.cpp:482] [Tetra::World::simplex] Allocated 65536 bytes for FastNoiseSIMD
[13:43:53.035] [TRACE] [14676] [World.cpp:482] [Tetra::World::simplex] Allocated 65536 bytes for FastNoiseSIMD
[13:43:53.035] [TRACE] [6188] [World.cpp:482] [Tetra::World::simplex] Allocated 65536 bytes for FastNoiseSIMD
[13:43:53.048] [DEBUG] [24424] [World.cpp:137] [Tetra::World::load_chunk] Loaded chunk at (-9, -1, 4)
[13:43:53.048] [DEBUG] [24424] [World.cpp:137] [Tetra::World::load_chunk] Loaded chunk at (-9, -3, -2)
[13:43:53.048] [DEBUG] [24424] [World.cpp:162] [Tetra::World::unload_chunk] Unloaded chunk at (4, 1, 8)
[13:43:53.048] [DEBUG] [24424] [World.cpp:162] [Tetra::World::unload_chunk] Unloaded chunk at (8, 1, -8)
[13:43:53.048] [DEBUG] [24424] [World.cpp:162] [Tetra::World::unload_chunk] Unloaded chunk at (6, 0, 8)
[13:43:53.048] [DEBUG] [24424] [World.cpp:162] [Tetra::World::unload_chunk] Unloaded chunk at (8, 0, 5)
[13:43:53.048] [DEBUG] [24424] [World.cpp:162] [Tetra::World::unload_chunk] Unloaded chunk at (8, 0, -8)
[13:43:53.048] [DEBUG] [24424] [World.cpp:366] [Tetra::World::update] Deleting chunk after 6 frames wait
[13:43:53.049] [DEBUG] [24424] [World.cpp:366] [Tetra::World::update] Deleting chunk after 6 frames wait
[13:43:53.049] [DEBUG] [24424] [World.cpp:366] [Tetra::World::update] Deleting chunk after 6 frames wait
[13:43:53.049] [DEBUG] [24424] [World.cpp:366] [Tetra::World::update] Deleting chunk after 6 frames wait
[13:43:53.049] [DEBUG] [24424] [World.cpp:366] [Tetra::World::update] Deleting chunk after 6 frames wait
[13:43:53.064] [DEBUG] [24424] [World.cpp:137] [Tetra::World::load_chunk] Loaded chunk at (-9, -1, -1)
[13:43:53.065] [DEBUG] [24424] [World.cpp:137] [Tetra::World::load_chunk] Loaded chunk at (-9, 0, -1)
[13:43:53.065] [DEBUG] [24424] [World.cpp:162] [Tetra::World::unload_chunk] Unloaded chunk at (6, 1, 8)
[13:43:53.065] [DEBUG] [24424] [World.cpp:162] [Tetra::World::unload_chunk] Unloaded chunk at (8, -3, 8)
[13:43:53.065] [DEBUG] [24424] [World.cpp:162] [Tetra::World::unload_chunk] Unloaded chunk at (8, 0, -7)
[13:43:53.065] [DEBUG] [24424] [World.cpp:162] [Tetra::World::unload_chunk] Unloaded chunk at (8, -1, 8)
[13:43:53.065] [DEBUG] [24424] [World.cpp:162] [Tetra::World::unload_chunk] Unloaded chunk at (4, -1, 8)
[13:43:53.065] [DEBUG] [24424] [World.cpp:366] [Tetra::World::update] Deleting chunk after 6 frames wait
[13:43:53.065] [DEBUG] [24424] [World.cpp:366] [Tetra::World::update] Deleting chunk after 6 frames wait
[13:43:53.066] [DEBUG] [24424] [World.cpp:366] [Tetra::World::update] Deleting chunk after 6 frames wait
[13:43:53.066] [DEBUG] [24424] [World.cpp:366] [Tetra::World::update] Deleting chunk after 6 frames wait
[13:43:53.066] [DEBUG] [24424] [World.cpp:366] [Tetra::World::update] Deleting chunk after 6 frames wait
[13:43:53.081] [DEBUG] [24424] [World.cpp:137] [Tetra::World::load_chunk] Loaded chunk at (6, -2, -9)
[13:43:53.082] [DEBUG] [24424] [World.cpp:137] [Tetra::World::load_chunk] Loaded chunk at (-9, -3, 7)
[13:43:53.082] [DEBUG] [24424] [World.cpp:162] [Tetra::World::unload_chunk] Unloaded chunk at (0, -3, 8)
[13:43:53.082] [DEBUG] [24424] [World.cpp:162] [Tetra::World::unload_chunk] Unloaded chunk at (8, 0, -6)
[13:43:53.082] [DEBUG] [24424] [World.cpp:162] [Tetra::World::unload_chunk] Unloaded chunk at (-6, -3, 8)
[13:43:53.082] [DEBUG] [24424] [World.cpp:162] [Tetra::World::unload_chunk] Unloaded chunk at (8, 0, -4)
[13:43:53.082] [DEBUG] [24424] [World.cpp:162] [Tetra::World::unload_chunk] Unloaded chunk at (-5, -3, 8)
[13:43:53.082] [DEBUG] [24424] [World.cpp:366] [Tetra::World::update] Deleting chunk after 6 frames wait
[13:43:53.082] [DEBUG] [24424] [World.cpp:366] [Tetra::World::update] Deleting chunk after 6 frames wait
[13:43:53.083] [DEBUG] [24424] [World.cpp:366] [Tetra::World::update] Deleting chunk after 6 frames wait
[13:43:53.083] [DEBUG] [24424] [World.cpp:366] [Tetra::World::update] Deleting chunk after 6 frames wait
[13:43:53.083] [DEBUG] [24424] [World.cpp:366] [Tetra::World::update] Deleting chunk after 6 frames wait
[13:43:53.098] [DEBUG] [24424] [World.cpp:137] [Tetra::World::load_chunk] Loaded chunk at (-9, -1, 6)
[13:43:53.098] [DEBUG] [24424] [World.cpp:137] [Tetra::World::load_chunk] Loaded chunk at (-9, -3, -4)
[13:43:53.098] [DEBUG] [24424] [World.cpp:162] [Tetra::World::unload_chunk] Unloaded chunk at (8, 1, 0)
[13:43:53.098] [DEBUG] [24424] [World.cpp:162] [Tetra::World::unload_chunk] Unloaded chunk at (-3, -3, 8)
[13:43:53.098] [DEBUG] [24424] [World.cpp:162] [Tetra::World::unload_chunk] Unloaded chunk at (8, -1, 1)
[13:43:53.098] [DEBUG] [24424] [World.cpp:162] [Tetra::World::unload_chunk] Unloaded chunk at (8, -3, 0)
[13:43:53.098] [DEBUG] [24424] [World.cpp:162] [Tetra::World::unload_chunk] Unloaded chunk at (-3, 1, 8)
[13:43:53.098] [DEBUG] [24424] [World.cpp:366] [Tetra::World::update] Deleting chunk after 6 frames wait
[13:43:53.099] [DEBUG] [24424] [World.cpp:366] [Tetra::World::update] Deleting chunk after 6 frames wait
[13:43:53.099] [DEBUG] [24424] [World.cpp:366] [Tetra::World::update] Deleting chunk after 6 frames wait
[13:43:53.099] [DEBUG] [24424] [World.cpp:366] [Tetra::World::update] Deleting chunk after 6 frames wait
[13:43:53.100] [DEBUG] [24424] [World.cpp:366] [Tetra::World::update] Deleting chunk after 6 frames wait
[13:43:53.100] [TRACE] [15104] [World.cpp:482] [Tetra::World::simplex] Allocated 8388608 bytes for FastNoiseSIMD
[13:43:53.100] [TRACE] [15104] [World.cpp:482] [Tetra::World::simplex] Allocated 65536 bytes for FastNoiseSIMD
[13:43:53.102] [TRACE] [28088] [World.cpp:482] [Tetra::World::simplex] Allocated 8388608 bytes for FastNoiseSIMD
[13:43:53.102] [TRACE] [28088] [World.cpp:482] [Tetra::World::simplex] Allocated 65536 bytes for FastNoiseSIMD
[13:43:53.105] [TRACE] [15104] [World.cpp:541] [Tetra::World::populate_chunk_pass_1] Deallocated 65536 bytes for FastNoiseSIMD
[13:43:53.105] [TRACE] [15104] [World.cpp:544] [Tetra::World::populate_chunk_pass_1] Deallocated 8388608 bytes for FastNoiseSIMD
[13:43:53.106] [TRACE] [15104] [World.cpp:547] [Tetra::World::populate_chunk_pass_1] Deallocated 65536 bytes for FastNoiseSIMD
[13:43:53.106] [TRACE] [15104] [World.cpp:550] [Tetra::World::populate_chunk_pass_1] Deallocated 65536 bytes for FastNoiseSIMD
[13:43:53.106] [TRACE] [15104] [World.cpp:553] [Tetra::World::populate_chunk_pass_1] Deallocated 65536 bytes for FastNoiseSIMD
[13:43:53.106] [TRACE] [15104] [World.cpp:556] [Tetra::World::populate_chunk_pass_1] Deallocated 65536 bytes for FastNoiseSIMD
[13:43:53.106] [DEBUG] [15104] [World.cpp:229] [Tetra::World::population_pass_1] Timer 'Population pass 1' completed in 88223 microseconds
[13:43:53.107] [TRACE] [28088] [World.cpp:541] [Tetra::World::populate_chunk_pass_1] Deallocated 65536 bytes for FastNoiseSIMD
[13:43:53.107] [TRACE] [28088] [World.cpp:544] [Tetra::World::populate_chunk_pass_1] Deallocated 8388608 bytes for FastNoiseSIMD
[13:43:53.108] [TRACE] [28088] [World.cpp:547] [Tetra::World::populate_chunk_pass_1] Deallocated 65536 bytes for FastNoiseSIMD
[13:43:53.108] [TRACE] [28088] [World.cpp:550] [Tetra::World::populate_chunk_pass_1] Deallocated 65536 bytes for FastNoiseSIMD
[13:43:53.108] [TRACE] [28088] [World.cpp:553] [Tetra::World::populate_chunk_pass_1] Deallocated 65536 bytes for FastNoiseSIMD
[13:43:53.108] [TRACE] [28088] [World.cpp:556] [Tetra::World::populate_chunk_pass_1] Deallocated 65536 bytes for FastNoiseSIMD
[13:43:53.108] [DEBUG] [28088] [World.cpp:229] [Tetra::World::population_pass_1] Timer 'Population pass 1' completed in 90081 microseconds
[13:43:53.114] [DEBUG] [24424] [World.cpp:137] [Tetra::World::load_chunk] Loaded chunk at (-9, -1, -3)
[13:43:53.115] [DEBUG] [24424] [World.cpp:137] [Tetra::World::load_chunk] Loaded chunk at (-5, -3, -9)
[13:43:53.115] [DEBUG] [24424] [World.cpp:162] [Tetra::World::unload_chunk] Unloaded chunk at (-1, 0, 8)
[13:43:53.115] [DEBUG] [24424] [World.cpp:162] [Tetra::World::unload_chunk] Unloaded chunk at (8, 0, 1)
[13:43:53.115] [DEBUG] [24424] [World.cpp:162] [Tetra::World::unload_chunk] Unloaded chunk at (-1, -1, 8)
[13:43:53.115] [DEBUG] [24424] [World.cpp:162] [Tetra::World::unload_chunk] Unloaded chunk at (-3, -2, 8)
[13:43:53.115] [DEBUG] [24424] [World.cpp:162] [Tetra::World::unload_chunk] Unloaded chunk at (8, -2, 1)
[13:43:53.115] [DEBUG] [24424] [World.cpp:366] [Tetra::World::update] Deleting chunk after 6 frames wait
[13:43:53.115] [DEBUG] [24424] [World.cpp:366] [Tetra::World::update] Deleting chunk after 6 frames wait
[13:43:53.116] [DEBUG] [24424] [World.cpp:366] [Tetra::World::update] Deleting chunk after 6 frames wait
[13:43:53.116] [DEBUG] [24424] [World.cpp:366] [Tetra::World::update] Deleting chunk after 6 frames wait
[13:43:53.116] [DEBUG] [24424] [World.cpp:366] [Tetra::World::update] Deleting chunk after 6 frames wait
[13:43:53.117] [TRACE] [14676] [World.cpp:482] [Tetra::World::simplex] Allocated 8388608 bytes for FastNoiseSIMD
[13:43:53.117] [TRACE] [14676] [World.cpp:482] [Tetra::World::simplex] Allocated 65536 bytes for FastNoiseSIMD
[13:43:53.117] [DEBUG] [23068] [World.cpp:229] [Tetra::World::population_pass_1] Timer 'Population pass 1' started
[13:43:53.117] [DEBUG] [11368] [World.cpp:229] [Tetra::World::population_pass_1] Timer 'Population pass 1' started
[13:43:53.118] [TRACE] [23068] [World.cpp:482] [Tetra::World::simplex] Allocated 65536 bytes for FastNoiseSIMD
[13:43:53.118] [TRACE] [11368] [World.cpp:482] [Tetra::World::simplex] Allocated 65536 bytes for FastNoiseSIMD
[13:43:53.118] [TRACE] [23068] [World.cpp:482] [Tetra::World::simplex] Allocated 65536 bytes for FastNoiseSIMD
[13:43:53.118] [TRACE] [11368] [World.cpp:482] [Tetra::World::simplex] Allocated 65536 bytes for FastNoiseSIMD
[13:43:53.118] [TRACE] [23068] [World.cpp:482] [Tetra::World::simplex] Allocated 65536 bytes for FastNoiseSIMD
[13:43:53.118] [TRACE] [11368] [World.cpp:482] [Tetra::World::simplex] Allocated 65536 bytes for FastNoiseSIMD
[13:43:53.118] [TRACE] [23068] [World.cpp:482] [Tetra::World::simplex] Allocated 65536 bytes for FastNoiseSIMD
[13:43:53.118] [TRACE] [11368] [World.cpp:482] [Tetra::World::simplex] Allocated 65536 bytes for FastNoiseSIMD
[13:43:53.119] [TRACE] [6188] [World.cpp:482] [Tetra::World::simplex] Allocated 8388608 bytes for FastNoiseSIMD
[13:43:53.119] [TRACE] [6188] [World.cpp:482] [Tetra::World::simplex] Allocated 65536 bytes for FastNoiseSIMD
[13:43:53.122] [TRACE] [14676] [World.cpp:541] [Tetra::World::populate_chunk_pass_1] Deallocated 65536 bytes for FastNoiseSIMD
[13:43:53.122] [TRACE] [14676] [World.cpp:544] [Tetra::World::populate_chunk_pass_1] Deallocated 8388608 bytes for FastNoiseSIMD
[13:43:53.122] [TRACE] [14676] [World.cpp:547] [Tetra::World::populate_chunk_pass_1] Deallocated 65536 bytes for FastNoiseSIMD
[13:43:53.122] [TRACE] [14676] [World.cpp:550] [Tetra::World::populate_chunk_pass_1] Deallocated 65536 bytes for FastNoiseSIMD
[13:43:53.122] [TRACE] [14676] [World.cpp:553] [Tetra::World::populate_chunk_pass_1] Deallocated 65536 bytes for FastNoiseSIMD
[13:43:53.122] [TRACE] [14676] [World.cpp:556] [Tetra::World::populate_chunk_pass_1] Deallocated 65536 bytes for FastNoiseSIMD
[13:43:53.122] [DEBUG] [14676] [World.cpp:229] [Tetra::World::population_pass_1] Timer 'Population pass 1' completed in 88265 microseconds
[13:43:53.125] [TRACE] [6188] [World.cpp:541] [Tetra::World::populate_chunk_pass_1] Deallocated 65536 bytes for FastNoiseSIMD
[13:43:53.125] [TRACE] [6188] [World.cpp:544] [Tetra::World::populate_chunk_pass_1] Deallocated 8388608 bytes for FastNoiseSIMD
[13:43:53.125] [TRACE] [6188] [World.cpp:547] [Tetra::World::populate_chunk_pass_1] Deallocated 65536 bytes for FastNoiseSIMD
[13:43:53.125] [TRACE] [6188] [World.cpp:550] [Tetra::World::populate_chunk_pass_1] Deallocated 65536 bytes for FastNoiseSIMD
[13:43:53.125] [TRACE] [6188] [World.cpp:553] [Tetra::World::populate_chunk_pass_1] Deallocated 65536 bytes for FastNoiseSIMD
[13:43:53.125] [TRACE] [6188] [World.cpp:556] [Tetra::World::populate_chunk_pass_1] Deallocated 65536 bytes for FastNoiseSIMD
[13:43:53.125] [DEBUG] [6188] [World.cpp:229] [Tetra::World::population_pass_1] Timer 'Population pass 1' completed in 90915 microseconds
[13:43:53.131] [DEBUG] [24424] [World.cpp:137] [Tetra::World::load_chunk] Loaded chunk at (-9, 0, -7)
[13:43:53.131] [DEBUG] [24424] [World.cpp:137] [Tetra::World::load_chunk] Loaded chunk at (-9, -1, -5)
[13:43:53.131] [DEBUG] [24424] [World.cpp:162] [Tetra::World::unload_chunk] Unloaded chunk at (-3, 0, 8)
[13:43:53.131] [DEBUG] [24424] [World.cpp:162] [Tetra::World::unload_chunk] Unloaded chunk at (-1, 1, 8)
[13:43:53.131] [DEBUG] [24424] [World.cpp:162] [Tetra::World::unload_chunk] Unloaded chunk at (-1, -2, 8)
[13:43:53.131] [DEBUG] [24424] [World.cpp:162] [Tetra::World::unload_chunk] Unloaded chunk at (8, 1, 1)
[13:43:53.131] [DEBUG] [24424] [World.cpp:162] [Tetra::World::unload_chunk] Unloaded chunk at (-3, -1, 8)
[13:43:53.131] [DEBUG] [24424] [World.cpp:366] [Tetra::World::update] Deleting chunk after 6 frames wait
[13:43:53.132] [DEBUG] [24424] [World.cpp:366] [Tetra::World::update] Deleting chunk after 6 frames wait
[13:43:53.132] [DEBUG] [24424] [World.cpp:366] [Tetra::World::update] Deleting chunk after 6 frames wait
[13:43:53.133] [DEBUG] [24424] [World.cpp:366] [Tetra::World::update] Deleting chunk after 6 frames wait
[13:43:53.133] [DEBUG] [24424] [World.cpp:366] [Tetra::World::update] Deleting chunk after 6 frames wait
[13:43:53.133] [DEBUG] [25852] [World.cpp:229] [Tetra::World::population_pass_1] Timer 'Population pass 1' started
[13:43:53.133] [DEBUG] [15728] [World.cpp:229] [Tetra::World::population_pass_1] Timer 'Population pass 1' started
[13:43:53.134] [TRACE] [25852] [World.cpp:482] [Tetra::World::simplex] Allocated 65536 bytes for FastNoiseSIMD
[13:43:53.134] [TRACE] [15728] [World.cpp:482] [Tetra::World::simplex] Allocated 65536 bytes for FastNoiseSIMD
[13:43:53.134] [TRACE] [25852] [World.cpp:482] [Tetra::World::simplex] Allocated 65536 bytes for FastNoiseSIMD
[13:43:53.134] [TRACE] [15728] [World.cpp:482] [Tetra::World::simplex] Allocated 65536 bytes for FastNoiseSIMD
[13:43:53.134] [TRACE] [25852] [World.cpp:482] [Tetra::World::simplex] Allocated 65536 bytes for FastNoiseSIMD
[13:43:53.134] [TRACE] [15728] [World.cpp:482] [Tetra::World::simplex] Allocated 65536 bytes for FastNoiseSIMD
[13:43:53.135] [TRACE] [25852] [World.cpp:482] [Tetra::World::simplex] Allocated 65536 bytes for FastNoiseSIMD
[13:43:53.135] [TRACE] [15728] [World.cpp:482] [Tetra::World::simplex] Allocated 65536 bytes for FastNoiseSIMD
[13:43:53.148] [DEBUG] [24424] [World.cpp:137] [Tetra::World::load_chunk] Loaded chunk at (-9, -3, -6)
[13:43:53.148] [DEBUG] [24424] [World.cpp:137] [Tetra::World::load_chunk] Loaded chunk at (-9, 0, -5)
[13:43:53.148] [DEBUG] [24424] [World.cpp:162] [Tetra::World::unload_chunk] Unloaded chunk at (4, -3, 8)
[13:43:53.148] [DEBUG] [24424] [World.cpp:162] [Tetra::World::unload_chunk] Unloaded chunk at (0, -1, 8)
[13:43:53.148] [DEBUG] [24424] [World.cpp:162] [Tetra::World::unload_chunk] Unloaded chunk at (-2, -3, 8)
[13:43:53.148] [DEBUG] [24424] [World.cpp:162] [Tetra::World::unload_chunk] Unloaded chunk at (8, -1, 0)
[13:43:53.148] [DEBUG] [24424] [World.cpp:162] [Tetra::World::unload_chunk] Unloaded chunk at (8, -3, 1)
[13:43:53.148] [DEBUG] [24424] [World.cpp:366] [Tetra::World::update] Deleting chunk after 6 frames wait
[13:43:53.149] [DEBUG] [24424] [World.cpp:366] [Tetra::World::update] Deleting chunk after 6 frames wait
[13:43:53.149] [DEBUG] [24424] [World.cpp:366] [Tetra::World::update] Deleting chunk after 6 frames wait
[13:43:53.149] [DEBUG] [24424] [World.cpp:366] [Tetra::World::update] Deleting chunk after 6 frames wait
[13:43:53.150] [DEBUG] [24424] [World.cpp:366] [Tetra::World::update] Deleting chunk after 6 frames wait
[13:43:53.165] [DEBUG] [24424] [World.cpp:137] [Tetra::World::load_chunk] Loaded chunk at (-9, -1, -7)
[13:43:53.166] [DEBUG] [24424] [World.cpp:137] [Tetra::World::load_chunk] Loaded chunk at (-9, -3, -8)
[13:43:53.166] [DEBUG] [24424] [World.cpp:162] [Tetra::World::unload_chunk] Unloaded chunk at (8, -1, -7)
[13:43:53.166] [DEBUG] [24424] [World.cpp:162] [Tetra::World::unload_chunk] Unloaded chunk at (8, 0, 8)
[13:43:53.166] [DEBUG] [24424] [World.cpp:162] [Tetra::World::unload_chunk] Unloaded chunk at (0, 0, 8)
[13:43:53.166] [DEBUG] [24424] [World.cpp:162] [Tetra::World::unload_chunk] Unloaded chunk at (4, 0, 8)
[13:43:53.166] [DEBUG] [24424] [World.cpp:162] [Tetra::World::unload_chunk] Unloaded chunk at (-1, -3, 8)
[13:43:53.166] [DEBUG] [24424] [World.cpp:366] [Tetra::World::update] Deleting chunk after 6 frames wait
[13:43:53.166] [DEBUG] [24424] [World.cpp:366] [Tetra::World::update] Deleting chunk after 6 frames wait
[13:43:53.166] [DEBUG] [24424] [World.cpp:366] [Tetra::World::update] Deleting chunk after 6 frames wait
[13:43:53.167] [DEBUG] [24424] [World.cpp:366] [Tetra::World::update] Deleting chunk after 6 frames wait
[13:43:53.167] [DEBUG] [24424] [World.cpp:366] [Tetra::World::update] Deleting chunk after 6 frames wait
[13:43:53.181] [DEBUG] [24424] [World.cpp:137] [Tetra::World::load_chunk] Loaded chunk at (-9, 0, -4)
[13:43:53.182] [DEBUG] [24424] [World.cpp:137] [Tetra::World::load_chunk] Loaded chunk at (-9, -3, 4)
[13:43:53.182] [DEBUG] [24424] [World.cpp:162] [Tetra::World::unload_chunk] Unloaded chunk at (8, 0, 0)
[13:43:53.182] [DEBUG] [24424] [World.cpp:162] [Tetra::World::unload_chunk] Unloaded chunk at (8, -1, 3)
[13:43:53.182] [DEBUG] [24424] [World.cpp:162] [Tetra::World::unload_chunk] Unloaded chunk at (8, -3, 2)
[13:43:53.182] [DEBUG] [24424] [World.cpp:162] [Tetra::World::unload_chunk] Unloaded chunk at (8, -3, 3)
[13:43:53.182] [DEBUG] [24424] [World.cpp:162] [Tetra::World::unload_chunk] Unloaded chunk at (8, -1, 2)
[13:43:53.182] [DEBUG] [24424] [World.cpp:366] [Tetra::World::update] Deleting chunk after 6 frames wait
[13:43:53.183] [DEBUG] [24424] [World.cpp:366] [Tetra::World::update] Deleting chunk after 6 frames wait
[13:43:53.183] [DEBUG] [24424] [World.cpp:366] [Tetra::World::update] Deleting chunk after 6 frames wait
[13:43:53.183] [DEBUG] [24424] [World.cpp:366] [Tetra::World::update] Deleting chunk after 6 frames wait
[13:43:53.184] [DEBUG] [24424] [World.cpp:366] [Tetra::World::update] Deleting chunk after 6 frames wait
[13:43:53.198] [DEBUG] [24424] [World.cpp:137] [Tetra::World::load_chunk] Loaded chunk at (-9, -1, 5)
[13:43:53.199] [DEBUG] [24424] [World.cpp:137] [Tetra::World::load_chunk] Loaded chunk at (-9, -3, -1)
[13:43:53.199] [DEBUG] [24424] [World.cpp:162] [Tetra::World::unload_chunk] Unloaded chunk at (2, -1, 8)
[13:43:53.199] [DEBUG] [24424] [World.cpp:162] [Tetra::World::unload_chunk] Unloaded chunk at (8, -2, 2)
[13:43:53.199] [DEBUG] [24424] [World.cpp:162] [Tetra::World::unload_chunk] Unloaded chunk at (8, -2, 0)
[13:43:53.199] [DEBUG] [24424] [World.cpp:162] [Tetra::World::unload_chunk] Unloaded chunk at (0, -2, 8)
[13:43:53.199] [DEBUG] [24424] [World.cpp:162] [Tetra::World::unload_chunk] Unloaded chunk at (2, -2, 8)
[13:43:53.199] [DEBUG] [24424] [World.cpp:366] [Tetra::World::update] Deleting chunk after 6 frames wait
[13:43:53.199] [DEBUG] [24424] [World.cpp:366] [Tetra::World::update] Deleting chunk after 6 frames wait
[13:43:53.199] [DEBUG] [24424] [World.cpp:366] [Tetra::World::update] Deleting chunk after 6 frames wait
[13:43:53.200] [DEBUG] [24424] [World.cpp:366] [Tetra::World::update] Deleting chunk after 6 frames wait
[13:43:53.200] [DEBUG] [24424] [World.cpp:366] [Tetra::World::update] Deleting chunk after 6 frames wait
[13:43:53.205] [TRACE] [11368] [World.cpp:482] [Tetra::World::simplex] Allocated 8388608 bytes for FastNoiseSIMD
[13:43:53.205] [TRACE] [11368] [World.cpp:482] [Tetra::World::simplex] Allocated 65536 bytes for FastNoiseSIMD
[13:43:53.210] [TRACE] [23068] [World.cpp:482] [Tetra::World::simplex] Allocated 8388608 bytes for FastNoiseSIMD
[13:43:53.210] [TRACE] [23068] [World.cpp:482] [Tetra::World::simplex] Allocated 65536 bytes for FastNoiseSIMD
[13:43:53.210] [TRACE] [11368] [World.cpp:541] [Tetra::World::populate_chunk_pass_1] Deallocated 65536 bytes for FastNoiseSIMD
[13:43:53.210] [TRACE] [11368] [World.cpp:544] [Tetra::World::populate_chunk_pass_1] Deallocated 8388608 bytes for FastNoiseSIMD
[13:43:53.211] [TRACE] [11368] [World.cpp:547] [Tetra::World::populate_chunk_pass_1] Deallocated 65536 bytes for FastNoiseSIMD
[13:43:53.211] [TRACE] [11368] [World.cpp:550] [Tetra::World::populate_chunk_pass_1] Deallocated 65536 bytes for FastNoiseSIMD
[13:43:53.211] [TRACE] [11368] [World.cpp:553] [Tetra::World::populate_chunk_pass_1] Deallocated 65536 bytes for FastNoiseSIMD
[13:43:53.211] [TRACE] [11368] [World.cpp:556] [Tetra::World::populate_chunk_pass_1] Deallocated 65536 bytes for FastNoiseSIMD
[13:43:53.211] [DEBUG] [11368] [World.cpp:229] [Tetra::World::population_pass_1] Timer 'Population pass 1' completed in 93585 microseconds
[13:43:53.214] [DEBUG] [24424] [World.cpp:137] [Tetra::World::load_chunk] Loaded chunk at (-9, -1, -2)
[13:43:53.215] [DEBUG] [24424] [World.cpp:137] [Tetra::World::load_chunk] Loaded chunk at (-9, 0, 3)
[13:43:53.215] [DEBUG] [24424] [World.cpp:162] [Tetra::World::unload_chunk] Unloaded chunk at (8, 0, 2)
[13:43:53.215] [DEBUG] [24424] [World.cpp:162] [Tetra::World::unload_chunk] Unloaded chunk at (8, 1, 2)
[13:43:53.215] [DEBUG] [24424] [World.cpp:162] [Tetra::World::unload_chunk] Unloaded chunk at (1, -3, 8)
[13:43:53.215] [DEBUG] [24424] [World.cpp:162] [Tetra::World::unload_chunk] Unloaded chunk at (5, -1, 8)
[13:43:53.215] [DEBUG] [24424] [World.cpp:162] [Tetra::World::unload_chunk] Unloaded chunk at (1, -2, 8)
[13:43:53.215] [DEBUG] [24424] [World.cpp:366] [Tetra::World::update] Deleting chunk after 6 frames wait
[13:43:53.216] [DEBUG] [24424] [World.cpp:366] [Tetra::World::update] Deleting chunk after 6 frames wait
[13:43:53.216] [DEBUG] [24424] [World.cpp:366] [Tetra::World::update] Deleting chunk after 6 frames wait
[13:43:53.216] [DEBUG] [24424] [World.cpp:366] [Tetra::World::update] Deleting chunk after 6 frames wait
[13:43:53.217] [DEBUG] [24424] [World.cpp:366] [Tetra::World::update] Deleting chunk after 6 frames wait
[13:43:53.217] [TRACE] [23068] [World.cpp:541] [Tetra::World::populate_chunk_pass_1] Deallocated 65536 bytes for FastNoiseSIMD
[13:43:53.217] [TRACE] [23068] [World.cpp:544] [Tetra::World::populate_chunk_pass_1] Deallocated 8388608 bytes for FastNoiseSIMD
[13:43:53.218] [DEBUG] [2452] [World.cpp:229] [Tetra::World::population_pass_1] Timer 'Population pass 1' started
[13:43:53.218] [TRACE] [23068] [World.cpp:547] [Tetra::World::populate_chunk_pass_1] Deallocated 65536 bytes for FastNoiseSIMD
[13:43:53.218] [TRACE] [23068] [World.cpp:550] [Tetra::World::populate_chunk_pass_1] Deallocated 65536 bytes for FastNoiseSIMD
[13:43:53.218] [TRACE] [23068] [World.cpp:553] [Tetra::World::populate_chunk_pass_1] Deallocated 65536 bytes for FastNoiseSIMD
[13:43:53.218] [TRACE] [23068] [World.cpp:556] [Tetra::World::populate_chunk_pass_1] Deallocated 65536 bytes for FastNoiseSIMD
[13:43:53.218] [DEBUG] [23068] [World.cpp:229] [Tetra::World::population_pass_1] Timer 'Population pass 1' completed in 100941 microseconds
[13:43:53.218] [TRACE] [2452] [World.cpp:482] [Tetra::World::simplex] Allocated 65536 bytes for FastNoiseSIMD
[13:43:53.219] [TRACE] [2452] [World.cpp:482] [Tetra::World::simplex] Allocated 65536 bytes for FastNoiseSIMD
[13:43:53.219] [TRACE] [2452] [World.cpp:482] [Tetra::World::simplex] Allocated 65536 bytes for FastNoiseSIMD
[13:43:53.219] [TRACE] [2452] [World.cpp:482] [Tetra::World::simplex] Allocated 65536 bytes for FastNoiseSIMD
[13:43:53.223] [TRACE] [25852] [World.cpp:482] [Tetra::World::simplex] Allocated 8388608 bytes for FastNoiseSIMD
[13:43:53.224] [TRACE] [25852] [World.cpp:482] [Tetra::World::simplex] Allocated 65536 bytes for FastNoiseSIMD
[13:43:53.227] [TRACE] [15728] [World.cpp:482] [Tetra::World::simplex] Allocated 8388608 bytes for FastNoiseSIMD
[13:43:53.227] [TRACE] [15728] [World.cpp:482] [Tetra::World::simplex] Allocated 65536 bytes for FastNoiseSIMD
[13:43:53.229] [TRACE] [25852] [World.cpp:541] [Tetra::World::populate_chunk_pass_1] Deallocated 65536 bytes for FastNoiseSIMD
[13:43:53.229] [TRACE] [25852] [World.cpp:544] [Tetra::World::populate_chunk_pass_1] Deallocated 8388608 bytes for FastNoiseSIMD
[13:43:53.229] [TRACE] [25852] [World.cpp:547] [Tetra::World::populate_chunk_pass_1] Deallocated 65536 bytes for FastNoiseSIMD
[13:43:53.229] [TRACE] [25852] [World.cpp:550] [Tetra::World::populate_chunk_pass_1] Deallocated 65536 bytes for FastNoiseSIMD
[13:43:53.229] [TRACE] [25852] [World.cpp:553] [Tetra::World::populate_chunk_pass_1] Deallocated 65536 bytes for FastNoiseSIMD
[13:43:53.229] [TRACE] [25852] [World.cpp:556] [Tetra::World::populate_chunk_pass_1] Deallocated 65536 bytes for FastNoiseSIMD
[13:43:53.230] [DEBUG] [25852] [World.cpp:229] [Tetra::World::population_pass_1] Timer 'Population pass 1' completed in 96101 microseconds
[13:43:53.231] [DEBUG] [24424] [World.cpp:137] [Tetra::World::load_chunk] Loaded chunk at (-9, -3, 0)
[13:43:53.232] [DEBUG] [24424] [World.cpp:137] [Tetra::World::load_chunk] Loaded chunk at (-9, -1, 1)
[13:43:53.232] [DEBUG] [24424] [World.cpp:162] [Tetra::World::unload_chunk] Unloaded chunk at (1, 0, 8)
[13:43:53.232] [DEBUG] [24424] [World.cpp:162] [Tetra::World::unload_chunk] Unloaded chunk at (1, -1, 8)
[13:43:53.232] [DEBUG] [24424] [World.cpp:162] [Tetra::World::unload_chunk] Unloaded chunk at (5, -3, 8)
[13:43:53.232] [DEBUG] [24424] [World.cpp:162] [Tetra::World::unload_chunk] Unloaded chunk at (7, 1, 8)
[13:43:53.232] [DEBUG] [24424] [World.cpp:162] [Tetra::World::unload_chunk] Unloaded chunk at (7, 0, 8)
[13:43:53.232] [DEBUG] [24424] [World.cpp:366] [Tetra::World::update] Deleting chunk after 6 frames wait
[13:43:53.233] [DEBUG] [24424] [World.cpp:366] [Tetra::World::update] Deleting chunk after 6 frames wait
[13:43:53.233] [DEBUG] [24424] [World.cpp:366] [Tetra::World::update] Deleting chunk after 6 frames wait
[13:43:53.233] [TRACE] [15728] [World.cpp:541] [Tetra::World::populate_chunk_pass_1] Deallocated 65536 bytes for FastNoiseSIMD
[13:43:53.233] [TRACE] [15728] [World.cpp:544] [Tetra::World::populate_chunk_pass_1] Deallocated 8388608 bytes for FastNoiseSIMD
[13:43:53.233] [DEBUG] [24424] [World.cpp:366] [Tetra::World::update] Deleting chunk after 6 frames wait
[13:43:53.234] [DEBUG] [24424] [World.cpp:366] [Tetra::World::update] Deleting chunk after 6 frames wait
[13:43:53.234] [TRACE] [15728] [World.cpp:547] [Tetra::World::populate_chunk_pass_1] Deallocated 65536 bytes for FastNoiseSIMD
[13:43:53.234] [TRACE] [15728] [World.cpp:550] [Tetra::World::populate_chunk_pass_1] Deallocated 65536 bytes for FastNoiseSIMD
[13:43:53.234] [TRACE] [15728] [World.cpp:553] [Tetra::World::populate_chunk_pass_1] Deallocated 65536 bytes for FastNoiseSIMD
[13:43:53.234] [TRACE] [15728] [World.cpp:556] [Tetra::World::populate_chunk_pass_1] Deallocated 65536 bytes for FastNoiseSIMD
[13:43:53.234] [DEBUG] [15728] [World.cpp:229] [Tetra::World::population_pass_1] Timer 'Population pass 1' completed in 100500 microseconds
[13:43:53.235] [DEBUG] [8144] [World.cpp:229] [Tetra::World::population_pass_1] Timer 'Population pass 1' started
[13:43:53.235] [DEBUG] [9572] [World.cpp:229] [Tetra::World::population_pass_1] Timer 'Population pass 1' started
[13:43:53.235] [DEBUG] [15804] [World.cpp:229] [Tetra::World::population_pass_1] Timer 'Population pass 1' started
[13:43:53.235] [TRACE] [8144] [World.cpp:482] [Tetra::World::simplex] Allocated 65536 bytes for FastNoiseSIMD
[13:43:53.235] [TRACE] [9572] [World.cpp:482] [Tetra::World::simplex] Allocated 65536 bytes for FastNoiseSIMD
[13:43:53.235] [TRACE] [8144] [World.cpp:482] [Tetra::World::simplex] Allocated 65536 bytes for FastNoiseSIMD
[13:43:53.236] [TRACE] [15804] [World.cpp:482] [Tetra::World::simplex] Allocated 65536 bytes for FastNoiseSIMD
[13:43:53.236] [TRACE] [9572] [World.cpp:482] [Tetra::World::simplex] Allocated 65536 bytes for FastNoiseSIMD
[13:43:53.236] [TRACE] [15804] [World.cpp:482] [Tetra::World::simplex] Allocated 65536 bytes for FastNoiseSIMD
[13:43:53.236] [TRACE] [8144] [World.cpp:482] [Tetra::World::simplex] Allocated 65536 bytes for FastNoiseSIMD
[13:43:53.236] [TRACE] [9572] [World.cpp:482] [Tetra::World::simplex] Allocated 65536 bytes for FastNoiseSIMD
[13:43:53.236] [TRACE] [15804] [World.cpp:482] [Tetra::World::simplex] Allocated 65536 bytes for FastNoiseSIMD
[13:43:53.236] [TRACE] [8144] [World.cpp:482] [Tetra::World::simplex] Allocated 65536 bytes for FastNoiseSIMD
[13:43:53.236] [TRACE] [9572] [World.cpp:482] [Tetra::World::simplex] Allocated 65536 bytes for FastNoiseSIMD
[13:43:53.236] [TRACE] [15804] [World.cpp:482] [Tetra::World::simplex] Allocated 65536 bytes for FastNoiseSIMD
[13:43:53.248] [DEBUG] [24424] [World.cpp:137] [Tetra::World::load_chunk] Loaded chunk at (-9, 0, 2)
[13:43:53.249] [DEBUG] [24424] [World.cpp:137] [Tetra::World::load_chunk] Loaded chunk at (-9, -3, 1)
[13:43:53.249] [DEBUG] [24424] [World.cpp:162] [Tetra::World::unload_chunk] Unloaded chunk at (1, 1, 8)
[13:43:53.249] [DEBUG] [24424] [World.cpp:162] [Tetra::World::unload_chunk] Unloaded chunk at (2, -3, 8)
[13:43:53.249] [DEBUG] [24424] [World.cpp:162] [Tetra::World::unload_chunk] Unloaded chunk at (2, 0, 8)
[13:43:53.249] [DEBUG] [24424] [World.cpp:162] [Tetra::World::unload_chunk] Unloaded chunk at (2, 1, 8)
[13:43:53.249] [DEBUG] [24424] [World.cpp:162] [Tetra::World::unload_chunk] Unloaded chunk at (3, -3, 8)
[13:43:53.249] [DEBUG] [24424] [World.cpp:366] [Tetra::World::update] Deleting chunk after 6 frames wait
[13:43:53.249] [DEBUG] [24424] [World.cpp:366] [Tetra::World::update] Deleting chunk after 6 frames wait
[13:43:53.250] [DEBUG] [24424] [World.cpp:366] [Tetra::World::update] Deleting chunk after 6 frames wait
[13:43:53.250] [DEBUG] [24424] [World.cpp:366] [Tetra::World::update] Deleting chunk after 6 frames wait
[13:43:53.251] [DEBUG] [24424] [World.cpp:366] [Tetra::World::update] Deleting chunk after 6 frames wait
[13:43:53.265] [DEBUG] [24424] [World.cpp:137] [Tetra::World::load_chunk] Loaded chunk at (-9, -1, 0)
[13:43:53.266] [DEBUG] [24424] [World.cpp:137] [Tetra::World::load_chunk] Loaded chunk at (-9, 0, 1)
[13:43:53.266] [DEBUG] [24424] [World.cpp:162] [Tetra::World::unload_chunk] Unloaded chunk at (3, -2, 8)
[13:43:53.266] [DEBUG] [24424] [World.cpp:162] [Tetra::World::unload_chunk] Unloaded chunk at (3, 0, 8)
[13:43:53.266] [DEBUG] [24424] [World.cpp:162] [Tetra::World::unload_chunk] Unloaded chunk at (3, -1, 8)
[13:43:53.266] [DEBUG] [24424] [World.cpp:162] [Tetra::World::unload_chunk] Unloaded chunk at (3, 1, 8)
[13:43:53.266] [DEBUG] [24424] [World.cpp:162] [Tetra::World::unload_chunk] Unloaded chunk at (4, -2, 8)
[13:43:53.266] [DEBUG] [24424] [World.cpp:366] [Tetra::World::update] Deleting chunk after 6 frames wait
[13:43:53.266] [DEBUG] [24424] [World.cpp:366] [Tetra::World::update] Deleting chunk after 6 frames wait
[13:43:53.267] [DEBUG] [24424] [World.cpp:366] [Tetra::World::update] Deleting chunk after 6 frames wait
[13:43:53.267] [DEBUG] [24424] [World.cpp:366] [Tetra::World::update] Deleting chunk after 6 frames wait
[13:43:53.268] [DEBUG] [24424] [World.cpp:366] [Tetra::World::update] Deleting chunk after 6 frames wait
[13:43:53.281] [DEBUG] [24424] [World.cpp:137] [Tetra::World::load_chunk] Loaded chunk at (-9, -3, 2)
[13:43:53.282] [DEBUG] [24424] [World.cpp:137] [Tetra::World::load_chunk] Loaded chunk at (-9, -1, 3)
[13:43:53.282] [DEBUG] [24424] [World.cpp:162] [Tetra::World::unload_chunk] Unloaded chunk at (5, -2, 8)
[13:43:53.282] [DEBUG] [24424] [World.cpp:162] [Tetra::World::unload_chunk] Unloaded chunk at (5, 0, 8)
[13:43:53.282] [DEBUG] [24424] [World.cpp:162] [Tetra::World::unload_chunk] Unloaded chunk at (5, 1, 8)
[13:43:53.282] [DEBUG] [24424] [World.cpp:162] [Tetra::World::unload_chunk] Unloaded chunk at (6, -3, 8)
[13:43:53.282] [DEBUG] [24424] [World.cpp:162] [Tetra::World::unload_chunk] Unloaded chunk at (8, 0, 7)
[13:43:53.282] [DEBUG] [24424] [World.cpp:366] [Tetra::World::update] Deleting chunk after 6 frames wait
[13:43:53.283] [DEBUG] [24424] [World.cpp:366] [Tetra::World::update] Deleting chunk after 6 frames wait
[13:43:53.283] [DEBUG] [24424] [World.cpp:366] [Tetra::World::update] Deleting chunk after 6 frames wait
[13:43:53.284] [DEBUG] [24424] [World.cpp:366] [Tetra::World::update] Deleting chunk after 6 frames wait
[13:43:53.284] [DEBUG] [24424] [World.cpp:366] [Tetra::World::update] Deleting chunk after 6 frames wait
[13:43:53.298] [DEBUG] [24424] [World.cpp:137] [Tetra::World::load_chunk] Loaded chunk at (-9, 0, 0)
[13:43:53.300] [DEBUG] [24424] [World.cpp:137] [Tetra::World::load_chunk] Loaded chunk at (-9, -3, 3)
[13:43:53.300] [DEBUG] [24424] [World.cpp:162] [Tetra::World::unload_chunk] Unloaded chunk at (8, -1, -8)
[13:43:53.300] [DEBUG] [24424] [World.cpp:162] [Tetra::World::unload_chunk] Unloaded chunk at (6, -2, 8)
[13:43:53.300] [DEBUG] [24424] [World.cpp:162] [Tetra::World::unload_chunk] Unloaded chunk at (8, -2, -8)
[13:43:53.300] [DEBUG] [24424] [World.cpp:162] [Tetra::World::unload_chunk] Unloaded chunk at (6, -1, 8)
[13:43:53.300] [DEBUG] [24424] [World.cpp:162] [Tetra::World::unload_chunk] Unloaded chunk at (8, -2, 7)
[13:43:53.300] [DEBUG] [24424] [World.cpp:366] [Tetra::World::update] Deleting chunk after 6 frames wait
[13:43:53.300] [DEBUG] [24424] [World.cpp:366] [Tetra::World::update] Deleting chunk after 6 frames wait
[13:43:53.301] [DEBUG] [24424] [World.cpp:366] [Tetra::World::update] Deleting chunk after 6 frames wait
[13:43:53.301] [DEBUG] [24424] [World.cpp:366] [Tetra::World::update] Deleting chunk after 6 frames wait
[13:43:53.302] [DEBUG] [24424] [World.cpp:366] [Tetra::World::update] Deleting chunk after 6 frames wait
[13:43:53.315] [DEBUG] [24424] [World.cpp:137] [Tetra::World::load_chunk] Loaded chunk at (-9, -1, 2)
[13:43:53.316] [DEBUG] [24424] [World.cpp:137] [Tetra::World::load_chunk] Loaded chunk at (-9, -2, -9)
[13:43:53.316] [DEBUG] [24424] [World.cpp:162] [Tetra::World::unload_chunk] Unloaded chunk at (7, -3, 8)
[13:43:53.316] [DEBUG] [24424] [World.cpp:162] [Tetra::World::unload_chunk] Unloaded chunk at (7, -2, 8)
[13:43:53.316] [DEBUG] [24424] [World.cpp:162] [Tetra::World::unload_chunk] Unloaded chunk at (7, -1, 8)
[13:43:53.316] [DEBUG] [24424] [World.cpp:162] [Tetra::World::unload_chunk] Unloaded chunk at (8, -3, -8)
[13:43:53.316] [DEBUG] [24424] [World.cpp:162] [Tetra::World::unload_chunk] Unloaded chunk at (8, -3, -7)
[13:43:53.316] [DEBUG] [24424] [World.cpp:366] [Tetra::World::update] Deleting chunk after 6 frames wait
[13:43:53.317] [DEBUG] [24424] [World.cpp:366] [Tetra::World::update] Deleting chunk after 6 frames wait
[13:43:53.317] [DEBUG] [24424] [World.cpp:366] [Tetra::World::update] Deleting chunk after 6 frames wait
[13:43:53.318] [DEBUG] [24424] [World.cpp:366] [Tetra::World::update] Deleting chunk after 6 frames wait
[13:43:53.318] [DEBUG] [24424] [World.cpp:366] [Tetra::World::update] Deleting chunk after 6 frames wait
[13:43:53.319] [TRACE] [2452] [World.cpp:482] [Tetra::World::simplex] Allocated 8388608 bytes for FastNoiseSIMD
[13:43:53.319] [TRACE] [2452] [World.cpp:482] [Tetra::World::simplex] Allocated 65536 bytes for FastNoiseSIMD
[13:43:53.326] [TRACE] [2452] [World.cpp:541] [Tetra::World::populate_chunk_pass_1] Deallocated 65536 bytes for FastNoiseSIMD
[13:43:53.326] [TRACE] [2452] [World.cpp:544] [Tetra::World::populate_chunk_pass_1] Deallocated 8388608 bytes for FastNoiseSIMD
[13:43:53.327] [TRACE] [2452] [World.cpp:547] [Tetra::World::populate_chunk_pass_1] Deallocated 65536 bytes for FastNoiseSIMD
[13:43:53.327] [TRACE] [2452] [World.cpp:550] [Tetra::World::populate_chunk_pass_1] Deallocated 65536 bytes for FastNoiseSIMD
[13:43:53.327] [TRACE] [2452] [World.cpp:553] [Tetra::World::populate_chunk_pass_1] Deallocated 65536 bytes for FastNoiseSIMD
[13:43:53.327] [TRACE] [2452] [World.cpp:556] [Tetra::World::populate_chunk_pass_1] Deallocated 65536 bytes for FastNoiseSIMD
[13:43:53.327] [DEBUG] [2452] [World.cpp:229] [Tetra::World::population_pass_1] Timer 'Population pass 1' completed in 109145 microseconds
[13:43:53.332] [DEBUG] [24424] [World.cpp:137] [Tetra::World::load_chunk] Loaded chunk at (-9, -2, -8)
[13:43:53.333] [DEBUG] [24424] [World.cpp:137] [Tetra::World::load_chunk] Loaded chunk at (-9, -2, -7)
[13:43:53.333] [DEBUG] [24424] [World.cpp:162] [Tetra::World::unload_chunk] Unloaded chunk at (8, -3, -6)
[13:43:53.333] [DEBUG] [24424] [World.cpp:162] [Tetra::World::unload_chunk] Unloaded chunk at (8, -3, -5)
[13:43:53.333] [DEBUG] [24424] [World.cpp:162] [Tetra::World::unload_chunk] Unloaded chunk at (8, -1, -4)
[13:43:53.333] [DEBUG] [24424] [World.cpp:162] [Tetra::World::unload_chunk] Unloaded chunk at (8, -3, -3)
[13:43:53.333] [DEBUG] [24424] [World.cpp:162] [Tetra::World::unload_chunk] Unloaded chunk at (8, -1, -1)
[13:43:53.333] [DEBUG] [24424] [World.cpp:366] [Tetra::World::update] Deleting chunk after 6 frames wait
[13:43:53.333] [DEBUG] [24424] [World.cpp:366] [Tetra::World::update] Deleting chunk after 6 frames wait
[13:43:53.334] [DEBUG] [24424] [World.cpp:366] [Tetra::World::update] Deleting chunk after 6 frames wait
[13:43:53.334] [DEBUG] [24424] [World.cpp:366] [Tetra::World::update] Deleting chunk after 6 frames wait
[13:43:53.335] [DEBUG] [24424] [World.cpp:366] [Tetra::World::update] Deleting chunk after 6 frames wait
[13:43:53.336] [DEBUG] [27868] [World.cpp:229] [Tetra::World::population_pass_1] Timer 'Population pass 1' started
[13:43:53.337] [TRACE] [27868] [World.cpp:482] [Tetra::World::simplex] Allocated 65536 bytes for FastNoiseSIMD
[13:43:53.337] [TRACE] [27868] [World.cpp:482] [Tetra::World::simplex] Allocated 65536 bytes for FastNoiseSIMD
[13:43:53.337] [TRACE] [27868] [World.cpp:482] [Tetra::World::simplex] Allocated 65536 bytes for FastNoiseSIMD
[13:43:53.338] [TRACE] [27868] [World.cpp:482] [Tetra::World::simplex] Allocated 65536 bytes for FastNoiseSIMD
[13:43:53.339] [TRACE] [8144] [World.cpp:482] [Tetra::World::simplex] Allocated 8388608 bytes for FastNoiseSIMD
[13:43:53.339] [TRACE] [8144] [World.cpp:482] [Tetra::World::simplex] Allocated 65536 bytes for FastNoiseSIMD
[13:43:53.340] [TRACE] [9572] [World.cpp:482] [Tetra::World::simplex] Allocated 8388608 bytes for FastNoiseSIMD
[13:43:53.340] [TRACE] [9572] [World.cpp:482] [Tetra::World::simplex] Allocated 65536 bytes for FastNoiseSIMD
[13:43:53.341] [TRACE] [15804] [World.cpp:482] [Tetra::World::simplex] Allocated 8388608 bytes for FastNoiseSIMD
[13:43:53.341] [TRACE] [15804] [World.cpp:482] [Tetra::World::simplex] Allocated 65536 bytes for FastNoiseSIMD
[13:43:53.346] [TRACE] [8144] [World.cpp:541] [Tetra::World::populate_chunk_pass_1] Deallocated 65536 bytes for FastNoiseSIMD
[13:43:53.346] [TRACE] [8144] [World.cpp:544] [Tetra::World::populate_chunk_pass_1] Deallocated 8388608 bytes for FastNoiseSIMD
[13:43:53.347] [TRACE] [8144] [World.cpp:547] [Tetra::World::populate_chunk_pass_1] Deallocated 65536 bytes for FastNoiseSIMD
[13:43:53.347] [TRACE] [8144] [World.cpp:550] [Tetra::World::populate_chunk_pass_1] Deallocated 65536 bytes for FastNoiseSIMD
[13:43:53.347] [TRACE] [8144] [World.cpp:553] [Tetra::World::populate_chunk_pass_1] Deallocated 65536 bytes for FastNoiseSIMD
[13:43:53.347] [TRACE] [8144] [World.cpp:556] [Tetra::World::populate_chunk_pass_1] Deallocated 65536 bytes for FastNoiseSIMD
[13:43:53.347] [DEBUG] [8144] [World.cpp:229] [Tetra::World::population_pass_1] Timer 'Population pass 1' completed in 111956 microseconds
[13:43:53.347] [TRACE] [9572] [World.cpp:541] [Tetra::World::populate_chunk_pass_1] Deallocated 65536 bytes for FastNoiseSIMD
[13:43:53.348] [TRACE] [9572] [World.cpp:544] [Tetra::World::populate_chunk_pass_1] Deallocated 8388608 bytes for FastNoiseSIMD
[13:43:53.348] [TRACE] [9572] [World.cpp:547] [Tetra::World::populate_chunk_pass_1] Deallocated 65536 bytes for FastNoiseSIMD
[13:43:53.348] [TRACE] [9572] [World.cpp:550] [Tetra::World::populate_chunk_pass_1] Deallocated 65536 bytes for FastNoiseSIMD
[13:43:53.348] [TRACE] [9572] [World.cpp:553] [Tetra::World::populate_chunk_pass_1] Deallocated 65536 bytes for FastNoiseSIMD
[13:43:53.348] [TRACE] [9572] [World.cpp:556] [Tetra::World::populate_chunk_pass_1] Deallocated 65536 bytes for FastNoiseSIMD
[13:43:53.348] [DEBUG] [9572] [World.cpp:229] [Tetra::World::population_pass_1] Timer 'Population pass 1' completed in 113266 microseconds
[13:43:53.348] [TRACE] [15804] [World.cpp:541] [Tetra::World::populate_chunk_pass_1] Deallocated 65536 bytes for FastNoiseSIMD
[13:43:53.348] [TRACE] [15804] [World.cpp:544] [Tetra::World::populate_chunk_pass_1] Deallocated 8388608 bytes for FastNoiseSIMD
[13:43:53.348] [DEBUG] [24424] [World.cpp:137] [Tetra::World::load_chunk] Loaded chunk at (-9, -2, -6)
[13:43:53.349] [TRACE] [15804] [World.cpp:547] [Tetra::World::populate_chunk_pass_1] Deallocated 65536 bytes for FastNoiseSIMD
[13:43:53.349] [TRACE] [15804] [World.cpp:550] [Tetra::World::populate_chunk_pass_1] Deallocated 65536 bytes for FastNoiseSIMD
[13:43:53.349] [TRACE] [15804] [World.cpp:553] [Tetra::World::populate_chunk_pass_1] Deallocated 65536 bytes for FastNoiseSIMD
[13:43:53.349] [TRACE] [15804] [World.cpp:556] [Tetra::World::populate_chunk_pass_1] Deallocated 65536 bytes for FastNoiseSIMD
[13:43:53.349] [DEBUG] [15804] [World.cpp:229] [Tetra::World::population_pass_1] Timer 'Population pass 1' completed in 113987 microseconds
[13:43:53.349] [DEBUG] [24424] [World.cpp:137] [Tetra::World::load_chunk] Loaded chunk at (-9, -2, -5)
[13:43:53.349] [DEBUG] [24424] [World.cpp:162] [Tetra::World::unload_chunk] Unloaded chunk at (8, -3, -2)
[13:43:53.349] [DEBUG] [24424] [World.cpp:162] [Tetra::World::unload_chunk] Unloaded chunk at (8, -1, -2)
[13:43:53.349] [DEBUG] [24424] [World.cpp:162] [Tetra::World::unload_chunk] Unloaded chunk at (8, -3, -1)
[13:43:53.349] [DEBUG] [24424] [World.cpp:162] [Tetra::World::unload_chunk] Unloaded chunk at (8, -3, 4)
[13:43:53.349] [DEBUG] [24424] [World.cpp:162] [Tetra::World::unload_chunk] Unloaded chunk at (8, -1, 5)
[13:43:53.349] [DEBUG] [24424] [World.cpp:366] [Tetra::World::update] Deleting chunk after 6 frames wait
[13:43:53.350] [DEBUG] [24424] [World.cpp:366] [Tetra::World::update] Deleting chunk after 6 frames wait
[13:43:53.351] [DEBUG] [24424] [World.cpp:366] [Tetra::World::update] Deleting chunk after 6 frames wait
[13:43:53.351] [DEBUG] [24424] [World.cpp:366] [Tetra::World::update] Deleting chunk after 6 frames wait
[13:43:53.352] [DEBUG] [24424] [World.cpp:366] [Tetra::World::update] Deleting chunk after 6 frames wait
[13:43:53.352] [DEBUG] [2040] [World.cpp:229] [Tetra::World::population_pass_1] Timer 'Population pass 1' started
[13:43:53.352] [DEBUG] [19364] [World.cpp:229] [Tetra::World::population_pass_1] Timer 'Population pass 1' started
[13:43:53.353] [DEBUG] [11204] [World.cpp:229] [Tetra::World::population_pass_1] Timer 'Population pass 1' started
[13:43:53.353] [TRACE] [2040] [World.cpp:482] [Tetra::World::simplex] Allocated 65536 bytes for FastNoiseSIMD
[13:43:53.353] [TRACE] [19364] [World.cpp:482] [Tetra::World::simplex] Allocated 65536 bytes for FastNoiseSIMD
[13:43:53.353] [TRACE] [2040] [World.cpp:482] [Tetra::World::simplex] Allocated 65536 bytes for FastNoiseSIMD
[13:43:53.353] [TRACE] [11204] [World.cpp:482] [Tetra::World::simplex] Allocated 65536 bytes for FastNoiseSIMD
[13:43:53.353] [TRACE] [19364] [World.cpp:482] [Tetra::World::simplex] Allocated 65536 bytes for FastNoiseSIMD
[13:43:53.353] [TRACE] [2040] [World.cpp:482] [Tetra::World::simplex] Allocated 65536 bytes for FastNoiseSIMD
[13:43:53.353] [TRACE] [11204] [World.cpp:482] [Tetra::World::simplex] Allocated 65536 bytes for FastNoiseSIMD
[13:43:53.354] [TRACE] [19364] [World.cpp:482] [Tetra::World::simplex] Allocated 65536 bytes for FastNoiseSIMD
[13:43:53.354] [TRACE] [2040] [World.cpp:482] [Tetra::World::simplex] Allocated 65536 bytes for FastNoiseSIMD
[13:43:53.354] [TRACE] [11204] [World.cpp:482] [Tetra::World::simplex] Allocated 65536 bytes for FastNoiseSIMD
[13:43:53.354] [TRACE] [19364] [World.cpp:482] [Tetra::World::simplex] Allocated 65536 bytes for FastNoiseSIMD
[13:43:53.354] [TRACE] [11204] [World.cpp:482] [Tetra::World::simplex] Allocated 65536 bytes for FastNoiseSIMD
[13:43:53.365] [DEBUG] [24424] [World.cpp:137] [Tetra::World::load_chunk] Loaded chunk at (6, -3, -9)
[13:43:53.366] [DEBUG] [24424] [World.cpp:137] [Tetra::World::load_chunk] Loaded chunk at (-9, -2, 7)
[13:43:53.366] [DEBUG] [24424] [World.cpp:162] [Tetra::World::unload_chunk] Unloaded chunk at (8, -3, 5)
[13:43:53.366] [DEBUG] [24424] [World.cpp:162] [Tetra::World::unload_chunk] Unloaded chunk at (8, -1, 4)
[13:43:53.366] [DEBUG] [24424] [World.cpp:162] [Tetra::World::unload_chunk] Unloaded chunk at (8, -3, 6)
[13:43:53.366] [DEBUG] [24424] [World.cpp:162] [Tetra::World::unload_chunk] Unloaded chunk at (8, -1, 7)
[13:43:53.366] [DEBUG] [24424] [World.cpp:162] [Tetra::World::unload_chunk] Unloaded chunk at (8, -3, 7)
[13:43:53.366] [DEBUG] [24424] [World.cpp:366] [Tetra::World::update] Deleting chunk after 6 frames wait
[13:43:53.366] [DEBUG] [24424] [World.cpp:366] [Tetra::World::update] Deleting chunk after 6 frames wait
[13:43:53.367] [DEBUG] [24424] [World.cpp:366] [Tetra::World::update] Deleting chunk after 6 frames wait
[13:43:53.367] [DEBUG] [24424] [World.cpp:366] [Tetra::World::update] Deleting chunk after 6 frames wait
[13:43:53.368] [DEBUG] [24424] [World.cpp:366] [Tetra::World::update] Deleting chunk after 6 frames wait
[13:43:53.382] [DEBUG] [24424] [World.cpp:137] [Tetra::World::load_chunk] Loaded chunk at (-9, -2, -4)
[13:43:53.383] [DEBUG] [24424] [World.cpp:137] [Tetra::World::load_chunk] Loaded chunk at (6, -1, -9)
[13:43:53.383] [DEBUG] [24424] [World.cpp:162] [Tetra::World::unload_chunk] Unloaded chunk at (8, -1, 6)
[13:43:53.383] [DEBUG] [24424] [World.cpp:162] [Tetra::World::unload_chunk] Unloaded chunk at (8, -2, -6)
[13:43:53.383] [DEBUG] [24424] [World.cpp:162] [Tetra::World::unload_chunk] Unloaded chunk at (8, -2, -5)
[13:43:53.383] [DEBUG] [24424] [World.cpp:162] [Tetra::World::unload_chunk] Unloaded chunk at (8, -2, -4)
[13:43:53.383] [DEBUG] [24424] [World.cpp:162] [Tetra::World::unload_chunk] Unloaded chunk at (8, -2, -2)
[13:43:53.383] [DEBUG] [24424] [World.cpp:366] [Tetra::World::update] Deleting chunk after 6 frames wait
[13:43:53.383] [DEBUG] [24424] [World.cpp:366] [Tetra::World::update] Deleting chunk after 6 frames wait
[13:43:53.384] [DEBUG] [24424] [World.cpp:366] [Tetra::World::update] Deleting chunk after 6 frames wait
[13:43:53.385] [DEBUG] [24424] [World.cpp:366] [Tetra::World::update] Deleting chunk after 6 frames wait
[13:43:53.385] [DEBUG] [24424] [World.cpp:366] [Tetra::World::update] Deleting chunk after 6 frames wait
[13:43:53.398] [DEBUG] [24424] [World.cpp:137] [Tetra::World::load_chunk] Loaded chunk at (-9, -2, 6)
[13:43:53.399] [DEBUG] [24424] [World.cpp:137] [Tetra::World::load_chunk] Loaded chunk at (-9, -2, -3)
[13:43:53.399] [DEBUG] [24424] [World.cpp:162] [Tetra::World::unload_chunk] Unloaded chunk at (8, -2, -1)
[13:43:53.399] [DEBUG] [24424] [World.cpp:162] [Tetra::World::unload_chunk] Unloaded chunk at (8, -2, 3)
[13:43:53.399] [DEBUG] [24424] [World.cpp:162] [Tetra::World::unload_chunk] Unloaded chunk at (8, -2, 4)
[13:43:53.399] [DEBUG] [24424] [World.cpp:162] [Tetra::World::unload_chunk] Unloaded chunk at (8, -2, 5)
[13:43:53.399] [DEBUG] [24424] [World.cpp:162] [Tetra::World::unload_chunk] Unloaded chunk at (8, -2, 6)
[13:43:53.399] [DEBUG] [24424] [World.cpp:366] [Tetra::World::update] Deleting chunk after 6 frames wait
[13:43:53.400] [DEBUG] [24424] [World.cpp:366] [Tetra::World::update] Deleting chunk after 6 frames wait
[13:43:53.400] [DEBUG] [24424] [World.cpp:366] [Tetra::World::update] Deleting chunk after 6 frames wait
[13:43:53.401] [DEBUG] [24424] [World.cpp:366] [Tetra::World::update] Deleting chunk after 6 frames wait
[13:43:53.401] [DEBUG] [24424] [World.cpp:366] [Tetra::World::update] Deleting chunk after 6 frames wait
[13:43:53.415] [DEBUG] [24424] [World.cpp:137] [Tetra::World::load_chunk] Loaded chunk at (-9, -2, 5)
[13:43:53.416] [DEBUG] [24424] [World.cpp:137] [Tetra::World::load_chunk] Loaded chunk at (-9, -2, -2)
[13:43:53.416] [DEBUG] [24424] [World.cpp:162] [Tetra::World::unload_chunk] Unloaded chunk at (8, -1, -6)
[13:43:53.416] [DEBUG] [24424] [World.cpp:162] [Tetra::World::unload_chunk] Unloaded chunk at (8, -1, -5)
[13:43:53.416] [DEBUG] [24424] [World.cpp:162] [Tetra::World::unload_chunk] Unloaded chunk at (8, 0, -5)
[13:43:53.416] [DEBUG] [24424] [World.cpp:162] [Tetra::World::unload_chunk] Unloaded chunk at (8, 0, -2)
[13:43:53.416] [DEBUG] [24424] [World.cpp:162] [Tetra::World::unload_chunk] Unloaded chunk at (8, 0, -1)
[13:43:53.416] [DEBUG] [24424] [World.cpp:366] [Tetra::World::update] Deleting chunk after 6 frames wait
[13:43:53.416] [DEBUG] [24424] [World.cpp:366] [Tetra::World::update] Deleting chunk after 6 frames wait
[13:43:53.417] [DEBUG] [24424] [World.cpp:366] [Tetra::World::update] Deleting chunk after 6 frames wait
[13:43:53.417] [DEBUG] [24424] [World.cpp:366] [Tetra::World::update] Deleting chunk after 6 frames wait
[13:43:53.418] [DEBUG] [24424] [World.cpp:366] [Tetra::World::update] Deleting chunk after 6 frames wait
[13:43:53.432] [DEBUG] [24424] [World.cpp:137] [Tetra::World::load_chunk] Loaded chunk at (-9, -2, 4)
[13:43:53.433] [DEBUG] [24424] [World.cpp:137] [Tetra::World::load_chunk] Loaded chunk at (-9, -2, -1)
[13:43:53.433] [DEBUG] [24424] [World.cpp:162] [Tetra::World::unload_chunk] Unloaded chunk at (8, 0, 3)
[13:43:53.433] [DEBUG] [24424] [World.cpp:162] [Tetra::World::unload_chunk] Unloaded chunk at (8, 0, 4)
[13:43:53.433] [DEBUG] [24424] [World.cpp:162] [Tetra::World::unload_chunk] Unloaded chunk at (8, 0, 6)
[13:43:53.433] [DEBUG] [24424] [World.cpp:162] [Tetra::World::unload_chunk] Unloaded chunk at (8, 1, -5)
[13:43:53.433] [DEBUG] [24424] [World.cpp:162] [Tetra::World::unload_chunk] Unloaded chunk at (8, 1, -2)
[13:43:53.433] [DEBUG] [24424] [World.cpp:366] [Tetra::World::update] Deleting chunk after 6 frames wait
[13:43:53.433] [DEBUG] [24424] [World.cpp:366] [Tetra::World::update] Deleting chunk after 6 frames wait
[13:43:53.434] [DEBUG] [24424] [World.cpp:366] [Tetra::World::update] Deleting chunk after 6 frames wait
[13:43:53.434] [DEBUG] [24424] [World.cpp:366] [Tetra::World::update] Deleting chunk after 6 frames wait
[13:43:53.435] [DEBUG] [24424] [World.cpp:366] [Tetra::World::update] Deleting chunk after 6 frames wait
[13:43:53.447] [TRACE] [27868] [World.cpp:482] [Tetra::World::simplex] Allocated 8388608 bytes for FastNoiseSIMD
[13:43:53.448] [TRACE] [27868] [World.cpp:482] [Tetra::World::simplex] Allocated 65536 bytes for FastNoiseSIMD
[13:43:53.448] [DEBUG] [24424] [World.cpp:137] [Tetra::World::load_chunk] Loaded chunk at (-9, -2, 0)
[13:43:53.449] [DEBUG] [24424] [World.cpp:137] [Tetra::World::load_chunk] Loaded chunk at (-9, -2, 1)
[13:43:53.449] [DEBUG] [24424] [World.cpp:162] [Tetra::World::unload_chunk] Unloaded chunk at (8, 1, -1)
[13:43:53.449] [DEBUG] [24424] [World.cpp:162] [Tetra::World::unload_chunk] Unloaded chunk at (8, 1, 3)
[13:43:53.449] [DEBUG] [24424] [World.cpp:162] [Tetra::World::unload_chunk] Unloaded chunk at (8, 1, 4)
[13:43:53.449] [DEBUG] [24424] [World.cpp:162] [Tetra::World::unload_chunk] Unloaded chunk at (8, 1, 6)
[13:43:53.449] [DEBUG] [24424] [World.cpp:162] [Tetra::World::unload_chunk] Unloaded chunk at (8, 1, 7)
[13:43:53.449] [DEBUG] [24424] [World.cpp:366] [Tetra::World::update] Deleting chunk after 6 frames wait
[13:43:53.449] [DEBUG] [24424] [World.cpp:366] [Tetra::World::update] Deleting chunk after 6 frames wait
[13:43:53.450] [DEBUG] [24424] [World.cpp:366] [Tetra::World::update] Deleting chunk after 6 frames wait
[13:43:53.450] [DEBUG] [24424] [World.cpp:366] [Tetra::World::update] Deleting chunk after 6 frames wait
[13:43:53.451] [DEBUG] [24424] [World.cpp:366] [Tetra::World::update] Deleting chunk after 6 frames wait
[13:43:53.454] [TRACE] [27868] [World.cpp:541] [Tetra::World::populate_chunk_pass_1] Deallocated 65536 bytes for FastNoiseSIMD
[13:43:53.454] [TRACE] [27868] [World.cpp:544] [Tetra::World::populate_chunk_pass_1] Deallocated 8388608 bytes for FastNoiseSIMD
[13:43:53.454] [TRACE] [27868] [World.cpp:547] [Tetra::World::populate_chunk_pass_1] Deallocated 65536 bytes for FastNoiseSIMD
[13:43:53.454] [TRACE] [27868] [World.cpp:550] [Tetra::World::populate_chunk_pass_1] Deallocated 65536 bytes for FastNoiseSIMD
[13:43:53.454] [TRACE] [27868] [World.cpp:553] [Tetra::World::populate_chunk_pass_1] Deallocated 65536 bytes for FastNoiseSIMD
[13:43:53.454] [TRACE] [27868] [World.cpp:556] [Tetra::World::populate_chunk_pass_1] Deallocated 65536 bytes for FastNoiseSIMD
[13:43:53.454] [DEBUG] [27868] [World.cpp:229] [Tetra::World::population_pass_1] Timer 'Population pass 1' completed in 118408 microseconds
[13:43:53.455] [TRACE] [11204] [World.cpp:482] [Tetra::World::simplex] Allocated 8388608 bytes for FastNoiseSIMD
[13:43:53.455] [TRACE] [11204] [World.cpp:482] [Tetra::World::simplex] Allocated 65536 bytes for FastNoiseSIMD
[13:43:53.456] [TRACE] [2040] [World.cpp:482] [Tetra::World::simplex] Allocated 8388608 bytes for FastNoiseSIMD
[13:43:53.456] [TRACE] [19364] [World.cpp:482] [Tetra::World::simplex] Allocated 8388608 bytes for FastNoiseSIMD
[13:43:53.456] [TRACE] [2040] [World.cpp:482] [Tetra::World::simplex] Allocated 65536 bytes for FastNoiseSIMD
[13:43:53.456] [TRACE] [19364] [World.cpp:482] [Tetra::World::simplex] Allocated 65536 bytes for FastNoiseSIMD
[13:43:53.462] [TRACE] [2040] [World.cpp:541] [Tetra::World::populate_chunk_pass_1] Deallocated 65536 bytes for FastNoiseSIMD
[13:43:53.462] [TRACE] [2040] [World.cpp:544] [Tetra::World::populate_chunk_pass_1] Deallocated 8388608 bytes for FastNoiseSIMD
[13:43:53.462] [TRACE] [19364] [World.cpp:541] [Tetra::World::populate_chunk_pass_1] Deallocated 65536 bytes for FastNoiseSIMD
[13:43:53.462] [TRACE] [19364] [World.cpp:544] [Tetra::World::populate_chunk_pass_1] Deallocated 8388608 bytes for FastNoiseSIMD
[13:43:53.462] [TRACE] [2040] [World.cpp:547] [Tetra::World::populate_chunk_pass_1] Deallocated 65536 bytes for FastNoiseSIMD
[13:43:53.462] [TRACE] [2040] [World.cpp:550] [Tetra::World::populate_chunk_pass_1] Deallocated 65536 bytes for FastNoiseSIMD
[13:43:53.462] [TRACE] [2040] [World.cpp:553] [Tetra::World::populate_chunk_pass_1] Deallocated 65536 bytes for FastNoiseSIMD
[13:43:53.462] [TRACE] [2040] [World.cpp:556] [Tetra::World::populate_chunk_pass_1] Deallocated 65536 bytes for FastNoiseSIMD
[13:43:53.462] [DEBUG] [2040] [World.cpp:229] [Tetra::World::population_pass_1] Timer 'Population pass 1' completed in 109860 microseconds
[13:43:53.462] [TRACE] [11204] [World.cpp:541] [Tetra::World::populate_chunk_pass_1] Deallocated 65536 bytes for FastNoiseSIMD
[13:43:53.462] [TRACE] [11204] [World.cpp:544] [Tetra::World::populate_chunk_pass_1] Deallocated 8388608 bytes for FastNoiseSIMD
[13:43:53.463] [TRACE] [19364] [World.cpp:547] [Tetra::World::populate_chunk_pass_1] Deallocated 65536 bytes for FastNoiseSIMD
[13:43:53.463] [TRACE] [19364] [World.cpp:550] [Tetra::World::populate_chunk_pass_1] Deallocated 65536 bytes for FastNoiseSIMD
[13:43:53.463] [TRACE] [19364] [World.cpp:553] [Tetra::World::populate_chunk_pass_1] Deallocated 65536 bytes for FastNoiseSIMD
[13:43:53.463] [TRACE] [19364] [World.cpp:556] [Tetra::World::populate_chunk_pass_1] Deallocated 65536 bytes for FastNoiseSIMD
[13:43:53.463] [DEBUG] [19364] [World.cpp:229] [Tetra::World::population_pass_1] Timer 'Population pass 1' completed in 110386 microseconds
[13:43:53.463] [TRACE] [11204] [World.cpp:547] [Tetra::World::populate_chunk_pass_1] Deallocated 65536 bytes for FastNoiseSIMD
[13:43:53.463] [TRACE] [11204] [World.cpp:550] [Tetra::World::populate_chunk_pass_1] Deallocated 65536 bytes for FastNoiseSIMD
[13:43:53.463] [TRACE] [11204] [World.cpp:553] [Tetra::World::populate_chunk_pass_1] Deallocated 65536 bytes for FastNoiseSIMD
[13:43:53.463] [TRACE] [11204] [World.cpp:556] [Tetra::World::populate_chunk_pass_1] Deallocated 65536 bytes for FastNoiseSIMD
[13:43:53.463] [DEBUG] [11204] [World.cpp:229] [Tetra::World::population_pass_1] Timer 'Population pass 1' completed in 110562 microseconds
[13:43:53.465] [DEBUG] [24424] [World.cpp:137] [Tetra::World::load_chunk] Loaded chunk at (-9, -2, 2)
[13:43:53.466] [DEBUG] [24424] [World.cpp:137] [Tetra::World::load_chunk] Loaded chunk at (-9, -2, 3)
[13:43:53.466] [DEBUG] [24424] [World.cpp:366] [Tetra::World::update] Deleting chunk after 6 frames wait
[13:43:53.466] [DEBUG] [24424] [World.cpp:366] [Tetra::World::update] Deleting chunk after 6 frames wait
[13:43:53.466] [DEBUG] [24424] [World.cpp:366] [Tetra::World::update] Deleting chunk after 6 frames wait
[13:43:53.467] [DEBUG] [24424] [World.cpp:366] [Tetra::World::update] Deleting chunk after 6 frames wait
[13:43:53.467] [DEBUG] [24424] [World.cpp:366] [Tetra::World::update] Deleting chunk after 6 frames wait
[13:43:53.468] [DEBUG] [16112] [World.cpp:229] [Tetra::World::population_pass_1] Timer 'Population pass 1' started
[13:43:53.468] [DEBUG] [26432] [World.cpp:229] [Tetra::World::population_pass_1] Timer 'Population pass 1' started
[13:43:53.468] [DEBUG] [8744] [World.cpp:229] [Tetra::World::population_pass_1] Timer 'Population pass 1' started
[13:43:53.468] [DEBUG] [19732] [World.cpp:229] [Tetra::World::population_pass_1] Timer 'Population pass 1' started
[13:43:53.468] [TRACE] [16112] [World.cpp:482] [Tetra::World::simplex] Allocated 65536 bytes for FastNoiseSIMD
[13:43:53.469] [TRACE] [26432] [World.cpp:482] [Tetra::World::simplex] Allocated 65536 bytes for FastNoiseSIMD
[13:43:53.469] [TRACE] [16112] [World.cpp:482] [Tetra::World::simplex] Allocated 65536 bytes for FastNoiseSIMD
[13:43:53.469] [TRACE] [8744] [World.cpp:482] [Tetra::World::simplex] Allocated 65536 bytes for FastNoiseSIMD
[13:43:53.469] [TRACE] [26432] [World.cpp:482] [Tetra::World::simplex] Allocated 65536 bytes for FastNoiseSIMD
[13:43:53.469] [TRACE] [8744] [World.cpp:482] [Tetra::World::simplex] Allocated 65536 bytes for FastNoiseSIMD
[13:43:53.469] [TRACE] [19732] [World.cpp:482] [Tetra::World::simplex] Allocated 65536 bytes for FastNoiseSIMD
[13:43:53.469] [TRACE] [16112] [World.cpp:482] [Tetra::World::simplex] Allocated 65536 bytes for FastNoiseSIMD
[13:43:53.469] [TRACE] [26432] [World.cpp:482] [Tetra::World::simplex] Allocated 65536 bytes for FastNoiseSIMD
[13:43:53.469] [TRACE] [19732] [World.cpp:482] [Tetra::World::simplex] Allocated 65536 bytes for FastNoiseSIMD
[13:43:53.469] [TRACE] [8744] [World.cpp:482] [Tetra::World::simplex] Allocated 65536 bytes for FastNoiseSIMD
[13:43:53.469] [TRACE] [16112] [World.cpp:482] [Tetra::World::simplex] Allocated 65536 bytes for FastNoiseSIMD
[13:43:53.469] [TRACE] [26432] [World.cpp:482] [Tetra::World::simplex] Allocated 65536 bytes for FastNoiseSIMD
[13:43:53.469] [TRACE] [19732] [World.cpp:482] [Tetra::World::simplex] Allocated 65536 bytes for FastNoiseSIMD
[13:43:53.469] [TRACE] [8744] [World.cpp:482] [Tetra::World::simplex] Allocated 65536 bytes for FastNoiseSIMD
[13:43:53.470] [TRACE] [19732] [World.cpp:482] [Tetra::World::simplex] Allocated 65536 bytes for FastNoiseSIMD
[13:43:53.481] [DEBUG] [24424] [World.cpp:137] [Tetra::World::load_chunk] Loaded chunk at (-9, -1, -9)
[13:43:53.482] [DEBUG] [24424] [World.cpp:137] [Tetra::World::load_chunk] Loaded chunk at (-9, 0, -9)
[13:43:53.482] [DEBUG] [24424] [World.cpp:366] [Tetra::World::update] Deleting chunk after 6 frames wait
[13:43:53.482] [DEBUG] [24424] [World.cpp:366] [Tetra::World::update] Deleting chunk after 6 frames wait
[13:43:53.483] [DEBUG] [24424] [World.cpp:366] [Tetra::World::update] Deleting chunk after 6 frames wait
[13:43:53.483] [DEBUG] [24424] [World.cpp:366] [Tetra::World::update] Deleting chunk after 6 frames wait
[13:43:53.483] [DEBUG] [24424] [World.cpp:366] [Tetra::World::update] Deleting chunk after 6 frames wait
[13:43:53.498] [DEBUG] [24424] [World.cpp:137] [Tetra::World::load_chunk] Loaded chunk at (-9, 0, 4)
[13:43:53.499] [DEBUG] [24424] [World.cpp:137] [Tetra::World::load_chunk] Loaded chunk at (-9, 0, 5)
[13:43:53.499] [DEBUG] [24424] [World.cpp:366] [Tetra::World::update] Deleting chunk after 6 frames wait
[13:43:53.499] [DEBUG] [24424] [World.cpp:366] [Tetra::World::update] Deleting chunk after 6 frames wait
[13:43:53.500] [DEBUG] [24424] [World.cpp:366] [Tetra::World::update] Deleting chunk after 6 frames wait
[13:43:53.500] [DEBUG] [24424] [World.cpp:366] [Tetra::World::update] Deleting chunk after 6 frames wait
[13:43:53.500] [DEBUG] [24424] [World.cpp:366] [Tetra::World::update] Deleting chunk after 6 frames wait
[13:43:53.515] [DEBUG] [24424] [World.cpp:137] [Tetra::World::load_chunk] Loaded chunk at (6, 1, -9)
[13:43:53.515] [DEBUG] [24424] [World.cpp:137] [Tetra::World::load_chunk] Loaded chunk at (-9, 0, 6)
[13:43:53.515] [DEBUG] [24424] [World.cpp:366] [Tetra::World::update] Deleting chunk after 6 frames wait
[13:43:53.516] [DEBUG] [24424] [World.cpp:366] [Tetra::World::update] Deleting chunk after 6 frames wait
[13:43:53.516] [DEBUG] [24424] [World.cpp:366] [Tetra::World::update] Deleting chunk after 6 frames wait
[13:43:53.517] [DEBUG] [24424] [World.cpp:366] [Tetra::World::update] Deleting chunk after 6 frames wait
[13:43:53.517] [DEBUG] [24424] [World.cpp:366] [Tetra::World::update] Deleting chunk after 6 frames wait
[13:43:53.531] [DEBUG] [24424] [World.cpp:137] [Tetra::World::load_chunk] Loaded chunk at (-9, 0, 7)
[13:43:53.532] [DEBUG] [24424] [World.cpp:137] [Tetra::World::load_chunk] Loaded chunk at (-9, 1, -9)
[13:43:53.532] [DEBUG] [24424] [World.cpp:366] [Tetra::World::update] Deleting chunk after 6 frames wait
[13:43:53.532] [DEBUG] [24424] [World.cpp:366] [Tetra::World::update] Deleting chunk after 6 frames wait
[13:43:53.533] [DEBUG] [24424] [World.cpp:366] [Tetra::World::update] Deleting chunk after 6 frames wait
[13:43:53.533] [DEBUG] [24424] [World.cpp:366] [Tetra::World::update] Deleting chunk after 6 frames wait
[13:43:53.533] [DEBUG] [24424] [World.cpp:366] [Tetra::World::update] Deleting chunk after 6 frames wait
[13:43:53.548] [DEBUG] [24424] [World.cpp:137] [Tetra::World::load_chunk] Loaded chunk at (-9, 1, -8)
[13:43:53.550] [DEBUG] [24424] [World.cpp:137] [Tetra::World::load_chunk] Loaded chunk at (-7, -3, -9)
[13:43:53.550] [DEBUG] [24424] [World.cpp:366] [Tetra::World::update] Deleting chunk after 6 frames wait
[13:43:53.551] [DEBUG] [24424] [World.cpp:366] [Tetra::World::update] Deleting chunk after 6 frames wait
[13:43:53.551] [DEBUG] [24424] [World.cpp:366] [Tetra::World::update] Deleting chunk after 6 frames wait
[13:43:53.552] [DEBUG] [24424] [World.cpp:366] [Tetra::World::update] Deleting chunk after 6 frames wait
[13:43:53.552] [DEBUG] [24424] [World.cpp:366] [Tetra::World::update] Deleting chunk after 6 frames wait
[13:43:53.555] [TRACE] [26432] [World.cpp:482] [Tetra::World::simplex] Allocated 8388608 bytes for FastNoiseSIMD
[13:43:53.555] [TRACE] [19732] [World.cpp:482] [Tetra::World::simplex] Allocated 8388608 bytes for FastNoiseSIMD
[13:43:53.555] [TRACE] [26432] [World.cpp:482] [Tetra::World::simplex] Allocated 65536 bytes for FastNoiseSIMD
[13:43:53.556] [TRACE] [19732] [World.cpp:482] [Tetra::World::simplex] Allocated 65536 bytes for FastNoiseSIMD
[13:43:53.561] [TRACE] [26432] [World.cpp:541] [Tetra::World::populate_chunk_pass_1] Deallocated 65536 bytes for FastNoiseSIMD
[13:43:53.561] [TRACE] [26432] [World.cpp:544] [Tetra::World::populate_chunk_pass_1] Deallocated 8388608 bytes for FastNoiseSIMD
[13:43:53.562] [TRACE] [26432] [World.cpp:547] [Tetra::World::populate_chunk_pass_1] Deallocated 65536 bytes for FastNoiseSIMD
[13:43:53.562] [TRACE] [26432] [World.cpp:550] [Tetra::World::populate_chunk_pass_1] Deallocated 65536 bytes for FastNoiseSIMD
[13:43:53.562] [TRACE] [26432] [World.cpp:553] [Tetra::World::populate_chunk_pass_1] Deallocated 65536 bytes for FastNoiseSIMD
[13:43:53.562] [TRACE] [26432] [World.cpp:556] [Tetra::World::populate_chunk_pass_1] Deallocated 65536 bytes for FastNoiseSIMD
[13:43:53.562] [DEBUG] [26432] [World.cpp:229] [Tetra::World::population_pass_1] Timer 'Population pass 1' completed in 93941 microseconds
[13:43:53.564] [TRACE] [8744] [World.cpp:482] [Tetra::World::simplex] Allocated 8388608 bytes for FastNoiseSIMD
[13:43:53.564] [TRACE] [8744] [World.cpp:482] [Tetra::World::simplex] Allocated 65536 bytes for FastNoiseSIMD
[13:43:53.565] [DEBUG] [24424] [World.cpp:137] [Tetra::World::load_chunk] Loaded chunk at (-9, 1, -7)
[13:43:53.565] [TRACE] [16112] [World.cpp:482] [Tetra::World::simplex] Allocated 8388608 bytes for FastNoiseSIMD
[13:43:53.566] [TRACE] [16112] [World.cpp:482] [Tetra::World::simplex] Allocated 65536 bytes for FastNoiseSIMD
[13:43:53.566] [DEBUG] [24424] [World.cpp:137] [Tetra::World::load_chunk] Loaded chunk at (-9, 1, -6)
[13:43:53.566] [TRACE] [19732] [World.cpp:541] [Tetra::World::populate_chunk_pass_1] Deallocated 65536 bytes for FastNoiseSIMD
[13:43:53.566] [TRACE] [19732] [World.cpp:544] [Tetra::World::populate_chunk_pass_1] Deallocated 8388608 bytes for FastNoiseSIMD
[13:43:53.566] [DEBUG] [8432] [World.cpp:229] [Tetra::World::population_pass_1] Timer 'Population pass 1' started
[13:43:53.566] [TRACE] [19732] [World.cpp:547] [Tetra::World::populate_chunk_pass_1] Deallocated 65536 bytes for FastNoiseSIMD
[13:43:53.567] [TRACE] [19732] [World.cpp:550] [Tetra::World::populate_chunk_pass_1] Deallocated 65536 bytes for FastNoiseSIMD
[13:43:53.567] [TRACE] [19732] [World.cpp:553] [Tetra::World::populate_chunk_pass_1] Deallocated 65536 bytes for FastNoiseSIMD
[13:43:53.567] [TRACE] [19732] [World.cpp:556] [Tetra::World::populate_chunk_pass_1] Deallocated 65536 bytes for FastNoiseSIMD
[13:43:53.567] [DEBUG] [19732] [World.cpp:229] [Tetra::World::population_pass_1] Timer 'Population pass 1' completed in 98391 microseconds
[13:43:53.567] [TRACE] [8432] [World.cpp:482] [Tetra::World::simplex] Allocated 65536 bytes for FastNoiseSIMD
[13:43:53.568] [TRACE] [8432] [World.cpp:482] [Tetra::World::simplex] Allocated 65536 bytes for FastNoiseSIMD
[13:43:53.568] [TRACE] [8432] [World.cpp:482] [Tetra::World::simplex] Allocated 65536 bytes for FastNoiseSIMD
[13:43:53.568] [TRACE] [8432] [World.cpp:482] [Tetra::World::simplex] Allocated 65536 bytes for FastNoiseSIMD
[13:43:53.571] [TRACE] [16112] [World.cpp:541] [Tetra::World::populate_chunk_pass_1] Deallocated 65536 bytes for FastNoiseSIMD
[13:43:53.571] [TRACE] [16112] [World.cpp:544] [Tetra::World::populate_chunk_pass_1] Deallocated 8388608 bytes for FastNoiseSIMD
[13:43:53.571] [TRACE] [8744] [World.cpp:541] [Tetra::World::populate_chunk_pass_1] Deallocated 65536 bytes for FastNoiseSIMD
[13:43:53.571] [TRACE] [8744] [World.cpp:544] [Tetra::World::populate_chunk_pass_1] Deallocated 8388608 bytes for FastNoiseSIMD
[13:43:53.572] [TRACE] [16112] [World.cpp:547] [Tetra::World::populate_chunk_pass_1] Deallocated 65536 bytes for FastNoiseSIMD
[13:43:53.572] [TRACE] [16112] [World.cpp:550] [Tetra::World::populate_chunk_pass_1] Deallocated 65536 bytes for FastNoiseSIMD
[13:43:53.572] [TRACE] [16112] [World.cpp:553] [Tetra::World::populate_chunk_pass_1] Deallocated 65536 bytes for FastNoiseSIMD
[13:43:53.572] [TRACE] [16112] [World.cpp:556] [Tetra::World::populate_chunk_pass_1] Deallocated 65536 bytes for FastNoiseSIMD
[13:43:53.572] [DEBUG] [16112] [World.cpp:229] [Tetra::World::population_pass_1] Timer 'Population pass 1' completed in 103864 microseconds
[13:43:53.572] [TRACE] [8744] [World.cpp:547] [Tetra::World::populate_chunk_pass_1] Deallocated 65536 bytes for FastNoiseSIMD
[13:43:53.572] [TRACE] [8744] [World.cpp:550] [Tetra::World::populate_chunk_pass_1] Deallocated 65536 bytes for FastNoiseSIMD
[13:43:53.572] [TRACE] [8744] [World.cpp:553] [Tetra::World::populate_chunk_pass_1] Deallocated 65536 bytes for FastNoiseSIMD
[13:43:53.572] [TRACE] [8744] [World.cpp:556] [Tetra::World::populate_chunk_pass_1] Deallocated 65536 bytes for FastNoiseSIMD
[13:43:53.572] [DEBUG] [8744] [World.cpp:229] [Tetra::World::population_pass_1] Timer 'Population pass 1' completed in 103878 microseconds
[13:43:53.582] [DEBUG] [24424] [World.cpp:137] [Tetra::World::load_chunk] Loaded chunk at (-9, 1, -5)
[13:43:53.582] [DEBUG] [24424] [World.cpp:137] [Tetra::World::load_chunk] Loaded chunk at (-9, 1, -4)
[13:43:53.583] [TRACE] [27744] [World.cpp:482] [Tetra::World::simplex] Allocated 65536 bytes for FastNoiseSIMD
[13:43:53.583] [TRACE] [16464] [World.cpp:482] [Tetra::World::simplex] Allocated 65536 bytes for FastNoiseSIMD
[13:43:53.583] [TRACE] [19384] [World.cpp:482] [Tetra::World::simplex] Allocated 65536 bytes for FastNoiseSIMD
[13:43:53.588] [TRACE] [27744] [World.cpp:718] [Tetra::World::populate_chunk_pass_2] Deallocated 65536 bytes for FastNoiseSIMD
[13:43:53.588] [TRACE] [19384] [World.cpp:718] [Tetra::World::populate_chunk_pass_2] Deallocated 65536 bytes for FastNoiseSIMD
[13:43:53.588] [TRACE] [16464] [World.cpp:718] [Tetra::World::populate_chunk_pass_2] Deallocated 65536 bytes for FastNoiseSIMD
[13:43:53.598] [DEBUG] [24424] [World.cpp:137] [Tetra::World::load_chunk] Loaded chunk at (-9, 1, -3)
[13:43:53.599] [DEBUG] [24424] [World.cpp:137] [Tetra::World::load_chunk] Loaded chunk at (-9, 1, -2)
[13:43:53.600] [TRACE] [17868] [World.cpp:482] [Tetra::World::simplex] Allocated 65536 bytes for FastNoiseSIMD
[13:43:53.600] [TRACE] [4820] [World.cpp:482] [Tetra::World::simplex] Allocated 65536 bytes for FastNoiseSIMD
[13:43:53.600] [TRACE] [28360] [World.cpp:482] [Tetra::World::simplex] Allocated 65536 bytes for FastNoiseSIMD
[13:43:53.605] [TRACE] [17868] [World.cpp:718] [Tetra::World::populate_chunk_pass_2] Deallocated 65536 bytes for FastNoiseSIMD
[13:43:53.605] [TRACE] [4820] [World.cpp:718] [Tetra::World::populate_chunk_pass_2] Deallocated 65536 bytes for FastNoiseSIMD
[13:43:53.607] [TRACE] [28360] [World.cpp:718] [Tetra::World::populate_chunk_pass_2] Deallocated 65536 bytes for FastNoiseSIMD
[13:43:53.615] [DEBUG] [24424] [World.cpp:137] [Tetra::World::load_chunk] Loaded chunk at (-9, 1, -1)
[13:43:53.615] [DEBUG] [24424] [World.cpp:137] [Tetra::World::load_chunk] Loaded chunk at (-9, 1, 0)
[13:43:53.616] [TRACE] [27032] [World.cpp:482] [Tetra::World::simplex] Allocated 65536 bytes for FastNoiseSIMD
[13:43:53.616] [TRACE] [27320] [World.cpp:482] [Tetra::World::simplex] Allocated 65536 bytes for FastNoiseSIMD
[13:43:53.616] [TRACE] [21204] [World.cpp:482] [Tetra::World::simplex] Allocated 65536 bytes for FastNoiseSIMD
[13:43:53.621] [TRACE] [27032] [World.cpp:718] [Tetra::World::populate_chunk_pass_2] Deallocated 65536 bytes for FastNoiseSIMD
[13:43:53.621] [TRACE] [21204] [World.cpp:718] [Tetra::World::populate_chunk_pass_2] Deallocated 65536 bytes for FastNoiseSIMD
[13:43:53.622] [TRACE] [27320] [World.cpp:718] [Tetra::World::populate_chunk_pass_2] Deallocated 65536 bytes for FastNoiseSIMD
[13:43:53.631] [DEBUG] [24424] [World.cpp:137] [Tetra::World::load_chunk] Loaded chunk at (-9, 1, 1)
[13:43:53.632] [DEBUG] [24424] [World.cpp:137] [Tetra::World::load_chunk] Loaded chunk at (-9, 1, 2)
[13:43:53.633] [TRACE] [26148] [World.cpp:482] [Tetra::World::simplex] Allocated 65536 bytes for FastNoiseSIMD
[13:43:53.633] [TRACE] [22916] [World.cpp:482] [Tetra::World::simplex] Allocated 65536 bytes for FastNoiseSIMD
[13:43:53.633] [TRACE] [21980] [World.cpp:482] [Tetra::World::simplex] Allocated 65536 bytes for FastNoiseSIMD
[13:43:53.638] [TRACE] [22916] [World.cpp:718] [Tetra::World::populate_chunk_pass_2] Deallocated 65536 bytes for FastNoiseSIMD
[13:43:53.639] [TRACE] [26148] [World.cpp:718] [Tetra::World::populate_chunk_pass_2] Deallocated 65536 bytes for FastNoiseSIMD
[13:43:53.642] [TRACE] [21980] [World.cpp:718] [Tetra::World::populate_chunk_pass_2] Deallocated 65536 bytes for FastNoiseSIMD
[13:43:53.648] [DEBUG] [24424] [World.cpp:137] [Tetra::World::load_chunk] Loaded chunk at (-9, 1, 3)
[13:43:53.649] [DEBUG] [24424] [World.cpp:137] [Tetra::World::load_chunk] Loaded chunk at (-9, 1, 4)
[13:43:53.649] [DEBUG] [24424] [World.cpp:162] [Tetra::World::unload_chunk] Unloaded chunk at (-9, -2, 1)
[13:43:53.649] [DEBUG] [24424] [World.cpp:162] [Tetra::World::unload_chunk] Unloaded chunk at (-9, -2, 0)
[13:43:53.649] [DEBUG] [24424] [World.cpp:162] [Tetra::World::unload_chunk] Unloaded chunk at (-9, -2, -1)
[13:43:53.649] [DEBUG] [24424] [World.cpp:162] [Tetra::World::unload_chunk] Unloaded chunk at (-9, -2, -2)
[13:43:53.649] [DEBUG] [24424] [World.cpp:162] [Tetra::World::unload_chunk] Unloaded chunk at (-9, -3, 1)
[13:43:53.650] [DEBUG] [26932] [World.cpp:229] [Tetra::World::population_pass_1] Timer 'Population pass 1' started
[13:43:53.650] [DEBUG] [22576] [World.cpp:229] [Tetra::World::population_pass_1] Timer 'Population pass 1' started
[13:43:53.650] [DEBUG] [10120] [World.cpp:229] [Tetra::World::population_pass_1] Timer 'Population pass 1' started
[13:43:53.650] [TRACE] [26932] [World.cpp:482] [Tetra::World::simplex] Allocated 65536 bytes for FastNoiseSIMD
[13:43:53.650] [TRACE] [22576] [World.cpp:482] [Tetra::World::simplex] Allocated 65536 bytes for FastNoiseSIMD
[13:43:53.650] [TRACE] [10120] [World.cpp:482] [Tetra::World::simplex] Allocated 65536 bytes for FastNoiseSIMD
[13:43:53.651] [TRACE] [26932] [World.cpp:482] [Tetra::World::simplex] Allocated 65536 bytes for FastNoiseSIMD
[13:43:53.651] [TRACE] [22576] [World.cpp:482] [Tetra::World::simplex] Allocated 65536 bytes for FastNoiseSIMD
[13:43:53.651] [TRACE] [10120] [World.cpp:482] [Tetra::World::simplex] Allocated 65536 bytes for FastNoiseSIMD
[13:43:53.651] [TRACE] [26932] [World.cpp:482] [Tetra::World::simplex] Allocated 65536 bytes for FastNoiseSIMD
[13:43:53.651] [TRACE] [22576] [World.cpp:482] [Tetra::World::simplex] Allocated 65536 bytes for FastNoiseSIMD
[13:43:53.651] [TRACE] [10120] [World.cpp:482] [Tetra::World::simplex] Allocated 65536 bytes for FastNoiseSIMD
[13:43:53.651] [TRACE] [22576] [World.cpp:482] [Tetra::World::simplex] Allocated 65536 bytes for FastNoiseSIMD
[13:43:53.651] [TRACE] [26932] [World.cpp:482] [Tetra::World::simplex] Allocated 65536 bytes for FastNoiseSIMD
[13:43:53.651] [TRACE] [10120] [World.cpp:482] [Tetra::World::simplex] Allocated 65536 bytes for FastNoiseSIMD
[13:43:53.658] [TRACE] [8432] [World.cpp:482] [Tetra::World::simplex] Allocated 8388608 bytes for FastNoiseSIMD
[13:43:53.658] [TRACE] [8432] [World.cpp:482] [Tetra::World::simplex] Allocated 65536 bytes for FastNoiseSIMD
[13:43:53.665] [TRACE] [8432] [World.cpp:541] [Tetra::World::populate_chunk_pass_1] Deallocated 65536 bytes for FastNoiseSIMD
[13:43:53.665] [TRACE] [8432] [World.cpp:544] [Tetra::World::populate_chunk_pass_1] Deallocated 8388608 bytes for FastNoiseSIMD
[13:43:53.666] [TRACE] [8432] [World.cpp:547] [Tetra::World::populate_chunk_pass_1] Deallocated 65536 bytes for FastNoiseSIMD
[13:43:53.666] [TRACE] [8432] [World.cpp:550] [Tetra::World::populate_chunk_pass_1] Deallocated 65536 bytes for FastNoiseSIMD
[13:43:53.666] [TRACE] [8432] [World.cpp:553] [Tetra::World::populate_chunk_pass_1] Deallocated 65536 bytes for FastNoiseSIMD
[13:43:53.666] [DEBUG] [24424] [World.cpp:137] [Tetra::World::load_chunk] Loaded chunk at (-9, 1, 5)
[13:43:53.666] [TRACE] [8432] [World.cpp:556] [Tetra::World::populate_chunk_pass_1] Deallocated 65536 bytes for FastNoiseSIMD
[13:43:53.666] [DEBUG] [8432] [World.cpp:229] [Tetra::World::population_pass_1] Timer 'Population pass 1' completed in 99369 microseconds
[13:43:53.666] [DEBUG] [24424] [World.cpp:137] [Tetra::World::load_chunk] Loaded chunk at (6, 0, -9)
[13:43:53.666] [DEBUG] [24424] [World.cpp:162] [Tetra::World::unload_chunk] Unloaded chunk at (-9, -1, 0)
[13:43:53.666] [DEBUG] [24424] [World.cpp:162] [Tetra::World::unload_chunk] Unloaded chunk at (-9, -3, 0)
[13:43:53.666] [DEBUG] [24424] [World.cpp:162] [Tetra::World::unload_chunk] Unloaded chunk at (-9, -1, 1)
[13:43:53.666] [DEBUG] [24424] [World.cpp:162] [Tetra::World::unload_chunk] Unloaded chunk at (-9, -3, -1)
[13:43:53.666] [DEBUG] [24424] [World.cpp:162] [Tetra::World::unload_chunk] Unloaded chunk at (-9, -1, -2)
[13:43:53.667] [DEBUG] [18064] [World.cpp:229] [Tetra::World::population_pass_1] Timer 'Population pass 1' started
[13:43:53.667] [TRACE] [18064] [World.cpp:482] [Tetra::World::simplex] Allocated 65536 bytes for FastNoiseSIMD
[13:43:53.668] [TRACE] [18064] [World.cpp:482] [Tetra::World::simplex] Allocated 65536 bytes for FastNoiseSIMD
[13:43:53.668] [TRACE] [18064] [World.cpp:482] [Tetra::World::simplex] Allocated 65536 bytes for FastNoiseSIMD
[13:43:53.668] [TRACE] [18064] [World.cpp:482] [Tetra::World::simplex] Allocated 65536 bytes for FastNoiseSIMD
[13:43:53.682] [DEBUG] [24424] [World.cpp:137] [Tetra::World::load_chunk] Loaded chunk at (-9, 1, 6)
[13:43:53.683] [DEBUG] [24424] [World.cpp:137] [Tetra::World::load_chunk] Loaded chunk at (-9, 1, 7)
[13:43:53.683] [DEBUG] [24424] [World.cpp:162] [Tetra::World::unload_chunk] Unloaded chunk at (-9, -1, -1)
[13:43:53.683] [DEBUG] [24424] [World.cpp:162] [Tetra::World::unload_chunk] Unloaded chunk at (-9, -3, -2)
[13:43:53.683] [DEBUG] [24424] [World.cpp:162] [Tetra::World::unload_chunk] Unloaded chunk at (-9, 1, 0)
[13:43:53.683] [DEBUG] [24424] [World.cpp:162] [Tetra::World::unload_chunk] Unloaded chunk at (-9, 1, -2)
[13:43:53.683] [DEBUG] [24424] [World.cpp:162] [Tetra::World::unload_chunk] Unloaded chunk at (-9, 0, 0)
[13:43:53.699] [DEBUG] [24424] [World.cpp:137] [Tetra::World::load_chunk] Loaded chunk at (-8, -3, -9)
[13:43:53.700] [DEBUG] [24424] [World.cpp:137] [Tetra::World::load_chunk] Loaded chunk at (-8, -2, -9)
[13:43:53.700] [DEBUG] [24424] [World.cpp:162] [Tetra::World::unload_chunk] Unloaded chunk at (-9, 0, -2)
[13:43:53.700] [DEBUG] [24424] [World.cpp:162] [Tetra::World::unload_chunk] Unloaded chunk at (-9, -2, -3)
[13:43:53.700] [DEBUG] [24424] [World.cpp:162] [Tetra::World::unload_chunk] Unloaded chunk at (-9, -2, -4)
[13:43:53.700] [DEBUG] [24424] [World.cpp:162] [Tetra::World::unload_chunk] Unloaded chunk at (-9, -1, -4)
[13:43:53.700] [DEBUG] [24424] [World.cpp:162] [Tetra::World::unload_chunk] Unloaded chunk at (-9, -3, -3)
[13:43:53.716] [DEBUG] [24424] [World.cpp:137] [Tetra::World::load_chunk] Loaded chunk at (-8, -1, -9)
[13:43:53.717] [DEBUG] [24424] [World.cpp:137] [Tetra::World::load_chunk] Loaded chunk at (-8, 0, -9)
[13:43:53.717] [DEBUG] [24424] [World.cpp:162] [Tetra::World::unload_chunk] Unloaded chunk at (-9, -1, -3)
[13:43:53.717] [DEBUG] [24424] [World.cpp:162] [Tetra::World::unload_chunk] Unloaded chunk at (-9, -3, -4)
[13:43:53.717] [DEBUG] [24424] [World.cpp:162] [Tetra::World::unload_chunk] Unloaded chunk at (-9, 1, 2)
[13:43:53.717] [DEBUG] [24424] [World.cpp:162] [Tetra::World::unload_chunk] Unloaded chunk at (-9, 1, -7)
[13:43:53.717] [DEBUG] [24424] [World.cpp:162] [Tetra::World::unload_chunk] Unloaded chunk at (-9, -1, 3)
[13:43:53.732] [DEBUG] [24424] [World.cpp:137] [Tetra::World::load_chunk] Loaded chunk at (-8, 1, -9)
[13:43:53.733] [DEBUG] [24424] [World.cpp:137] [Tetra::World::load_chunk] Loaded chunk at (-5, -1, -9)
[13:43:53.733] [DEBUG] [24424] [World.cpp:162] [Tetra::World::unload_chunk] Unloaded chunk at (-9, -3, 2)
[13:43:53.733] [DEBUG] [24424] [World.cpp:162] [Tetra::World::unload_chunk] Unloaded chunk at (-9, -3, -7)
[13:43:53.733] [DEBUG] [24424] [World.cpp:162] [Tetra::World::unload_chunk] Unloaded chunk at (-9, 0, 3)
[13:43:53.733] [DEBUG] [24424] [World.cpp:162] [Tetra::World::unload_chunk] Unloaded chunk at (-9, 1, -9)
[13:43:53.733] [DEBUG] [24424] [World.cpp:162] [Tetra::World::unload_chunk] Unloaded chunk at (-9, 0, -9)
[13:43:53.749] [DEBUG] [24424] [World.cpp:137] [Tetra::World::load_chunk] Loaded chunk at (-7, -2, -9)
[13:43:53.750] [DEBUG] [24424] [World.cpp:137] [Tetra::World::load_chunk] Loaded chunk at (-5, -2, -9)
[13:43:53.750] [DEBUG] [24424] [World.cpp:162] [Tetra::World::unload_chunk] Unloaded chunk at (-9, -3, 6)
[13:43:53.750] [DEBUG] [24424] [World.cpp:162] [Tetra::World::unload_chunk] Unloaded chunk at (-9, -1, 7)
[13:43:53.750] [DEBUG] [24424] [World.cpp:162] [Tetra::World::unload_chunk] Unloaded chunk at (-9, 0, -8)
[13:43:53.750] [DEBUG] [24424] [World.cpp:162] [Tetra::World::unload_chunk] Unloaded chunk at (-9, -1, -6)
[13:43:53.750] [DEBUG] [24424] [World.cpp:162] [Tetra::World::unload_chunk] Unloaded chunk at (-9, -3, -5)
[13:43:53.750] [DEBUG] [24424] [World.cpp:366] [Tetra::World::update] Deleting chunk after 6 frames wait
[13:43:53.750] [DEBUG] [24424] [World.cpp:366] [Tetra::World::update] Deleting chunk after 6 frames wait
[13:43:53.750] [DEBUG] [24424] [World.cpp:366] [Tetra::World::update] Deleting chunk after 6 frames wait
[13:43:53.750] [DEBUG] [24424] [World.cpp:366] [Tetra::World::update] Deleting chunk after 6 frames wait
[13:43:53.750] [TRACE] [26932] [World.cpp:482] [Tetra::World::simplex] Allocated 8388608 bytes for FastNoiseSIMD
[13:43:53.751] [DEBUG] [24424] [World.cpp:366] [Tetra::World::update] Deleting chunk after 6 frames wait
[13:43:53.751] [TRACE] [22576] [World.cpp:482] [Tetra::World::simplex] Allocated 8388608 bytes for FastNoiseSIMD
[13:43:53.751] [TRACE] [26932] [World.cpp:482] [Tetra::World::simplex] Allocated 65536 bytes for FastNoiseSIMD
[13:43:53.751] [TRACE] [22576] [World.cpp:482] [Tetra::World::simplex] Allocated 65536 bytes for FastNoiseSIMD
[13:43:53.756] [TRACE] [10120] [World.cpp:482] [Tetra::World::simplex] Allocated 8388608 bytes for FastNoiseSIMD
[13:43:53.756] [TRACE] [10120] [World.cpp:482] [Tetra::World::simplex] Allocated 65536 bytes for FastNoiseSIMD
[13:43:53.757] [TRACE] [26932] [World.cpp:541] [Tetra::World::populate_chunk_pass_1] Deallocated 65536 bytes for FastNoiseSIMD
[13:43:53.757] [TRACE] [26932] [World.cpp:544] [Tetra::World::populate_chunk_pass_1] Deallocated 8388608 bytes for FastNoiseSIMD
[13:43:53.758] [TRACE] [26932] [World.cpp:547] [Tetra::World::populate_chunk_pass_1] Deallocated 65536 bytes for FastNoiseSIMD
[13:43:53.758] [TRACE] [26932] [World.cpp:550] [Tetra::World::populate_chunk_pass_1] Deallocated 65536 bytes for FastNoiseSIMD
[13:43:53.758] [TRACE] [26932] [World.cpp:553] [Tetra::World::populate_chunk_pass_1] Deallocated 65536 bytes for FastNoiseSIMD
[13:43:53.758] [TRACE] [22576] [World.cpp:541] [Tetra::World::populate_chunk_pass_1] Deallocated 65536 bytes for FastNoiseSIMD
[13:43:53.759] [TRACE] [22576] [World.cpp:544] [Tetra::World::populate_chunk_pass_1] Deallocated 8388608 bytes for FastNoiseSIMD
[13:43:53.758] [TRACE] [26932] [World.cpp:556] [Tetra::World::populate_chunk_pass_1] Deallocated 65536 bytes for FastNoiseSIMD
[13:43:53.759] [DEBUG] [26932] [World.cpp:229] [Tetra::World::population_pass_1] Timer 'Population pass 1' completed in 108985 microseconds
[13:43:53.759] [TRACE] [22576] [World.cpp:547] [Tetra::World::populate_chunk_pass_1] Deallocated 65536 bytes for FastNoiseSIMD
[13:43:53.759] [TRACE] [22576] [World.cpp:550] [Tetra::World::populate_chunk_pass_1] Deallocated 65536 bytes for FastNoiseSIMD
[13:43:53.759] [TRACE] [22576] [World.cpp:553] [Tetra::World::populate_chunk_pass_1] Deallocated 65536 bytes for FastNoiseSIMD
[13:43:53.759] [TRACE] [22576] [World.cpp:556] [Tetra::World::populate_chunk_pass_1] Deallocated 65536 bytes for FastNoiseSIMD
[13:43:53.759] [DEBUG] [22576] [World.cpp:229] [Tetra::World::population_pass_1] Timer 'Population pass 1' completed in 109794 microseconds
[13:43:53.762] [TRACE] [10120] [World.cpp:541] [Tetra::World::populate_chunk_pass_1] Deallocated 65536 bytes for FastNoiseSIMD
[13:43:53.762] [TRACE] [10120] [World.cpp:544] [Tetra::World::populate_chunk_pass_1] Deallocated 8388608 bytes for FastNoiseSIMD
[13:43:53.765] [TRACE] [10120] [World.cpp:547] [Tetra::World::populate_chunk_pass_1] Deallocated 65536 bytes for FastNoiseSIMD
[13:43:53.765] [TRACE] [10120] [World.cpp:550] [Tetra::World::populate_chunk_pass_1] Deallocated 65536 bytes for FastNoiseSIMD
[13:43:53.765] [TRACE] [10120] [World.cpp:553] [Tetra::World::populate_chunk_pass_1] Deallocated 65536 bytes for FastNoiseSIMD
[13:43:53.765] [TRACE] [10120] [World.cpp:556] [Tetra::World::populate_chunk_pass_1] Deallocated 65536 bytes for FastNoiseSIMD
[13:43:53.765] [DEBUG] [10120] [World.cpp:229] [Tetra::World::population_pass_1] Timer 'Population pass 1' completed in 115377 microseconds
[13:43:53.765] [DEBUG] [24424] [World.cpp:137] [Tetra::World::load_chunk] Loaded chunk at (-7, -1, -9)
[13:43:53.766] [DEBUG] [24424] [World.cpp:137] [Tetra::World::load_chunk] Loaded chunk at (-5, 1, -9)
[13:43:53.766] [DEBUG] [24424] [World.cpp:162] [Tetra::World::unload_chunk] Unloaded chunk at (-9, 0, -6)
[13:43:53.766] [DEBUG] [24424] [World.cpp:162] [Tetra::World::unload_chunk] Unloaded chunk at (-9, -1, -8)
[13:43:53.766] [DEBUG] [24424] [World.cpp:162] [Tetra::World::unload_chunk] Unloaded chunk at (-9, -3, -9)
[13:43:53.766] [DEBUG] [24424] [World.cpp:162] [Tetra::World::unload_chunk] Unloaded chunk at (-9, 0, -3)
[13:43:53.766] [DEBUG] [24424] [World.cpp:162] [Tetra::World::unload_chunk] Unloaded chunk at (-9, -3, 5)
[13:43:53.766] [DEBUG] [24424] [World.cpp:366] [Tetra::World::update] Deleting chunk after 6 frames wait
[13:43:53.766] [DEBUG] [24424] [World.cpp:366] [Tetra::World::update] Deleting chunk after 6 frames wait
[13:43:53.767] [DEBUG] [24424] [World.cpp:366] [Tetra::World::update] Deleting chunk after 6 frames wait
[13:43:53.767] [DEBUG] [24424] [World.cpp:366] [Tetra::World::update] Deleting chunk after 6 frames wait
[13:43:53.767] [DEBUG] [24424] [World.cpp:366] [Tetra::World::update] Deleting chunk after 6 frames wait
[13:43:53.768] [DEBUG] [24692] [World.cpp:229] [Tetra::World::population_pass_1] Timer 'Population pass 1' started
[13:43:53.769] [TRACE] [17748] [World.cpp:482] [Tetra::World::simplex] Allocated 65536 bytes for FastNoiseSIMD
[13:43:53.769] [TRACE] [12484] [World.cpp:482] [Tetra::World::simplex] Allocated 65536 bytes for FastNoiseSIMD
[13:43:53.769] [TRACE] [24692] [World.cpp:482] [Tetra::World::simplex] Allocated 65536 bytes for FastNoiseSIMD
[13:43:53.769] [TRACE] [24692] [World.cpp:482] [Tetra::World::simplex] Allocated 65536 bytes for FastNoiseSIMD
[13:43:53.769] [TRACE] [24692] [World.cpp:482] [Tetra::World::simplex] Allocated 65536 bytes for FastNoiseSIMD
[13:43:53.770] [TRACE] [24692] [World.cpp:482] [Tetra::World::simplex] Allocated 65536 bytes for FastNoiseSIMD
[13:43:53.773] [TRACE] [18064] [World.cpp:482] [Tetra::World::simplex] Allocated 8388608 bytes for FastNoiseSIMD
[13:43:53.773] [TRACE] [18064] [World.cpp:482] [Tetra::World::simplex] Allocated 65536 bytes for FastNoiseSIMD
[13:43:53.774] [TRACE] [12484] [World.cpp:718] [Tetra::World::populate_chunk_pass_2] Deallocated 65536 bytes for FastNoiseSIMD
[13:43:53.774] [TRACE] [17748] [World.cpp:718] [Tetra::World::populate_chunk_pass_2] Deallocated 65536 bytes for FastNoiseSIMD
[13:43:53.779] [TRACE] [18064] [World.cpp:541] [Tetra::World::populate_chunk_pass_1] Deallocated 65536 bytes for FastNoiseSIMD
[13:43:53.779] [TRACE] [18064] [World.cpp:544] [Tetra::World::populate_chunk_pass_1] Deallocated 8388608 bytes for FastNoiseSIMD
[13:43:53.779] [TRACE] [18064] [World.cpp:547] [Tetra::World::populate_chunk_pass_1] Deallocated 65536 bytes for FastNoiseSIMD
[13:43:53.779] [TRACE] [18064] [World.cpp:550] [Tetra::World::populate_chunk_pass_1] Deallocated 65536 bytes for FastNoiseSIMD
[13:43:53.779] [TRACE] [18064] [World.cpp:553] [Tetra::World::populate_chunk_pass_1] Deallocated 65536 bytes for FastNoiseSIMD
[13:43:53.779] [TRACE] [18064] [World.cpp:556] [Tetra::World::populate_chunk_pass_1] Deallocated 65536 bytes for FastNoiseSIMD
[13:43:53.779] [DEBUG] [18064] [World.cpp:229] [Tetra::World::population_pass_1] Timer 'Population pass 1' completed in 112675 microseconds
[13:43:53.781] [DEBUG] [24424] [World.cpp:137] [Tetra::World::load_chunk] Loaded chunk at (-7, 0, -9)
[13:43:53.782] [DEBUG] [24424] [World.cpp:137] [Tetra::World::load_chunk] Loaded chunk at (-6, -3, -9)
[13:43:53.782] [DEBUG] [24424] [World.cpp:162] [Tetra::World::unload_chunk] Unloaded chunk at (-9, -1, 4)
[13:43:53.782] [DEBUG] [24424] [World.cpp:162] [Tetra::World::unload_chunk] Unloaded chunk at (-9, 0, -1)
[13:43:53.782] [DEBUG] [24424] [World.cpp:162] [Tetra::World::unload_chunk] Unloaded chunk at (-9, -3, 7)
[13:43:53.782] [DEBUG] [24424] [World.cpp:162] [Tetra::World::unload_chunk] Unloaded chunk at (-9, -1, 6)
[13:43:53.782] [DEBUG] [24424] [World.cpp:162] [Tetra::World::unload_chunk] Unloaded chunk at (-9, 0, -7)
[13:43:53.782] [DEBUG] [24424] [World.cpp:366] [Tetra::World::update] Deleting chunk after 6 frames wait
[13:43:53.782] [DEBUG] [24424] [World.cpp:366] [Tetra::World::update] Deleting chunk after 6 frames wait
[13:43:53.783] [DEBUG] [24424] [World.cpp:366] [Tetra::World::update] Deleting chunk after 6 frames wait
[13:43:53.783] [DEBUG] [24424] [World.cpp:366] [Tetra::World::update] Deleting chunk after 6 frames wait
[13:43:53.783] [DEBUG] [24424] [World.cpp:366] [Tetra::World::update] Deleting chunk after 6 frames wait
[13:43:53.784] [TRACE] [18024] [World.cpp:482] [Tetra::World::simplex] Allocated 65536 bytes for FastNoiseSIMD
[13:43:53.784] [TRACE] [12516] [World.cpp:482] [Tetra::World::simplex] Allocated 65536 bytes for FastNoiseSIMD
[13:43:53.784] [TRACE] [3992] [World.cpp:482] [Tetra::World::simplex] Allocated 65536 bytes for FastNoiseSIMD
[13:43:53.789] [TRACE] [12516] [World.cpp:718] [Tetra::World::populate_chunk_pass_2] Deallocated 65536 bytes for FastNoiseSIMD
[13:43:53.790] [TRACE] [3992] [World.cpp:718] [Tetra::World::populate_chunk_pass_2] Deallocated 65536 bytes for FastNoiseSIMD
[13:43:53.791] [TRACE] [18024] [World.cpp:718] [Tetra::World::populate_chunk_pass_2] Deallocated 65536 bytes for FastNoiseSIMD
[13:43:53.798] [DEBUG] [24424] [World.cpp:137] [Tetra::World::load_chunk] Loaded chunk at (-6, -2, -9)
[13:43:53.799] [DEBUG] [24424] [World.cpp:137] [Tetra::World::load_chunk] Loaded chunk at (-6, -1, -9)
[13:43:53.799] [DEBUG] [24424] [World.cpp:162] [Tetra::World::unload_chunk] Unloaded chunk at (-9, -1, -5)
[13:43:53.799] [DEBUG] [24424] [World.cpp:162] [Tetra::World::unload_chunk] Unloaded chunk at (-9, -3, -6)
[13:43:53.799] [DEBUG] [24424] [World.cpp:162] [Tetra::World::unload_chunk] Unloaded chunk at (-9, 0, -5)
[13:43:53.799] [DEBUG] [24424] [World.cpp:162] [Tetra::World::unload_chunk] Unloaded chunk at (-9, -1, -7)
[13:43:53.799] [DEBUG] [24424] [World.cpp:162] [Tetra::World::unload_chunk] Unloaded chunk at (-9, -3, -8)
[13:43:53.799] [DEBUG] [24424] [World.cpp:366] [Tetra::World::update] Deleting chunk after 6 frames wait
[13:43:53.799] [DEBUG] [24424] [World.cpp:366] [Tetra::World::update] Deleting chunk after 6 frames wait
[13:43:53.799] [DEBUG] [24424] [World.cpp:366] [Tetra::World::update] Deleting chunk after 6 frames wait
[13:43:53.800] [DEBUG] [24424] [World.cpp:366] [Tetra::World::update] Deleting chunk after 6 frames wait
[13:43:53.800] [DEBUG] [24424] [World.cpp:366] [Tetra::World::update] Deleting chunk after 6 frames wait
[13:43:53.801] [TRACE] [10064] [World.cpp:482] [Tetra::World::simplex] Allocated 65536 bytes for FastNoiseSIMD
[13:43:53.801] [TRACE] [21688] [World.cpp:482] [Tetra::World::simplex] Allocated 65536 bytes for FastNoiseSIMD
[13:43:53.801] [TRACE] [14240] [World.cpp:482] [Tetra::World::simplex] Allocated 65536 bytes for FastNoiseSIMD
[13:43:53.806] [TRACE] [21688] [World.cpp:718] [Tetra::World::populate_chunk_pass_2] Deallocated 65536 bytes for FastNoiseSIMD
[13:43:53.806] [TRACE] [14240] [World.cpp:718] [Tetra::World::populate_chunk_pass_2] Deallocated 65536 bytes for FastNoiseSIMD
[13:43:53.807] [TRACE] [10064] [World.cpp:718] [Tetra::World::populate_chunk_pass_2] Deallocated 65536 bytes for FastNoiseSIMD
[13:43:53.815] [DEBUG] [24424] [World.cpp:137] [Tetra::World::load_chunk] Loaded chunk at (-6, 0, -9)
[13:43:53.815] [DEBUG] [24424] [World.cpp:137] [Tetra::World::load_chunk] Loaded chunk at (-6, 1, -9)
[13:43:53.815] [DEBUG] [24424] [World.cpp:162] [Tetra::World::unload_chunk] Unloaded chunk at (-9, 0, -4)
[13:43:53.815] [DEBUG] [24424] [World.cpp:162] [Tetra::World::unload_chunk] Unloaded chunk at (-9, -3, 4)
[13:43:53.815] [DEBUG] [24424] [World.cpp:162] [Tetra::World::unload_chunk] Unloaded chunk at (-9, -1, 5)
[13:43:53.815] [DEBUG] [24424] [World.cpp:162] [Tetra::World::unload_chunk] Unloaded chunk at (-9, 0, 2)
[13:43:53.815] [DEBUG] [24424] [World.cpp:162] [Tetra::World::unload_chunk] Unloaded chunk at (-9, 0, 1)
[13:43:53.816] [DEBUG] [24424] [World.cpp:366] [Tetra::World::update] Deleting chunk after 6 frames wait
[13:43:53.816] [DEBUG] [24424] [World.cpp:366] [Tetra::World::update] Deleting chunk after 6 frames wait
[13:43:53.816] [DEBUG] [24424] [World.cpp:366] [Tetra::World::update] Deleting chunk after 6 frames wait
[13:43:53.816] [DEBUG] [24424] [World.cpp:366] [Tetra::World::update] Deleting chunk after 6 frames wait
[13:43:53.816] [DEBUG] [24424] [World.cpp:366] [Tetra::World::update] Deleting chunk after 6 frames wait
[13:43:53.818] [TRACE] [13788] [World.cpp:482] [Tetra::World::simplex] Allocated 65536 bytes for FastNoiseSIMD
[13:43:53.818] [TRACE] [27644] [World.cpp:482] [Tetra::World::simplex] Allocated 65536 bytes for FastNoiseSIMD
[13:43:53.818] [TRACE] [17488] [World.cpp:482] [Tetra::World::simplex] Allocated 65536 bytes for FastNoiseSIMD
[13:43:53.822] [TRACE] [17488] [World.cpp:718] [Tetra::World::populate_chunk_pass_2] Deallocated 65536 bytes for FastNoiseSIMD
[13:43:53.822] [TRACE] [27644] [World.cpp:718] [Tetra::World::populate_chunk_pass_2] Deallocated 65536 bytes for FastNoiseSIMD
[13:43:53.823] [TRACE] [13788] [World.cpp:718] [Tetra::World::populate_chunk_pass_2] Deallocated 65536 bytes for FastNoiseSIMD
[13:43:53.832] [DEBUG] [24424] [World.cpp:137] [Tetra::World::load_chunk] Loaded chunk at (-4, -3, -9)
[13:43:53.832] [DEBUG] [24424] [World.cpp:137] [Tetra::World::load_chunk] Loaded chunk at (-2, -1, -9)
[13:43:53.832] [DEBUG] [24424] [World.cpp:162] [Tetra::World::unload_chunk] Unloaded chunk at (-9, -1, 2)
[13:43:53.832] [DEBUG] [24424] [World.cpp:162] [Tetra::World::unload_chunk] Unloaded chunk at (-9, -3, 3)
[13:43:53.832] [DEBUG] [24424] [World.cpp:162] [Tetra::World::unload_chunk] Unloaded chunk at (-9, -2, -9)
[13:43:53.832] [DEBUG] [24424] [World.cpp:162] [Tetra::World::unload_chunk] Unloaded chunk at (-9, -2, -8)
[13:43:53.832] [DEBUG] [24424] [World.cpp:162] [Tetra::World::unload_chunk] Unloaded chunk at (-9, -2, -7)
[13:43:53.832] [DEBUG] [24424] [World.cpp:366] [Tetra::World::update] Deleting chunk after 6 frames wait
[13:43:53.833] [DEBUG] [24424] [World.cpp:366] [Tetra::World::update] Deleting chunk after 6 frames wait
[13:43:53.833] [DEBUG] [24424] [World.cpp:366] [Tetra::World::update] Deleting chunk after 6 frames wait
[13:43:53.833] [DEBUG] [24424] [World.cpp:366] [Tetra::World::update] Deleting chunk after 6 frames wait
[13:43:53.833] [DEBUG] [24424] [World.cpp:366] [Tetra::World::update] Deleting chunk after 6 frames wait
[13:43:53.834] [DEBUG] [3000] [World.cpp:252] [Tetra::World::mesh_chunk] Timer 'Chunk mesh generation' started
[13:43:53.835] [TRACE] [24936] [World.cpp:482] [Tetra::World::simplex] Allocated 65536 bytes for FastNoiseSIMD
[13:43:53.835] [TRACE] [24568] [World.cpp:482] [Tetra::World::simplex] Allocated 65536 bytes for FastNoiseSIMD
[13:43:53.839] [TRACE] [24936] [World.cpp:718] [Tetra::World::populate_chunk_pass_2] Deallocated 65536 bytes for FastNoiseSIMD
[13:43:53.839] [TRACE] [24568] [World.cpp:718] [Tetra::World::populate_chunk_pass_2] Deallocated 65536 bytes for FastNoiseSIMD
[13:43:53.848] [DEBUG] [24424] [World.cpp:137] [Tetra::World::load_chunk] Loaded chunk at (-4, -2, -9)
[13:43:53.849] [DEBUG] [24424] [World.cpp:137] [Tetra::World::load_chunk] Loaded chunk at (-2, -2, -9)
[13:43:53.849] [DEBUG] [24424] [World.cpp:162] [Tetra::World::unload_chunk] Unloaded chunk at (-9, -2, -6)
[13:43:53.849] [DEBUG] [24424] [World.cpp:162] [Tetra::World::unload_chunk] Unloaded chunk at (-9, -2, -5)
[13:43:53.849] [DEBUG] [24424] [World.cpp:162] [Tetra::World::unload_chunk] Unloaded chunk at (-9, -2, 7)
[13:43:53.849] [DEBUG] [24424] [World.cpp:162] [Tetra::World::unload_chunk] Unloaded chunk at (-9, -2, 6)
[13:43:53.849] [DEBUG] [24424] [World.cpp:162] [Tetra::World::unload_chunk] Unloaded chunk at (-9, -2, 5)
[13:43:53.849] [DEBUG] [24424] [World.cpp:366] [Tetra::World::update] Deleting chunk after 6 frames wait
[13:43:53.849] [DEBUG] [24424] [World.cpp:366] [Tetra::World::update] Deleting chunk after 6 frames wait
[13:43:53.849] [DEBUG] [24424] [World.cpp:366] [Tetra::World::update] Deleting chunk after 6 frames wait
[13:43:53.850] [DEBUG] [24424] [World.cpp:366] [Tetra::World::update] Deleting chunk after 6 frames wait
[13:43:53.850] [DEBUG] [24424] [World.cpp:366] [Tetra::World::update] Deleting chunk after 6 frames wait
[13:43:53.851] [DEBUG] [23020] [World.cpp:252] [Tetra::World::mesh_chunk] Timer 'Chunk mesh generation' started
[13:43:53.851] [DEBUG] [6252] [World.cpp:252] [Tetra::World::mesh_chunk] Timer 'Chunk mesh generation' started
[13:43:53.853] [TRACE] [24692] [World.cpp:482] [Tetra::World::simplex] Allocated 8388608 bytes for FastNoiseSIMD
[13:43:53.853] [TRACE] [24692] [World.cpp:482] [Tetra::World::simplex] Allocated 65536 bytes for FastNoiseSIMD
[13:43:53.859] [TRACE] [24692] [World.cpp:541] [Tetra::World::populate_chunk_pass_1] Deallocated 65536 bytes for FastNoiseSIMD
[13:43:53.859] [TRACE] [24692] [World.cpp:544] [Tetra::World::populate_chunk_pass_1] Deallocated 8388608 bytes for FastNoiseSIMD
[13:43:53.860] [TRACE] [24692] [World.cpp:547] [Tetra::World::populate_chunk_pass_1] Deallocated 65536 bytes for FastNoiseSIMD
[13:43:53.860] [TRACE] [24692] [World.cpp:550] [Tetra::World::populate_chunk_pass_1] Deallocated 65536 bytes for FastNoiseSIMD
[13:43:53.860] [TRACE] [24692] [World.cpp:553] [Tetra::World::populate_chunk_pass_1] Deallocated 65536 bytes for FastNoiseSIMD
[13:43:53.860] [TRACE] [24692] [World.cpp:556] [Tetra::World::populate_chunk_pass_1] Deallocated 65536 bytes for FastNoiseSIMD
[13:43:53.860] [DEBUG] [24692] [World.cpp:229] [Tetra::World::population_pass_1] Timer 'Population pass 1' completed in 91827 microseconds
[13:43:53.865] [DEBUG] [24424] [World.cpp:137] [Tetra::World::load_chunk] Loaded chunk at (-4, -1, -9)
[13:43:53.866] [DEBUG] [24424] [World.cpp:137] [Tetra::World::load_chunk] Loaded chunk at (-2, 1, -9)
[13:43:53.866] [DEBUG] [24424] [World.cpp:162] [Tetra::World::unload_chunk] Unloaded chunk at (-9, -2, 4)
[13:43:53.866] [DEBUG] [24424] [World.cpp:162] [Tetra::World::unload_chunk] Unloaded chunk at (-9, -2, 2)
[13:43:53.866] [DEBUG] [24424] [World.cpp:162] [Tetra::World::unload_chunk] Unloaded chunk at (-9, -2, 3)
[13:43:53.866] [DEBUG] [24424] [World.cpp:162] [Tetra::World::unload_chunk] Unloaded chunk at (-9, -1, -9)
[13:43:53.866] [DEBUG] [24424] [World.cpp:162] [Tetra::World::unload_chunk] Unloaded chunk at (-9, 0, 4)
[13:43:53.866] [DEBUG] [24424] [World.cpp:366] [Tetra::World::update] Deleting chunk after 6 frames wait
[13:43:53.866] [DEBUG] [24424] [World.cpp:366] [Tetra::World::update] Deleting chunk after 6 frames wait
[13:43:53.866] [DEBUG] [24424] [World.cpp:366] [Tetra::World::update] Deleting chunk after 6 frames wait
[13:43:53.867] [DEBUG] [24424] [World.cpp:366] [Tetra::World::update] Deleting chunk after 6 frames wait
[13:43:53.867] [DEBUG] [24424] [World.cpp:366] [Tetra::World::update] Deleting chunk after 6 frames wait
[13:43:53.868] [TRACE] [21436] [World.cpp:482] [Tetra::World::simplex] Allocated 65536 bytes for FastNoiseSIMD
[13:43:53.874] [TRACE] [21436] [World.cpp:718] [Tetra::World::populate_chunk_pass_2] Deallocated 65536 bytes for FastNoiseSIMD
[13:43:53.882] [DEBUG] [24424] [World.cpp:137] [Tetra::World::load_chunk] Loaded chunk at (-4, 0, -9)
[13:43:53.882] [DEBUG] [24424] [World.cpp:137] [Tetra::World::load_chunk] Loaded chunk at (-2, 0, -9)
[13:43:53.882] [DEBUG] [24424] [World.cpp:162] [Tetra::World::unload_chunk] Unloaded chunk at (-9, 0, 5)
[13:43:53.882] [DEBUG] [24424] [World.cpp:162] [Tetra::World::unload_chunk] Unloaded chunk at (-9, 0, 6)
[13:43:53.882] [DEBUG] [24424] [World.cpp:162] [Tetra::World::unload_chunk] Unloaded chunk at (-9, 0, 7)
[13:43:53.882] [DEBUG] [24424] [World.cpp:162] [Tetra::World::unload_chunk] Unloaded chunk at (-9, 1, -8)
[13:43:53.882] [DEBUG] [24424] [World.cpp:162] [Tetra::World::unload_chunk] Unloaded chunk at (-9, 1, -6)
[13:43:53.882] [DEBUG] [24424] [World.cpp:366] [Tetra::World::update] Deleting chunk after 6 frames wait
[13:43:53.883] [DEBUG] [24424] [World.cpp:366] [Tetra::World::update] Deleting chunk after 6 frames wait
[13:43:53.883] [DEBUG] [24424] [World.cpp:366] [Tetra::World::update] Deleting chunk after 6 frames wait
[13:43:53.883] [DEBUG] [24424] [World.cpp:366] [Tetra::World::update] Deleting chunk after 6 frames wait
[13:43:53.884] [DEBUG] [24424] [World.cpp:366] [Tetra::World::update] Deleting chunk after 6 frames wait
[13:43:53.885] [DEBUG] [7548] [World.cpp:252] [Tetra::World::mesh_chunk] Timer 'Chunk mesh generation' started
[13:43:53.897] [DEBUG] [3000] [World.cpp:252] [Tetra::World::mesh_chunk] Timer 'Chunk mesh generation' completed in 63138 microseconds
[13:43:53.898] [DEBUG] [24424] [World.cpp:137] [Tetra::World::load_chunk] Loaded chunk at (-4, 1, -9)
[13:43:53.899] [DEBUG] [24424] [World.cpp:137] [Tetra::World::load_chunk] Loaded chunk at (8, 1, -1)
[13:43:53.899] [DEBUG] [24424] [World.cpp:162] [Tetra::World::unload_chunk] Unloaded chunk at (-9, 1, -5)
[13:43:53.899] [DEBUG] [24424] [World.cpp:162] [Tetra::World::unload_chunk] Unloaded chunk at (-9, 1, -4)
[13:43:53.899] [DEBUG] [24424] [World.cpp:162] [Tetra::World::unload_chunk] Unloaded chunk at (-9, 1, -3)
[13:43:53.899] [DEBUG] [24424] [World.cpp:162] [Tetra::World::unload_chunk] Unloaded chunk at (-9, 1, -1)
[13:43:53.899] [DEBUG] [24424] [World.cpp:162] [Tetra::World::unload_chunk] Unloaded chunk at (-9, 1, 1)
[13:43:53.899] [DEBUG] [24424] [World.cpp:366] [Tetra::World::update] Deleting chunk after 6 frames wait
[13:43:53.899] [DEBUG] [24424] [World.cpp:366] [Tetra::World::update] Deleting chunk after 6 frames wait
[13:43:53.900] [DEBUG] [24424] [World.cpp:366] [Tetra::World::update] Deleting chunk after 6 frames wait
[13:43:53.900] [DEBUG] [24424] [World.cpp:366] [Tetra::World::update] Deleting chunk after 6 frames wait
[13:43:53.900] [DEBUG] [24424] [World.cpp:366] [Tetra::World::update] Deleting chunk after 6 frames wait
[13:43:53.908] [DEBUG] [6252] [World.cpp:252] [Tetra::World::mesh_chunk] Timer 'Chunk mesh generation' completed in 57319 microseconds
[13:43:53.915] [DEBUG] [24424] [Renderer Core.cpp:130] [Oreginum::Renderer_Core::add] Added renderable (type: 0, id: 70), total renderables: 70
[13:43:53.915] [DEBUG] [24424] [Renderer Core.cpp:130] [Oreginum::Renderer_Core::add] Added renderable (type: 0, id: 71), total renderables: 71
[13:43:53.915] [DEBUG] [15884] [World.cpp:252] [Tetra::World::mesh_chunk] Timer 'Chunk mesh generation' started
[13:43:53.915] [DEBUG] [27128] [World.cpp:252] [Tetra::World::mesh_chunk] Timer 'Chunk mesh generation' started
[13:43:53.915] [DEBUG] [24424] [Renderer Core.cpp:154] [Oreginum::Renderer_Core::create_uniform_buffer] Creating uniform buffer: 13632 bytes for 71 renderables
[13:43:53.916] [DEBUG] [24424] [Renderer Core.cpp:157] [Oreginum::Renderer_Core::create_uniform_buffer] Uniform buffer created
[13:43:53.917] [DEBUG] [23020] [World.cpp:252] [Tetra::World::mesh_chunk] Timer 'Chunk mesh generation' completed in 66183 microseconds
[13:43:53.918] [DEBUG] [24424] [World.cpp:137] [Tetra::World::load_chunk] Loaded chunk at (-3, -3, -9)
[13:43:53.918] [DEBUG] [24424] [World.cpp:137] [Tetra::World::load_chunk] Loaded chunk at (8, 0, -2)
[13:43:53.918] [DEBUG] [24424] [World.cpp:366] [Tetra::World::update] Deleting chunk after 6 frames wait
[13:43:53.919] [DEBUG] [24424] [World.cpp:366] [Tetra::World::update] Deleting chunk after 6 frames wait
[13:43:53.919] [DEBUG] [24424] [World.cpp:366] [Tetra::World::update] Deleting chunk after 6 frames wait
[13:43:53.919] [DEBUG] [24424] [World.cpp:366] [Tetra::World::update] Deleting chunk after 6 frames wait
[13:43:53.920] [DEBUG] [24424] [World.cpp:366] [Tetra::World::update] Deleting chunk after 6 frames wait
[13:43:53.933] [DEBUG] [24424] [Renderer Core.cpp:130] [Oreginum::Renderer_Core::add] Added renderable (type: 0, id: 72), total renderables: 72
[13:43:53.933] [DEBUG] [24424] [Renderer Core.cpp:154] [Oreginum::Renderer_Core::create_uniform_buffer] Creating uniform buffer: 13824 bytes for 72 renderables
[13:43:53.934] [DEBUG] [28288] [World.cpp:252] [Tetra::World::mesh_chunk] Timer 'Chunk mesh generation' started
[13:43:53.934] [DEBUG] [24424] [Renderer Core.cpp:157] [Oreginum::Renderer_Core::create_uniform_buffer] Uniform buffer created
[13:43:53.935] [DEBUG] [24424] [World.cpp:137] [Tetra::World::load_chunk] Loaded chunk at (-1, -1, -9)
[13:43:53.936] [DEBUG] [24424] [World.cpp:137] [Tetra::World::load_chunk] Loaded chunk at (-3, -2, -9)
[13:43:53.936] [DEBUG] [24424] [World.cpp:366] [Tetra::World::update] Deleting chunk after 6 frames wait
[13:43:53.936] [DEBUG] [24424] [World.cpp:366] [Tetra::World::update] Deleting chunk after 6 frames wait
[13:43:53.937] [DEBUG] [24424] [World.cpp:366] [Tetra::World::update] Deleting chunk after 6 frames wait
[13:43:53.937] [DEBUG] [24424] [World.cpp:366] [Tetra::World::update] Deleting chunk after 6 frames wait
[13:43:53.937] [DEBUG] [24424] [World.cpp:366] [Tetra::World::update] Deleting chunk after 6 frames wait
[13:43:53.948] [DEBUG] [24424] [Renderer Core.cpp:130] [Oreginum::Renderer_Core::add] Added renderable (type: 0, id: 73), total renderables: 73
[13:43:53.948] [DEBUG] [24424] [Renderer Core.cpp:130] [Oreginum::Renderer_Core::add] Added renderable (type: 0, id: 74), total renderables: 74
[13:43:53.948] [DEBUG] [24424] [Renderer Core.cpp:154] [Oreginum::Renderer_Core::create_uniform_buffer] Creating uniform buffer: 14208 bytes for 74 renderables
[13:43:53.949] [DEBUG] [24424] [Renderer Core.cpp:157] [Oreginum::Renderer_Core::create_uniform_buffer] Uniform buffer created
[13:43:53.950] [DEBUG] [24424] [World.cpp:137] [Tetra::World::load_chunk] Loaded chunk at (8, 1, -2)
[13:43:53.951] [DEBUG] [24424] [World.cpp:137] [Tetra::World::load_chunk] Loaded chunk at (-1, -2, -9)
[13:43:53.951] [DEBUG] [24424] [World.cpp:366] [Tetra::World::update] Deleting chunk after 6 frames wait
[13:43:53.951] [DEBUG] [24424] [World.cpp:366] [Tetra::World::update] Deleting chunk after 6 frames wait
[13:43:53.952] [DEBUG] [24424] [World.cpp:366] [Tetra::World::update] Deleting chunk after 6 frames wait
[13:43:53.952] [DEBUG] [24424] [World.cpp:366] [Tetra::World::update] Deleting chunk after 6 frames wait
[13:43:53.952] [DEBUG] [24424] [World.cpp:366] [Tetra::World::update] Deleting chunk after 6 frames wait
[13:43:53.965] [DEBUG] [24424] [World.cpp:137] [Tetra::World::load_chunk] Loaded chunk at (-3, -1, -9)
[13:43:53.965] [DEBUG] [24424] [World.cpp:137] [Tetra::World::load_chunk] Loaded chunk at (8, -2, -2)
[13:43:53.965] [DEBUG] [24424] [World.cpp:366] [Tetra::World::update] Deleting chunk after 6 frames wait
[13:43:53.966] [DEBUG] [24424] [World.cpp:366] [Tetra::World::update] Deleting chunk after 6 frames wait
[13:43:53.966] [DEBUG] [24424] [World.cpp:366] [Tetra::World::update] Deleting chunk after 6 frames wait
[13:43:53.966] [DEBUG] [24424] [World.cpp:366] [Tetra::World::update] Deleting chunk after 6 frames wait
[13:43:53.966] [DEBUG] [24424] [World.cpp:366] [Tetra::World::update] Deleting chunk after 6 frames wait
[13:43:53.976] [DEBUG] [7548] [World.cpp:252] [Tetra::World::mesh_chunk] Timer 'Chunk mesh generation' completed in 91281 microseconds
[13:43:53.981] [DEBUG] [24424] [World.cpp:137] [Tetra::World::load_chunk] Loaded chunk at (-1, 1, -9)
[13:43:53.982] [DEBUG] [24424] [World.cpp:137] [Tetra::World::load_chunk] Loaded chunk at (-3, 0, -9)
[13:43:53.982] [DEBUG] [24424] [World.cpp:366] [Tetra::World::update] Deleting chunk after 6 frames wait
[13:43:53.982] [DEBUG] [24424] [World.cpp:366] [Tetra::World::update] Deleting chunk after 6 frames wait
[13:43:53.983] [DEBUG] [24424] [World.cpp:366] [Tetra::World::update] Deleting chunk after 6 frames wait
[13:43:53.983] [DEBUG] [24424] [World.cpp:366] [Tetra::World::update] Deleting chunk after 6 frames wait
[13:43:53.983] [DEBUG] [24424] [World.cpp:366] [Tetra::World::update] Deleting chunk after 6 frames wait
[13:43:53.993] [DEBUG] [28288] [World.cpp:252] [Tetra::World::mesh_chunk] Timer 'Chunk mesh generation' completed in 59554 microseconds
[13:43:53.997] [DEBUG] [15884] [World.cpp:252] [Tetra::World::mesh_chunk] Timer 'Chunk mesh generation' completed in 81768 microseconds
[13:43:53.997] [DEBUG] [24424] [Renderer Core.cpp:130] [Oreginum::Renderer_Core::add] Added renderable (type: 0, id: 75), total renderables: 75
[13:43:53.998] [DEBUG] [25848] [World.cpp:252] [Tetra::World::mesh_chunk] Timer 'Chunk mesh generation' started
[13:43:53.998] [DEBUG] [24424] [Renderer Core.cpp:154] [Oreginum::Renderer_Core::create_uniform_buffer] Creating uniform buffer: 14400 bytes for 75 renderables
[13:43:53.998] [DEBUG] [7176] [World.cpp:252] [Tetra::World::mesh_chunk] Timer 'Chunk mesh generation' started
[13:43:53.998] [DEBUG] [2924] [World.cpp:252] [Tetra::World::mesh_chunk] Timer 'Chunk mesh generation' started
[13:43:53.999] [DEBUG] [24424] [Renderer Core.cpp:157] [Oreginum::Renderer_Core::create_uniform_buffer] Uniform buffer created
[13:43:54.000] [DEBUG] [24424] [World.cpp:137] [Tetra::World::load_chunk] Loaded chunk at (8, -1, -2)
[13:43:54.001] [DEBUG] [24424] [World.cpp:137] [Tetra::World::load_chunk] Loaded chunk at (8, -3, -1)
[13:43:54.001] [DEBUG] [24424] [World.cpp:366] [Tetra::World::update] Deleting chunk after 6 frames wait
[13:43:54.001] [DEBUG] [24424] [World.cpp:366] [Tetra::World::update] Deleting chunk after 6 frames wait
[13:43:54.001] [DEBUG] [24424] [World.cpp:366] [Tetra::World::update] Deleting chunk after 6 frames wait
[13:43:54.001] [DEBUG] [24424] [World.cpp:366] [Tetra::World::update] Deleting chunk after 6 frames wait
[13:43:54.001] [DEBUG] [24424] [World.cpp:366] [Tetra::World::update] Deleting chunk after 6 frames wait
[13:43:54.014] [DEBUG] [24424] [Renderer Core.cpp:130] [Oreginum::Renderer_Core::add] Added renderable (type: 0, id: 76), total renderables: 76
[13:43:54.015] [DEBUG] [24424] [Renderer Core.cpp:154] [Oreginum::Renderer_Core::create_uniform_buffer] Creating uniform buffer: 14592 bytes for 76 renderables
[13:43:54.016] [DEBUG] [24424] [Renderer Core.cpp:157] [Oreginum::Renderer_Core::create_uniform_buffer] Uniform buffer created
[13:43:54.018] [DEBUG] [24424] [World.cpp:137] [Tetra::World::load_chunk] Loaded chunk at (-1, 0, -9)
[13:43:54.019] [DEBUG] [24424] [World.cpp:137] [Tetra::World::load_chunk] Loaded chunk at (-3, 1, -9)
[13:43:54.023] [DEBUG] [27128] [World.cpp:252] [Tetra::World::mesh_chunk] Timer 'Chunk mesh generation' completed in 107786 microseconds
[13:43:54.034] [DEBUG] [24424] [Renderer Core.cpp:130] [Oreginum::Renderer_Core::add] Added renderable (type: 0, id: 77), total renderables: 77
[13:43:54.034] [DEBUG] [24424] [Renderer Core.cpp:130] [Oreginum::Renderer_Core::add] Added renderable (type: 0, id: 78), total renderables: 78
[13:43:54.034] [DEBUG] [24424] [Renderer Core.cpp:154] [Oreginum::Renderer_Core::create_uniform_buffer] Creating uniform buffer: 14976 bytes for 78 renderables
[13:43:54.034] [DEBUG] [19596] [World.cpp:252] [Tetra::World::mesh_chunk] Timer 'Chunk mesh generation' started
[13:43:54.035] [DEBUG] [24424] [Renderer Core.cpp:157] [Oreginum::Renderer_Core::create_uniform_buffer] Uniform buffer created
[13:43:54.036] [DEBUG] [24424] [World.cpp:137] [Tetra::World::load_chunk] Loaded chunk at (-2, -3, -9)
[13:43:54.037] [DEBUG] [24424] [World.cpp:137] [Tetra::World::load_chunk] Loaded chunk at (8, 0, -1)
[13:43:54.048] [DEBUG] [24424] [Renderer Core.cpp:130] [Oreginum::Renderer_Core::add] Added renderable (type: 0, id: 79), total renderables: 79
[13:43:54.048] [DEBUG] [24424] [Renderer Core.cpp:154] [Oreginum::Renderer_Core::create_uniform_buffer] Creating uniform buffer: 15168 bytes for 79 renderables
[13:43:54.049] [DEBUG] [24424] [Renderer Core.cpp:157] [Oreginum::Renderer_Core::create_uniform_buffer] Uniform buffer created
[13:43:54.050] [DEBUG] [24424] [World.cpp:137] [Tetra::World::load_chunk] Loaded chunk at (-1, -3, -9)
[13:43:54.051] [DEBUG] [24424] [World.cpp:137] [Tetra::World::load_chunk] Loaded chunk at (4, -1, -9)
[13:43:54.051] [DEBUG] [25848] [World.cpp:252] [Tetra::World::mesh_chunk] Timer 'Chunk mesh generation' completed in 53190 microseconds
[13:43:54.065] [DEBUG] [24424] [World.cpp:137] [Tetra::World::load_chunk] Loaded chunk at (0, -3, -9)
[13:43:54.066] [DEBUG] [24424] [World.cpp:137] [Tetra::World::load_chunk] Loaded chunk at (0, -2, -9)
[13:43:54.077] [DEBUG] [2924] [World.cpp:252] [Tetra::World::mesh_chunk] Timer 'Chunk mesh generation' completed in 78573 microseconds
[13:43:54.080] [DEBUG] [7176] [World.cpp:252] [Tetra::World::mesh_chunk] Timer 'Chunk mesh generation' completed in 81471 microseconds
[13:43:54.081] [DEBUG] [24424] [Renderer Core.cpp:130] [Oreginum::Renderer_Core::add] Added renderable (type: 0, id: 80), total renderables: 80
[13:43:54.082] [DEBUG] [17472] [World.cpp:252] [Tetra::World::mesh_chunk] Timer 'Chunk mesh generation' started
[13:43:54.082] [DEBUG] [24424] [Renderer Core.cpp:154] [Oreginum::Renderer_Core::create_uniform_buffer] Creating uniform buffer: 15360 bytes for 80 renderables
[13:43:54.082] [DEBUG] [16124] [World.cpp:252] [Tetra::World::mesh_chunk] Timer 'Chunk mesh generation' started
[13:43:54.082] [DEBUG] [3548] [World.cpp:252] [Tetra::World::mesh_chunk] Timer 'Chunk mesh generation' started
[13:43:54.082] [DEBUG] [24424] [Renderer Core.cpp:157] [Oreginum::Renderer_Core::create_uniform_buffer] Uniform buffer created
[13:43:54.083] [DEBUG] [24424] [World.cpp:137] [Tetra::World::load_chunk] Loaded chunk at (4, -3, -9)
[13:43:54.084] [DEBUG] [24424] [World.cpp:137] [Tetra::World::load_chunk] Loaded chunk at (0, -1, -9)
[13:43:54.085] [DEBUG] [19596] [World.cpp:252] [Tetra::World::mesh_chunk] Timer 'Chunk mesh generation' completed in 50630 microseconds
[13:43:54.098] [DEBUG] [24424] [Renderer Core.cpp:130] [Oreginum::Renderer_Core::add] Added renderable (type: 0, id: 81), total renderables: 81
[13:43:54.098] [DEBUG] [24424] [Renderer Core.cpp:154] [Oreginum::Renderer_Core::create_uniform_buffer] Creating uniform buffer: 15552 bytes for 81 renderables
[13:43:54.098] [DEBUG] [6728] [World.cpp:252] [Tetra::World::mesh_chunk] Timer 'Chunk mesh generation' started
[13:43:54.099] [DEBUG] [24424] [Renderer Core.cpp:157] [Oreginum::Renderer_Core::create_uniform_buffer] Uniform buffer created
[13:43:54.100] [DEBUG] [24424] [World.cpp:137] [Tetra::World::load_chunk] Loaded chunk at (0, 0, -9)
[13:43:54.100] [DEBUG] [24424] [World.cpp:137] [Tetra::World::load_chunk] Loaded chunk at (0, 1, -9)
[13:43:54.114] [DEBUG] [24424] [Renderer Core.cpp:130] [Oreginum::Renderer_Core::add] Added renderable (type: 0, id: 82), total renderables: 82
[13:43:54.115] [DEBUG] [24424] [Renderer Core.cpp:154] [Oreginum::Renderer_Core::create_uniform_buffer] Creating uniform buffer: 15744 bytes for 82 renderables
[13:43:54.115] [DEBUG] [24424] [Renderer Core.cpp:157] [Oreginum::Renderer_Core::create_uniform_buffer] Uniform buffer created
[13:43:54.117] [DEBUG] [24424] [World.cpp:137] [Tetra::World::load_chunk] Loaded chunk at (5, -1, -9)
[13:43:54.117] [DEBUG] [24424] [World.cpp:137] [Tetra::World::load_chunk] Loaded chunk at (1, -3, -9)
[13:43:54.131] [DEBUG] [24424] [Renderer Core.cpp:130] [Oreginum::Renderer_Core::add] Added renderable (type: 0, id: 83), total renderables: 83
[13:43:54.131] [DEBUG] [24424] [Renderer Core.cpp:154] [Oreginum::Renderer_Core::create_uniform_buffer] Creating uniform buffer: 15936 bytes for 83 renderables
[13:43:54.132] [DEBUG] [24424] [Renderer Core.cpp:157] [Oreginum::Renderer_Core::create_uniform_buffer] Uniform buffer created
[13:43:54.134] [DEBUG] [24424] [World.cpp:137] [Tetra::World::load_chunk] Loaded chunk at (1, -2, -9)
[13:43:54.134] [DEBUG] [24424] [World.cpp:137] [Tetra::World::load_chunk] Loaded chunk at (5, -3, -9)
[13:43:54.135] [DEBUG] [3548] [World.cpp:252] [Tetra::World::mesh_chunk] Timer 'Chunk mesh generation' completed in 53769 microseconds
[13:43:54.149] [DEBUG] [24424] [World.cpp:137] [Tetra::World::load_chunk] Loaded chunk at (1, -1, -9)
[13:43:54.149] [DEBUG] [17472] [World.cpp:252] [Tetra::World::mesh_chunk] Timer 'Chunk mesh generation' completed in 67496 microseconds
[13:43:54.150] [DEBUG] [24424] [World.cpp:137] [Tetra::World::load_chunk] Loaded chunk at (1, 0, -9)
[13:43:54.153] [DEBUG] [6728] [World.cpp:252] [Tetra::World::mesh_chunk] Timer 'Chunk mesh generation' completed in 55203 microseconds
[13:43:54.162] [DEBUG] [16124] [World.cpp:252] [Tetra::World::mesh_chunk] Timer 'Chunk mesh generation' completed in 80138 microseconds
[13:43:54.165] [DEBUG] [24424] [Renderer Core.cpp:130] [Oreginum::Renderer_Core::add] Added renderable (type: 0, id: 84), total renderables: 84
[13:43:54.165] [DEBUG] [24424] [Renderer Core.cpp:154] [Oreginum::Renderer_Core::create_uniform_buffer] Creating uniform buffer: 16128 bytes for 84 renderables
[13:43:54.166] [DEBUG] [24424] [Renderer Core.cpp:157] [Oreginum::Renderer_Core::create_uniform_buffer] Uniform buffer created
[13:43:54.167] [DEBUG] [24424] [World.cpp:137] [Tetra::World::load_chunk] Loaded chunk at (1, 1, -9)
[13:43:54.168] [DEBUG] [24424] [World.cpp:137] [Tetra::World::load_chunk] Loaded chunk at (2, -3, -9)
[13:43:54.181] [DEBUG] [24424] [Renderer Core.cpp:130] [Oreginum::Renderer_Core::add] Added renderable (type: 0, id: 85), total renderables: 85
[13:43:54.181] [DEBUG] [24424] [Renderer Core.cpp:154] [Oreginum::Renderer_Core::create_uniform_buffer] Creating uniform buffer: 16320 bytes for 85 renderables
[13:43:54.182] [DEBUG] [24424] [Renderer Core.cpp:157] [Oreginum::Renderer_Core::create_uniform_buffer] Uniform buffer created
[13:43:54.183] [DEBUG] [24424] [World.cpp:137] [Tetra::World::load_chunk] Loaded chunk at (2, -2, -9)
[13:43:54.184] [DEBUG] [24424] [World.cpp:137] [Tetra::World::load_chunk] Loaded chunk at (2, -1, -9)
[13:43:54.198] [DEBUG] [24424] [Renderer Core.cpp:130] [Oreginum::Renderer_Core::add] Added renderable (type: 0, id: 86), total renderables: 86
[13:43:54.198] [DEBUG] [24424] [Renderer Core.cpp:154] [Oreginum::Renderer_Core::create_uniform_buffer] Creating uniform buffer: 16512 bytes for 86 renderables
[13:43:54.199] [DEBUG] [24424] [Renderer Core.cpp:157] [Oreginum::Renderer_Core::create_uniform_buffer] Uniform buffer created
[13:43:54.200] [DEBUG] [24424] [World.cpp:137] [Tetra::World::load_chunk] Loaded chunk at (2, 0, -9)
[13:43:54.201] [DEBUG] [24424] [World.cpp:137] [Tetra::World::load_chunk] Loaded chunk at (2, 1, -9)
[13:43:54.215] [DEBUG] [24424] [Renderer Core.cpp:130] [Oreginum::Renderer_Core::add] Added renderable (type: 0, id: 87), total renderables: 87
[13:43:54.215] [DEBUG] [24424] [Renderer Core.cpp:154] [Oreginum::Renderer_Core::create_uniform_buffer] Creating uniform buffer: 16704 bytes for 87 renderables
[13:43:54.215] [DEBUG] [24424] [Renderer Core.cpp:157] [Oreginum::Renderer_Core::create_uniform_buffer] Uniform buffer created
[13:43:54.217] [DEBUG] [24424] [World.cpp:137] [Tetra::World::load_chunk] Loaded chunk at (3, -3, -9)
[13:43:54.217] [DEBUG] [24424] [World.cpp:137] [Tetra::World::load_chunk] Loaded chunk at (3, -2, -9)
[13:43:54.232] [DEBUG] [24424] [World.cpp:137] [Tetra::World::load_chunk] Loaded chunk at (3, -1, -9)
[13:43:54.232] [DEBUG] [24424] [World.cpp:137] [Tetra::World::load_chunk] Loaded chunk at (3, 0, -9)
[13:43:54.248] [DEBUG] [24424] [World.cpp:137] [Tetra::World::load_chunk] Loaded chunk at (3, 1, -9)
[13:43:54.249] [DEBUG] [24424] [World.cpp:137] [Tetra::World::load_chunk] Loaded chunk at (4, -2, -9)
[13:43:54.265] [DEBUG] [24424] [World.cpp:137] [Tetra::World::load_chunk] Loaded chunk at (4, 0, -9)
[13:43:54.266] [DEBUG] [24424] [World.cpp:137] [Tetra::World::load_chunk] Loaded chunk at (4, 1, -9)
[13:43:54.282] [DEBUG] [24424] [World.cpp:137] [Tetra::World::load_chunk] Loaded chunk at (5, -2, -9)
[13:43:54.282] [DEBUG] [24424] [World.cpp:137] [Tetra::World::load_chunk] Loaded chunk at (5, 0, -9)
[13:43:54.299] [DEBUG] [24424] [World.cpp:137] [Tetra::World::load_chunk] Loaded chunk at (5, 1, -9)
[13:43:54.299] [DEBUG] [24424] [World.cpp:137] [Tetra::World::load_chunk] Loaded chunk at (7, -3, -9)
[13:43:54.315] [DEBUG] [24424] [World.cpp:137] [Tetra::World::load_chunk] Loaded chunk at (7, -2, -9)
[13:43:54.316] [DEBUG] [24424] [World.cpp:137] [Tetra::World::load_chunk] Loaded chunk at (7, -1, -9)
[13:43:54.332] [DEBUG] [24424] [World.cpp:137] [Tetra::World::load_chunk] Loaded chunk at (7, 0, -9)
[13:43:54.333] [DEBUG] [24424] [World.cpp:137] [Tetra::World::load_chunk] Loaded chunk at (7, 1, -9)
[13:43:54.349] [DEBUG] [24424] [World.cpp:137] [Tetra::World::load_chunk] Loaded chunk at (8, -3, -9)
[13:43:54.349] [DEBUG] [24424] [World.cpp:137] [Tetra::World::load_chunk] Loaded chunk at (8, -3, -8)
[13:43:54.365] [DEBUG] [24424] [World.cpp:137] [Tetra::World::load_chunk] Loaded chunk at (8, -3, -7)
[13:43:54.366] [DEBUG] [24424] [World.cpp:137] [Tetra::World::load_chunk] Loaded chunk at (8, -3, -6)
[13:43:54.382] [DEBUG] [24424] [World.cpp:137] [Tetra::World::load_chunk] Loaded chunk at (8, -3, -5)
[13:43:54.383] [DEBUG] [24424] [World.cpp:137] [Tetra::World::load_chunk] Loaded chunk at (8, -1, -3)
[13:43:54.399] [DEBUG] [24424] [World.cpp:137] [Tetra::World::load_chunk] Loaded chunk at (8, -3, -4)
[13:43:54.399] [DEBUG] [24424] [World.cpp:137] [Tetra::World::load_chunk] Loaded chunk at (8, -1, -4)
[13:43:54.415] [DEBUG] [24424] [World.cpp:137] [Tetra::World::load_chunk] Loaded chunk at (8, -3, -3)
[13:43:54.416] [DEBUG] [24424] [World.cpp:137] [Tetra::World::load_chunk] Loaded chunk at (8, -1, -1)
[13:43:54.432] [DEBUG] [24424] [World.cpp:137] [Tetra::World::load_chunk] Loaded chunk at (8, -3, -2)
[13:43:54.433] [DEBUG] [24424] [World.cpp:137] [Tetra::World::load_chunk] Loaded chunk at (8, -1, 1)
[13:43:54.449] [DEBUG] [24424] [World.cpp:137] [Tetra::World::load_chunk] Loaded chunk at (8, -3, 0)
[13:43:54.449] [DEBUG] [24424] [World.cpp:137] [Tetra::World::load_chunk] Loaded chunk at (8, -1, 0)
[13:43:54.465] [DEBUG] [24424] [World.cpp:137] [Tetra::World::load_chunk] Loaded chunk at (8, -3, 1)
[13:43:54.466] [DEBUG] [24424] [World.cpp:137] [Tetra::World::load_chunk] Loaded chunk at (8, -1, 3)
[13:43:54.482] [DEBUG] [24424] [World.cpp:137] [Tetra::World::load_chunk] Loaded chunk at (8, -3, 2)
[13:43:54.483] [DEBUG] [24424] [World.cpp:137] [Tetra::World::load_chunk] Loaded chunk at (8, -1, 2)
[13:43:54.499] [DEBUG] [24424] [World.cpp:137] [Tetra::World::load_chunk] Loaded chunk at (8, -3, 3)
[13:43:54.499] [DEBUG] [24424] [World.cpp:137] [Tetra::World::load_chunk] Loaded chunk at (8, -1, 5)
[13:43:54.515] [DEBUG] [24424] [World.cpp:137] [Tetra::World::load_chunk] Loaded chunk at (8, -3, 4)
[13:43:54.516] [DEBUG] [24424] [World.cpp:137] [Tetra::World::load_chunk] Loaded chunk at (8, -1, 4)
[13:43:54.532] [DEBUG] [24424] [World.cpp:137] [Tetra::World::load_chunk] Loaded chunk at (8, -3, 5)
[13:43:54.532] [DEBUG] [24424] [World.cpp:137] [Tetra::World::load_chunk] Loaded chunk at (8, -1, 7)
[13:43:54.548] [DEBUG] [24424] [World.cpp:137] [Tetra::World::load_chunk] Loaded chunk at (8, -3, 6)
[13:43:54.549] [DEBUG] [24424] [World.cpp:137] [Tetra::World::load_chunk] Loaded chunk at (8, -1, 6)
[13:43:54.565] [DEBUG] [24424] [World.cpp:137] [Tetra::World::load_chunk] Loaded chunk at (8, -3, 7)
[13:43:54.566] [DEBUG] [24424] [World.cpp:137] [Tetra::World::load_chunk] Loaded chunk at (8, -2, -9)
[13:43:54.583] [DEBUG] [24424] [World.cpp:137] [Tetra::World::load_chunk] Loaded chunk at (8, -2, -8)
[13:43:54.584] [DEBUG] [24424] [World.cpp:137] [Tetra::World::load_chunk] Loaded chunk at (8, -2, -7)
[13:43:54.600] [DEBUG] [24424] [World.cpp:137] [Tetra::World::load_chunk] Loaded chunk at (8, -2, -6)
[13:43:54.601] [DEBUG] [24424] [World.cpp:137] [Tetra::World::load_chunk] Loaded chunk at (8, -2, -5)
[13:43:54.615] [DEBUG] [24424] [World.cpp:137] [Tetra::World::load_chunk] Loaded chunk at (8, -2, -4)
[13:43:54.616] [DEBUG] [24424] [World.cpp:137] [Tetra::World::load_chunk] Loaded chunk at (8, -2, -3)
[13:43:54.632] [DEBUG] [24424] [World.cpp:137] [Tetra::World::load_chunk] Loaded chunk at (8, -2, -1)
[13:43:54.632] [DEBUG] [24424] [World.cpp:137] [Tetra::World::load_chunk] Loaded chunk at (8, -2, 0)
[13:43:54.648] [DEBUG] [24424] [World.cpp:137] [Tetra::World::load_chunk] Loaded chunk at (8, -2, 1)
[13:43:54.649] [DEBUG] [24424] [World.cpp:137] [Tetra::World::load_chunk] Loaded chunk at (8, -2, 2)
[13:43:54.665] [DEBUG] [24424] [World.cpp:137] [Tetra::World::load_chunk] Loaded chunk at (8, -2, 3)
[13:43:54.666] [DEBUG] [24424] [World.cpp:137] [Tetra::World::load_chunk] Loaded chunk at (8, -2, 4)
[13:43:54.682] [DEBUG] [24424] [World.cpp:137] [Tetra::World::load_chunk] Loaded chunk at (8, -2, 5)
[13:43:54.682] [DEBUG] [24424] [World.cpp:137] [Tetra::World::load_chunk] Loaded chunk at (8, -2, 6)
[13:43:54.698] [DEBUG] [24424] [World.cpp:137] [Tetra::World::load_chunk] Loaded chunk at (8, -2, 7)
[13:43:54.699] [DEBUG] [24424] [World.cpp:137] [Tetra::World::load_chunk] Loaded chunk at (8, -1, -9)
[13:43:54.715] [DEBUG] [24424] [World.cpp:137] [Tetra::World::load_chunk] Loaded chunk at (8, -1, -8)
[13:43:54.716] [DEBUG] [24424] [World.cpp:137] [Tetra::World::load_chunk] Loaded chunk at (8, -1, -7)
[13:43:54.732] [DEBUG] [24424] [World.cpp:137] [Tetra::World::load_chunk] Loaded chunk at (8, -1, -6)
[13:43:54.732] [DEBUG] [24424] [World.cpp:137] [Tetra::World::load_chunk] Loaded chunk at (8, -1, -5)
[13:43:54.748] [DEBUG] [24424] [World.cpp:137] [Tetra::World::load_chunk] Loaded chunk at (8, 0, -9)
[13:43:54.749] [DEBUG] [24424] [World.cpp:137] [Tetra::World::load_chunk] Loaded chunk at (8, 0, -8)
[13:43:54.765] [DEBUG] [24424] [World.cpp:137] [Tetra::World::load_chunk] Loaded chunk at (8, 0, -7)
[13:43:54.765] [DEBUG] [24424] [World.cpp:137] [Tetra::World::load_chunk] Loaded chunk at (8, 0, -6)
[13:43:54.781] [DEBUG] [24424] [World.cpp:137] [Tetra::World::load_chunk] Loaded chunk at (8, 0, -5)
[13:43:54.782] [DEBUG] [24424] [World.cpp:137] [Tetra::World::load_chunk] Loaded chunk at (8, 0, -4)
[13:43:54.798] [DEBUG] [24424] [World.cpp:137] [Tetra::World::load_chunk] Loaded chunk at (8, 0, -3)
[13:43:54.799] [DEBUG] [24424] [World.cpp:137] [Tetra::World::load_chunk] Loaded chunk at (8, 0, 0)
[13:43:54.814] [DEBUG] [24424] [World.cpp:137] [Tetra::World::load_chunk] Loaded chunk at (8, 0, 1)
[13:43:54.815] [DEBUG] [24424] [World.cpp:137] [Tetra::World::load_chunk] Loaded chunk at (8, 0, 2)
[13:43:54.831] [DEBUG] [24424] [World.cpp:137] [Tetra::World::load_chunk] Loaded chunk at (8, 0, 3)
[13:43:54.832] [DEBUG] [24424] [World.cpp:137] [Tetra::World::load_chunk] Loaded chunk at (8, 0, 4)
[13:43:54.848] [DEBUG] [24424] [World.cpp:137] [Tetra::World::load_chunk] Loaded chunk at (8, 0, 5)
[13:43:54.848] [DEBUG] [24424] [World.cpp:137] [Tetra::World::load_chunk] Loaded chunk at (8, 0, 6)
[13:43:54.865] [DEBUG] [24424] [World.cpp:137] [Tetra::World::load_chunk] Loaded chunk at (8, 0, 7)
[13:43:54.865] [DEBUG] [24424] [World.cpp:137] [Tetra::World::load_chunk] Loaded chunk at (8, 1, -9)
[13:43:54.882] [DEBUG] [24424] [World.cpp:137] [Tetra::World::load_chunk] Loaded chunk at (8, 1, -8)
[13:43:54.882] [DEBUG] [24424] [World.cpp:137] [Tetra::World::load_chunk] Loaded chunk at (8, 1, -7)
[13:43:54.898] [DEBUG] [24424] [World.cpp:137] [Tetra::World::load_chunk] Loaded chunk at (8, 1, -6)
[13:43:54.899] [DEBUG] [24424] [World.cpp:137] [Tetra::World::load_chunk] Loaded chunk at (8, 1, -5)
[13:43:54.915] [DEBUG] [24424] [World.cpp:137] [Tetra::World::load_chunk] Loaded chunk at (8, 1, -4)
[13:43:54.916] [DEBUG] [24424] [World.cpp:137] [Tetra::World::load_chunk] Loaded chunk at (8, 1, -3)
[13:43:54.931] [DEBUG] [24424] [World.cpp:137] [Tetra::World::load_chunk] Loaded chunk at (8, 1, 0)
[13:43:54.932] [DEBUG] [24424] [World.cpp:137] [Tetra::World::load_chunk] Loaded chunk at (8, 1, 1)
[13:43:54.948] [DEBUG] [24424] [World.cpp:137] [Tetra::World::load_chunk] Loaded chunk at (8, 1, 2)
[13:43:54.949] [DEBUG] [24424] [World.cpp:137] [Tetra::World::load_chunk] Loaded chunk at (8, 1, 3)
[13:43:54.965] [DEBUG] [24424] [World.cpp:137] [Tetra::World::load_chunk] Loaded chunk at (8, 1, 4)
[13:43:54.965] [DEBUG] [24424] [World.cpp:137] [Tetra::World::load_chunk] Loaded chunk at (8, 1, 5)
[13:43:54.981] [DEBUG] [24424] [World.cpp:137] [Tetra::World::load_chunk] Loaded chunk at (8, 1, 6)
[13:43:54.982] [DEBUG] [24424] [World.cpp:137] [Tetra::World::load_chunk] Loaded chunk at (8, 1, 7)
[13:43:58.384] [DEBUG] [24424] [World.cpp:456] [Tetra::World::update] World stats - Loaded chunks: 1450, Deletion queue: 0, Add queue: 0
[13:43:58.568] [INFO] [24424] [Main.cpp:42] [WinMain] Main game loop exited
[13:43:58.568] [INFO] [24424] [Core.cpp:74] [Oreginum::Core::destroy] Shutting down Voxceleron2 Engine
[13:43:58.568] [INFO] [24424] [Window.cpp:108] [Oreginum::Window::destroy] Destroying window
[13:43:58.573] [DEBUG] [24424] [Window.cpp:41] [`anonymous-namespace'::window_callback] Window lost focus
[13:43:58.577] [DEBUG] [24424] [Window.cpp:110] [Oreginum::Window::destroy] Window destroyed
[13:43:58.583] [INFO] [24424] [MemoryTracker.cpp:31] [Oreginum::MemoryTracker::log_stats] Memory Statistics:
[13:43:58.584] [INFO] [24424] [MemoryTracker.cpp:32] [Oreginum::MemoryTracker::log_stats]   Total allocated: 658374656 bytes
[13:43:58.584] [INFO] [24424] [MemoryTracker.cpp:33] [Oreginum::MemoryTracker::log_stats]   Total deallocated: 658374656 bytes
[13:43:58.584] [INFO] [24424] [MemoryTracker.cpp:34] [Oreginum::MemoryTracker::log_stats]   Current usage: 0 bytes
[13:43:58.584] [INFO] [24424] [MemoryTracker.cpp:35] [Oreginum::MemoryTracker::log_stats]   Peak usage: 34865152 bytes
[13:43:58.584] [INFO] [24424] [MemoryTracker.cpp:36] [Oreginum::MemoryTracker::log_stats]   Active allocations: 521

======================================
Voxceleron2 Engine Log Ended
Ended at: 2026-04-18 13:43:58
======================================
